OrderID,OrderDate,CustomerID,ProductID,Quantity,Discount,UnitPrice,CostPrice,SalesAmount,Profit,Region,OrderStatus
ORD05680,2024-01-01,CUST0259,P0129,3,0.1,43850.97,27932.89,118397.62,34598.95,South,Completed
ORD02776,2024-01-01,CUST0512,P0148,1,0.1,15484.78,9786.06,13936.3,4150.24,South,Completed
ORD08993,2024-01-01,CUST0295,P0004,3,0.05,20696.25,15931.27,58984.31,11190.5,South,Completed
ORD08607,2024-01-01,CUST0548,P0081,1,0.1,11112.68,6733.47,10001.41,3267.94,West,Completed
ORD05612,2024-01-01,CUST0966,P0023,1,0.1,29957.89,23747.89,26962.1,3214.21,West,Completed
ORD08176,2024-01-01,CUST0494,P0105,3,0.0,17543.79,10886.17,52631.37,19972.86,South,Completed
ORD05017,2024-01-01,CUST0023,P0028,2,0.15,1126.53,825.36,1915.1,264.38,South,Completed
ORD02301,2024-01-01,CUST0521,P0040,3,0.0,568.55,361.32,1705.65,621.69,North,Completed
ORD04624,2024-01-01,CUST0513,P0014,2,0.1,18597.52,13817.51,33475.54,5840.52,North,Completed
ORD09247,2024-01-01,CUST0800,P0182,1,0.2,15590.28,12172.38,12472.22,299.84,North,Completed
ORD01560,2024-01-01,CUST0413,P0076,4,0.15,20055.1,12211.29,68187.34,19342.18,South,Completed
ORD00007,2024-01-01,CUST0842,P0122,3,0.15,17942.76,13133.8,45754.04,6352.64,North,Completed
ORD09547,2024-01-02,CUST0269,P0192,2,0.0,20821.66,13717.57,41643.32,14208.18,East,Completed
ORD05079,2024-01-02,CUST0208,P0012,2,0.0,4072.78,2687.49,8145.56,2770.58,South,Cancelled
ORD04266,2024-01-02,CUST0761,P0009,1,0.0,724.93,490.11,724.93,234.82,North,Completed
ORD09952,2024-01-02,CUST0708,P0071,2,0.0,35759.59,27998.22,71519.18,15522.74,East,Pending
ORD05867,2024-01-02,CUST0145,P0091,1,0.15,49350.46,32483.04,41947.89,9464.85,South,Completed
ORD07206,2024-01-02,CUST0334,P0028,2,0.0,1126.53,825.36,2253.06,602.34,East,Completed
ORD05020,2024-01-02,CUST0754,P0068,4,0.0,41326.98,32432.51,165307.92,35577.88,South,Completed
ORD02053,2024-01-02,CUST0840,P0052,1,0.1,7440.54,4865.29,6696.49,1831.2,South,Completed
ORD02036,2024-01-02,CUST0109,P0079,2,0.15,409.51,310.64,696.17,74.89,South,Completed
ORD02234,2024-01-02,CUST0648,P0070,1,0.1,56679.56,41863.05,51011.6,9148.55,West,Completed
ORD04580,2024-01-02,CUST0557,P0093,1,0.1,10189.0,5911.08,9170.1,3259.02,West,Completed
ORD07858,2024-01-02,CUST0705,P0022,2,0.1,68945.25,50670.94,124101.45,22759.57,West,Cancelled
ORD05431,2024-01-03,CUST0256,P0024,2,0.1,792.84,470.21,1427.11,486.69,North,Completed
ORD02539,2024-01-03,CUST0923,P0019,1,0.05,27844.42,18931.51,26452.2,7520.69,South,Completed
ORD06538,2024-01-03,CUST0550,P0102,1,0.05,4149.23,2427.22,3941.77,1514.55,South,Completed
ORD08679,2024-01-03,CUST0118,P0120,3,0.0,57866.38,42176.37,173599.14,47070.03,North,Completed
ORD05185,2024-01-03,CUST0306,P0162,2,0.2,46811.03,27452.25,74897.65,19993.15,East,Completed
ORD01614,2024-01-03,CUST0106,P0054,1,0.15,34828.61,21081.63,29604.32,8522.69,North,Completed
ORD03003,2024-01-03,CUST0738,P0161,2,0.0,36827.84,23163.81,73655.68,27328.06,South,Completed
ORD06464,2024-01-03,CUST0991,P0099,3,0.0,908.9,743.94,2726.7,494.88,North,Completed
ORD06927,2024-01-03,CUST0599,P0187,1,0.05,184.91,120.68,175.66,54.98,West,Completed
ORD04987,2024-01-03,CUST0840,P0186,1,0.0,36288.91,28203.52,36288.91,8085.39,South,Completed
ORD04931,2024-01-03,CUST0809,P0194,4,0.0,13118.34,8489.04,52473.36,18517.2,North,Cancelled
ORD05917,2024-01-03,CUST0262,P0139,1,0.05,26827.4,18117.75,25486.03,7368.28,West,Completed
ORD01355,2024-01-03,CUST0012,P0105,1,0.0,17543.79,10886.17,17543.79,6657.62,East,Completed
ORD03854,2024-01-03,CUST0537,P0148,1,0.1,15484.78,9786.06,13936.3,4150.24,West,Completed
ORD02715,2024-01-04,CUST0934,P0172,1,0.15,53066.45,36105.87,45106.48,9000.61,East,Completed
ORD07490,2024-01-04,CUST0200,P0085,1,0.0,73872.61,56554.21,73872.61,17318.4,North,Completed
ORD03357,2024-01-04,CUST0105,P0122,5,0.1,17942.76,13133.8,80742.42,15073.42,South,Completed
ORD07851,2024-01-04,CUST0653,P0131,2,0.05,896.08,597.69,1702.55,507.17,West,Completed
ORD07115,2024-01-04,CUST0335,P0029,1,0.05,1310.65,844.84,1245.12,400.28,South,Completed
ORD00770,2024-01-04,CUST0516,P0023,3,0.2,29957.89,23747.89,71898.94,655.27,East,Completed
ORD05834,2024-01-04,CUST0569,P0009,2,0.1,724.93,490.11,1304.87,324.65,West,Completed
ORD07822,2024-01-04,CUST0360,P0166,3,0.1,47059.67,34982.34,127061.11,22114.09,West,Completed
ORD09887,2024-01-04,CUST0018,P0048,2,0.0,1114.29,876.19,2228.58,476.2,West,Completed
ORD07087,2024-01-04,CUST0908,P0073,3,0.15,15561.42,10813.46,39681.62,7241.24,East,Completed
ORD07482,2024-01-05,CUST0607,P0186,1,0.1,36288.91,28203.52,32660.02,4456.5,South,Completed
ORD01775,2024-01-05,CUST0158,P0101,1,0.15,51632.3,38843.18,43887.46,5044.28,South,Completed
ORD01825,2024-01-05,CUST0323,P0155,2,0.0,9808.49,7104.6,19616.98,5407.78,East,Completed
ORD06395,2024-01-05,CUST0459,P0163,1,0.15,3768.33,3060.43,3203.08,142.65,South,Completed
ORD04964,2024-01-05,CUST0038,P0079,4,0.0,409.51,310.64,1638.04,395.48,North,Completed
ORD08706,2024-01-05,CUST0767,P0138,1,0.1,30903.45,21958.56,27813.1,5854.54,West,Completed
ORD02478,2024-01-05,CUST0053,P0080,2,0.05,67342.32,40846.14,127950.41,46258.13,East,Completed
ORD06972,2024-01-05,CUST0128,P0121,2,0.0,975.23,645.82,1950.46,658.82,South,Completed
ORD07819,2024-01-05,CUST0476,P0083,2,0.0,374.27,289.15,748.54,170.24,South,Completed
ORD00539,2024-01-05,CUST0509,P0026,1,0.0,53440.86,40308.66,53440.86,13132.2,West,Completed
ORD06337,2024-01-05,CUST0720,P0068,2,0.2,41326.98,32432.51,66123.17,1258.15,North,Completed
ORD03819,2024-01-05,CUST0612,P0060,1,0.05,32036.99,25220.68,30435.14,5214.46,South,Completed
ORD02541,2024-01-05,CUST0223,P0059,1,0.15,1247.06,804.27,1060.0,255.73,South,Completed
ORD09681,2024-01-05,CUST0465,P0158,2,0.1,33125.35,22293.09,59625.63,15039.45,West,Completed
ORD04379,2024-01-05,CUST0977,P0112,2,0.1,20043.19,13117.75,36077.74,9842.24,East,Completed
ORD07223,2024-01-05,CUST0158,P0033,2,0.1,54569.41,31985.14,98224.94,34254.66,South,Completed
ORD06255,2024-01-05,CUST0167,P0010,1,0.05,16072.59,10816.67,15268.96,4452.29,South,Completed
ORD04766,2024-01-06,CUST0566,P0103,5,0.0,585.19,454.75,2925.95,652.2,North,Completed
ORD01169,2024-01-06,CUST0326,P0177,2,0.05,783.92,493.62,1489.45,502.21,North,Completed
ORD06031,2024-01-06,CUST0560,P0170,1,0.05,750.66,462.97,713.13,250.16,West,Completed
ORD04941,2024-01-06,CUST0438,P0090,1,0.2,446.05,334.33,356.84,22.51,West,Completed
ORD06656,2024-01-06,CUST0311,P0112,1,0.05,20043.19,13117.75,19041.03,5923.28,North,Completed
ORD06161,2024-01-06,CUST0268,P0011,3,0.05,50761.69,39171.65,144670.82,27155.87,North,Completed
ORD02231,2024-01-06,CUST0466,P0042,2,0.1,10683.47,6548.45,19230.25,6133.35,South,Completed
ORD06212,2024-01-06,CUST0399,P0023,2,0.1,29957.89,23747.89,53924.2,6428.42,East,Cancelled
ORD07243,2024-01-06,CUST0571,P0043,4,0.1,528.82,390.77,1903.75,340.67,West,Cancelled
ORD01340,2024-01-06,CUST0980,P0172,4,0.05,53066.45,36105.87,201652.51,57229.03,West,Completed
ORD08499,2024-01-06,CUST0881,P0114,3,0.1,16683.02,10299.86,45044.15,14144.57,East,Completed
ORD03986,2024-01-07,CUST0105,P0081,4,0.1,11112.68,6733.47,40005.65,13071.77,South,Completed
ORD01271,2024-01-07,CUST0056,P0115,3,0.0,9526.21,7338.52,28578.63,6563.07,North,Completed
ORD03689,2024-01-07,CUST0637,P0183,2,0.1,66902.29,49511.88,120424.12,21400.36,North,Completed
ORD03912,2024-01-07,CUST0355,P0150,3,0.05,53462.03,36715.83,152366.79,42219.3,North,Completed
ORD06363,2024-01-07,CUST0473,P0187,1,0.0,184.91,120.68,184.91,64.23,West,Completed
ORD00102,2024-01-07,CUST0741,P0120,1,0.05,57866.38,42176.37,54973.06,12796.69,South,Completed
ORD09715,2024-01-07,CUST0406,P0041,3,0.1,4003.54,2383.24,10809.56,3659.84,West,Completed
ORD04095,2024-01-07,CUST0604,P0196,3,0.0,385.78,231.62,1157.34,462.48,South,Completed
ORD03771,2024-01-07,CUST0338,P0142,1,0.1,4782.08,3282.92,4303.87,1020.95,North,Completed
ORD03860,2024-01-07,CUST0713,P0001,1,0.15,796.95,617.19,677.41,60.22,West,Completed
ORD01353,2024-01-07,CUST0270,P0189,4,0.15,38312.77,25713.12,130263.42,27410.94,West,Completed
ORD03116,2024-01-07,CUST0213,P0008,1,0.15,68633.55,51583.32,58338.52,6755.2,North,Completed
ORD05253,2024-01-07,CUST0417,P0151,4,0.1,5830.9,4665.5,20991.24,2329.24,North,Completed
ORD09519,2024-01-07,CUST0420,P0122,1,0.0,17942.76,13133.8,17942.76,4808.96,South,Completed
ORD02192,2024-01-07,CUST0283,P0035,4,0.05,56932.8,34147.01,216344.64,79756.6,East,Completed
ORD00559,2024-01-07,CUST0019,P0038,1,0.05,25137.53,20080.78,23880.65,3799.87,West,Completed
ORD05015,2024-01-07,CUST0654,P0101,1,0.1,51632.3,38843.18,46469.07,7625.89,South,Completed
ORD00037,2024-01-08,CUST0972,P0181,4,0.05,8670.4,5624.95,32947.52,10447.72,West,Completed
ORD05659,2024-01-08,CUST0756,P0065,1,0.05,21598.4,14583.7,20518.48,5934.78,North,Completed
ORD02048,2024-01-08,CUST0794,P0117,2,0.1,62915.52,50890.59,113247.94,11466.76,West,Completed
ORD08541,2024-01-08,CUST0276,P0185,3,0.05,76508.26,54062.35,218048.54,55861.49,South,Completed
ORD06765,2024-01-08,CUST0516,P0037,1,0.1,58358.81,45854.58,52522.93,6668.35,East,Completed
ORD05931,2024-01-08,CUST0747,P0113,5,0.0,26426.25,19479.69,132131.25,34732.8,West,Completed
ORD02777,2024-01-08,CUST0689,P0103,1,0.05,585.19,454.75,555.93,101.18,East,Completed
ORD09028,2024-01-08,CUST0687,P0096,1,0.0,22714.55,15565.72,22714.55,7148.83,East,Completed
ORD07876,2024-01-09,CUST0394,P0159,2,0.2,54205.42,36083.24,86728.67,14562.19,South,Completed
ORD08381,2024-01-09,CUST0129,P0053,3,0.1,422.63,329.18,1141.1,153.56,West,Completed
ORD09618,2024-01-09,CUST0531,P0112,5,0.0,20043.19,13117.75,100215.95,34627.2,South,Completed
ORD06467,2024-01-09,CUST0719,P0175,1,0.05,791.76,614.23,752.17,137.94,West,Completed
ORD08646,2024-01-09,CUST0476,P0024,3,0.15,792.84,470.21,2021.74,611.11,South,Completed
ORD05599,2024-01-09,CUST0709,P0190,1,0.0,2296.71,1653.27,2296.71,643.44,North,Completed
ORD07493,2024-01-09,CUST0599,P0111,2,0.05,32818.12,23699.05,62354.43,14956.33,West,Completed
ORD07454,2024-01-09,CUST0607,P0078,2,0.1,66750.32,43644.61,120150.58,32861.36,South,Completed
ORD00606,2024-01-09,CUST0271,P0173,1,0.0,4259.82,3133.66,4259.82,1126.16,East,Completed
ORD08918,2024-01-09,CUST0277,P0048,1,0.15,1114.29,876.19,947.15,70.96,West,Completed
ORD02085,2024-01-09,CUST0364,P0032,2,0.1,39614.35,24714.41,71305.83,21877.01,North,Completed
ORD08123,2024-01-09,CUST0838,P0110,5,0.1,30098.59,20298.4,135443.66,33951.66,West,Completed
ORD09606,2024-01-09,CUST0617,P0151,3,0.1,5830.9,4665.5,15743.43,1746.93,South,Completed
ORD00176,2024-01-09,CUST0924,P0006,1,0.15,51610.25,30768.51,43868.71,13100.2,South,Cancelled
ORD06832,2024-01-09,CUST0969,P0135,3,0.05,644.55,462.91,1836.97,448.24,East,Completed
ORD05186,2024-01-09,CUST0124,P0092,1,0.0,41737.72,32410.53,41737.72,9327.19,North,Pending
ORD00423,2024-01-09,CUST0992,P0056,2,0.0,312.97,191.98,625.94,241.98,East,Completed
ORD04058,2024-01-09,CUST0802,P0104,4,0.05,22437.82,18159.1,85263.72,12627.32,West,Cancelled
ORD04566,2024-01-09,CUST0235,P0094,1,0.0,77812.86,47690.34,77812.86,30122.52,East,Completed
ORD04019,2024-01-09,CUST0920,P0015,2,0.0,18890.43,14292.88,37780.86,9195.1,West,Completed
ORD02570,2024-01-10,CUST0857,P0172,3,0.0,53066.45,36105.87,159199.35,50881.74,South,Completed
ORD06385,2024-01-10,CUST0398,P0187,3,0.05,184.91,120.68,526.99,164.95,West,Completed
ORD08212,2024-01-10,CUST0778,P0050,5,0.1,8890.7,6907.47,40008.15,5470.8,East,Completed
ORD07209,2024-01-10,CUST0054,P0017,3,0.15,17284.69,10596.05,44075.96,12287.81,East,Completed
ORD07596,2024-01-10,CUST0464,P0006,2,0.05,51610.25,30768.51,98059.48,36522.46,East,Cancelled
ORD06432,2024-01-10,CUST0915,P0160,1,0.0,680.29,502.6,680.29,177.69,East,Completed
ORD09079,2024-01-10,CUST0628,P0149,1,0.1,2427.19,1691.68,2184.47,492.79,North,Completed
ORD04836,2024-01-10,CUST0020,P0125,1,0.15,3155.85,2083.96,2682.47,598.51,West,Completed
ORD09531,2024-01-10,CUST0730,P0040,1,0.05,568.55,361.32,540.12,178.8,East,Completed
ORD02881,2024-01-10,CUST0573,P0077,1,0.1,50047.7,37709.36,45042.93,7333.57,North,Cancelled
ORD09139,2024-01-10,CUST0741,P0055,5,0.15,6422.29,4812.56,27294.73,3231.93,South,Completed
ORD01072,2024-01-10,CUST0358,P0079,2,0.0,409.51,310.64,819.02,197.74,North,Completed
ORD09051,2024-01-10,CUST0175,P0114,1,0.05,16683.02,10299.86,15848.87,5549.01,West,Completed
ORD02724,2024-01-11,CUST0827,P0158,1,0.05,33125.35,22293.09,31469.08,9175.99,West,Completed
ORD02600,2024-01-11,CUST0407,P0146,2,0.05,11482.27,8693.26,21816.31,4429.79,South,Pending
ORD03513,2024-01-11,CUST0996,P0039,2,0.05,1717.54,1277.52,3263.33,708.29,South,Completed
ORD08745,2024-01-11,CUST0493,P0136,3,0.05,3029.54,2200.52,8634.19,2032.63,East,Completed
ORD03606,2024-01-11,CUST0139,P0076,4,0.15,20055.1,12211.29,68187.34,19342.18,West,Completed
ORD08601,2024-01-11,CUST0289,P0059,2,0.1,1247.06,804.27,2244.71,636.17,West,Completed
ORD00597,2024-01-11,CUST0715,P0092,2,0.0,41737.72,32410.53,83475.44,18654.38,South,Completed
ORD05251,2024-01-11,CUST0476,P0045,2,0.0,2217.01,1355.93,4434.02,1722.16,South,Completed
ORD09431,2024-01-11,CUST0592,P0138,4,0.0,30903.45,21958.56,123613.8,35779.56,South,Completed
ORD02536,2024-01-11,CUST0626,P0145,1,0.15,360.46,274.8,306.39,31.59,South,Completed
ORD09701,2024-01-11,CUST0743,P0052,4,0.15,7440.54,4865.29,25297.84,5836.68,North,Completed
ORD06636,2024-01-11,CUST0477,P0065,1,0.15,21598.4,14583.7,18358.64,3774.94,East,Completed
ORD00568,2024-01-12,CUST0081,P0145,1,0.0,360.46,274.8,360.46,85.66,East,Completed
ORD07386,2024-01-12,CUST0896,P0076,1,0.2,20055.1,12211.29,16044.08,3832.79,South,Pending
ORD06163,2024-01-12,CUST0298,P0141,4,0.05,1748.75,1100.65,6645.25,2242.65,West,Completed
ORD01563,2024-01-12,CUST0169,P0095,1,0.1,9513.49,6495.4,8562.14,2066.74,West,Completed
ORD06423,2024-01-12,CUST0683,P0164,3,0.0,8324.94,6438.05,24974.82,5660.67,North,Completed
ORD00269,2024-01-12,CUST0863,P0164,2,0.05,8324.94,6438.05,15817.39,2941.29,South,Completed
ORD08211,2024-01-12,CUST0259,P0042,2,0.0,10683.47,6548.45,21366.94,8270.04,South,Completed
ORD00730,2024-01-12,CUST0783,P0200,1,0.15,37954.59,28614.99,32261.4,3646.41,East,Completed
ORD04005,2024-01-12,CUST0836,P0178,5,0.1,4042.35,3098.18,18190.58,2699.68,West,Completed
ORD06469,2024-01-12,CUST0099,P0087,1,0.1,11879.48,8267.83,10691.53,2423.7,South,Completed
ORD08137,2024-01-12,CUST0659,P0029,1,0.2,1310.65,844.84,1048.52,203.68,East,Cancelled
ORD08059,2024-01-12,CUST0318,P0152,1,0.05,5896.48,4498.55,5601.66,1103.11,West,Completed
ORD01385,2024-01-13,CUST0682,P0092,3,0.1,41737.72,32410.53,112691.84,15460.25,West,Completed
ORD01366,2024-01-13,CUST0813,P0008,1,0.0,68633.55,51583.32,68633.55,17050.23,East,Completed
ORD02354,2024-01-13,CUST0367,P0040,3,0.0,568.55,361.32,1705.65,621.69,North,Completed
ORD01879,2024-01-13,CUST0649,P0037,2,0.1,58358.81,45854.58,105045.86,13336.7,East,Completed
ORD05589,2024-01-13,CUST0641,P0165,1,0.1,728.57,514.38,655.71,141.33,North,Pending
ORD08279,2024-01-13,CUST0509,P0044,1,0.1,59463.82,38619.72,53517.44,14897.72,West,Completed
ORD07154,2024-01-13,CUST0945,P0132,1,0.2,235.21,163.03,188.17,25.14,West,Completed
ORD06383,2024-01-13,CUST0966,P0164,2,0.1,8324.94,6438.05,14984.89,2108.79,West,Completed
ORD03740,2024-01-13,CUST0662,P0115,1,0.1,9526.21,7338.52,8573.59,1235.07,East,Completed
ORD02445,2024-01-14,CUST0405,P0077,3,0.2,50047.7,37709.36,120114.48,6986.4,South,Completed
ORD02379,2024-01-14,CUST0289,P0026,1,0.0,53440.86,40308.66,53440.86,13132.2,West,Completed
ORD02983,2024-01-14,CUST0995,P0179,1,0.15,12818.17,8758.44,10895.44,2137.0,East,Completed
ORD09209,2024-01-14,CUST0935,P0083,4,0.05,374.27,289.15,1422.23,265.63,North,Completed
ORD02920,2024-01-14,CUST0514,P0176,2,0.05,9388.62,6512.18,17838.38,4814.02,East,Completed
ORD04592,2024-01-14,CUST0300,P0173,2,0.0,4259.82,3133.66,8519.64,2252.32,North,Completed
ORD06971,2024-01-14,CUST0678,P0190,2,0.1,2296.71,1653.27,4134.08,827.54,East,Completed
ORD09254,2024-01-14,CUST0834,P0172,3,0.1,53066.45,36105.87,143279.41,34961.8,East,Completed
ORD02901,2024-01-14,CUST0961,P0016,2,0.05,20196.29,11952.43,38372.95,14468.09,North,Cancelled
ORD08571,2024-01-14,CUST0382,P0008,3,0.05,68633.55,51583.32,195605.62,40855.66,North,Completed
ORD01095,2024-01-14,CUST0498,P0083,1,0.0,374.27,289.15,374.27,85.12,West,Completed
ORD03424,2024-01-14,CUST0982,P0139,1,0.15,26827.4,18117.75,22803.29,4685.54,East,Completed
ORD08264,2024-01-14,CUST0255,P0186,2,0.05,36288.91,28203.52,68948.93,12541.89,South,Completed
ORD01094,2024-01-14,CUST0031,P0131,1,0.05,896.08,597.69,851.28,253.59,South,Completed
ORD03447,2024-01-15,CUST0909,P0015,3,0.0,18890.43,14292.88,56671.29,13792.65,East,Completed
ORD04183,2024-01-15,CUST0287,P0180,2,0.15,23838.69,16889.32,40525.77,6747.13,South,Completed
ORD01461,2024-01-15,CUST0311,P0197,1,0.1,15133.72,11886.63,13620.35,1733.72,North,Completed
ORD07670,2024-01-15,CUST0608,P0196,1,0.15,385.78,231.62,327.91,96.29,West,Completed
ORD01980,2024-01-15,CUST0021,P0063,4,0.05,12786.65,8472.2,48589.27,14700.47,North,Completed
ORD06847,2024-01-15,CUST0732,P0169,1,0.1,12339.56,8305.1,11105.6,2800.5,East,Completed
ORD07121,2024-01-15,CUST0738,P0180,2,0.05,23838.69,16889.32,45293.51,11514.87,South,Completed
ORD07257,2024-01-15,CUST0270,P0146,2,0.0,11482.27,8693.26,22964.54,5578.02,West,Completed
ORD06687,2024-01-15,CUST0712,P0153,4,0.1,318.53,240.18,1146.71,185.99,West,Completed
ORD06627,2024-01-15,CUST0056,P0108,1,0.1,673.74,534.39,606.37,71.98,North,Completed
ORD02798,2024-01-15,CUST0605,P0157,3,0.1,1290.11,764.14,3483.3,1190.88,West,Completed
ORD00382,2024-01-15,CUST0044,P0023,1,0.0,29957.89,23747.89,29957.89,6210.0,North,Completed
ORD07754,2024-01-15,CUST0948,P0162,1,0.1,46811.03,27452.25,42129.93,14677.68,South,Completed
ORD02462,2024-01-15,CUST0969,P0021,1,0.2,6878.25,5112.71,5502.6,389.89,East,Cancelled
ORD02593,2024-01-16,CUST0204,P0199,4,0.05,404.58,321.41,1537.4,251.76,North,Completed
ORD09709,2024-01-16,CUST0912,P0154,2,0.0,693.93,462.98,1387.86,461.9,East,Cancelled
ORD06138,2024-01-16,CUST0513,P0084,3,0.2,52737.3,39276.81,126569.52,8739.09,North,Completed
ORD00604,2024-01-16,CUST0252,P0159,3,0.1,54205.42,36083.24,146354.63,38104.91,West,Completed
ORD06127,2024-01-16,CUST0547,P0044,1,0.05,59463.82,38619.72,56490.63,17870.91,South,Completed
ORD06729,2024-01-16,CUST0408,P0157,4,0.0,1290.11,764.14,5160.44,2103.88,East,Completed
ORD04937,2024-01-16,CUST0689,P0085,2,0.1,73872.61,56554.21,132970.7,19862.28,East,Completed
ORD04433,2024-01-16,CUST0772,P0019,3,0.1,27844.42,18931.51,75179.93,18385.4,West,Completed
ORD04555,2024-01-16,CUST0817,P0120,1,0.0,57866.38,42176.37,57866.38,15690.01,West,Completed
ORD05107,2024-01-16,CUST0579,P0169,3,0.0,12339.56,8305.1,37018.68,12103.38,North,Completed
ORD06316,2024-01-17,CUST0680,P0036,2,0.0,1008.83,797.09,2017.66,423.48,South,Pending
ORD02476,2024-01-17,CUST0164,P0199,2,0.1,404.58,321.41,728.24,85.42,East,Completed
ORD08485,2024-01-17,CUST0723,P0169,2,0.0,12339.56,8305.1,24679.12,8068.92,West,Completed
ORD00243,2024-01-17,CUST0042,P0146,1,0.05,11482.27,8693.26,10908.16,2214.9,South,Pending
ORD00679,2024-01-17,CUST0279,P0157,2,0.0,1290.11,764.14,2580.22,1051.94,West,Completed
ORD05030,2024-01-17,CUST0553,P0002,3,0.0,6203.85,4038.58,18611.55,6495.81,East,Completed
ORD05453,2024-01-17,CUST0695,P0070,2,0.0,56679.56,41863.05,113359.12,29633.02,North,Completed
ORD09108,2024-01-17,CUST0327,P0177,2,0.1,783.92,493.62,1411.06,423.82,West,Completed
ORD09329,2024-01-17,CUST0284,P0057,2,0.1,911.67,722.71,1641.01,195.59,West,Completed
ORD02739,2024-01-17,CUST0983,P0189,1,0.15,38312.77,25713.12,32565.85,6852.73,South,Completed
ORD03269,2024-01-17,CUST0201,P0195,4,0.0,15240.21,11813.53,60960.84,13706.72,West,Completed
ORD01948,2024-01-17,CUST0531,P0107,3,0.0,72638.94,50890.24,217916.82,65246.1,South,Completed
ORD03350,2024-01-17,CUST0783,P0084,3,0.2,52737.3,39276.81,126569.52,8739.09,East,Completed
ORD07177,2024-01-17,CUST0013,P0061,3,0.05,49224.25,33194.34,140289.11,40706.09,East,Completed
ORD02561,2024-01-17,CUST0741,P0019,1,0.15,27844.42,18931.51,23667.76,4736.25,South,Completed
ORD03052,2024-01-17,CUST0455,P0120,2,0.1,57866.38,42176.37,104159.48,19806.74,North,Completed
ORD08784,2024-01-18,CUST0475,P0024,2,0.0,792.84,470.21,1585.68,645.26,West,Completed
ORD05422,2024-01-18,CUST0250,P0106,2,0.0,526.46,370.01,1052.92,312.9,North,Completed
ORD05103,2024-01-18,CUST0769,P0037,1,0.15,58358.81,45854.58,49604.99,3750.41,South,Completed
ORD03629,2024-01-18,CUST0508,P0080,4,0.05,67342.32,40846.14,255900.82,92516.26,West,Completed
ORD04169,2024-01-18,CUST0986,P0186,2,0.05,36288.91,28203.52,68948.93,12541.89,South,Completed
ORD04116,2024-01-18,CUST0731,P0007,1,0.15,8223.62,4942.96,6990.08,2047.12,North,Completed
ORD04002,2024-01-18,CUST0101,P0117,1,0.0,62915.52,50890.59,62915.52,12024.93,East,Completed
ORD09674,2024-01-18,CUST0556,P0177,1,0.05,783.92,493.62,744.72,251.1,North,Completed
ORD06876,2024-01-18,CUST0913,P0152,3,0.1,5896.48,4498.55,15920.5,2424.85,North,Completed
ORD06198,2024-01-18,CUST0069,P0074,1,0.0,40981.75,23771.65,40981.75,17210.1,West,Completed
ORD00310,2024-01-18,CUST0864,P0038,1,0.05,25137.53,20080.78,23880.65,3799.87,South,Completed
ORD03296,2024-01-18,CUST0987,P0022,3,0.0,68945.25,50670.94,206835.75,54822.93,North,Completed
ORD02335,2024-01-18,CUST0022,P0124,1,0.0,38907.93,29071.02,38907.93,9836.91,West,Cancelled
ORD07850,2024-01-19,CUST0377,P0191,2,0.1,8442.75,6441.23,15196.95,2314.49,South,Completed
ORD05088,2024-01-19,CUST0288,P0047,4,0.0,1004.63,793.19,4018.52,845.76,South,Completed
ORD03022,2024-01-19,CUST0390,P0096,1,0.15,22714.55,15565.72,19307.37,3741.65,North,Completed
ORD05703,2024-01-19,CUST0468,P0126,1,0.05,41856.24,33581.85,39763.43,6181.58,North,Completed
ORD05205,2024-01-19,CUST0776,P0070,1,0.0,56679.56,41863.05,56679.56,14816.51,East,Completed
ORD03622,2024-01-19,CUST0940,P0182,2,0.05,15590.28,12172.38,29621.53,5276.77,West,Completed
ORD05596,2024-01-19,CUST0468,P0061,2,0.1,49224.25,33194.34,88603.65,22214.97,North,Completed
ORD00721,2024-01-19,CUST0710,P0155,1,0.05,9808.49,7104.6,9318.07,2213.47,West,Completed
ORD03444,2024-01-19,CUST0584,P0127,2,0.1,37425.34,27064.21,67365.61,13237.19,North,Completed
ORD03218,2024-01-19,CUST0713,P0198,2,0.1,715.13,510.57,1287.23,266.09,West,Completed
ORD07951,2024-01-19,CUST0017,P0053,3,0.1,422.63,329.18,1141.1,153.56,South,Pending
ORD09591,2024-01-19,CUST0493,P0033,4,0.1,54569.41,31985.14,196449.88,68509.32,East,Completed
ORD04729,2024-01-19,CUST0573,P0044,2,0.1,59463.82,38619.72,107034.88,29795.44,North,Completed
ORD03641,2024-01-20,CUST0410,P0197,1,0.15,15133.72,11886.63,12863.66,977.03,East,Completed
ORD02598,2024-01-20,CUST0752,P0146,2,0.05,11482.27,8693.26,21816.31,4429.79,East,Completed
ORD02679,2024-01-20,CUST0976,P0081,4,0.05,11112.68,6733.47,42228.18,15294.3,East,Completed
ORD06216,2024-01-20,CUST0293,P0015,5,0.05,18890.43,14292.88,89729.54,18265.14,West,Completed
ORD06450,2024-01-20,CUST0900,P0196,4,0.1,385.78,231.62,1388.81,462.33,South,Completed
ORD03122,2024-01-20,CUST0324,P0010,1,0.2,16072.59,10816.67,12858.07,2041.4,East,Completed
ORD07586,2024-01-20,CUST0439,P0075,1,0.15,6740.18,4364.5,5729.15,1364.65,West,Completed
ORD04551,2024-01-20,CUST0123,P0028,5,0.15,1126.53,825.36,4787.75,660.95,North,Completed
ORD08034,2024-01-20,CUST0062,P0144,3,0.15,501.46,362.98,1278.72,189.78,East,Completed
ORD02296,2024-01-20,CUST0366,P0081,1,0.15,11112.68,6733.47,9445.78,2712.31,East,Completed
ORD04497,2024-01-20,CUST0464,P0112,4,0.0,20043.19,13117.75,80172.76,27701.76,East,Cancelled
ORD06914,2024-01-20,CUST0328,P0093,1,0.1,10189.0,5911.08,9170.1,3259.02,West,Completed
ORD03427,2024-01-20,CUST0458,P0182,2,0.05,15590.28,12172.38,29621.53,5276.77,West,Completed
ORD02601,2024-01-20,CUST0508,P0074,3,0.05,40981.75,23771.65,116797.99,45483.04,West,Completed
ORD08185,2024-01-20,CUST0985,P0075,1,0.15,6740.18,4364.5,5729.15,1364.65,West,Completed
ORD00789,2024-01-20,CUST0846,P0025,1,0.05,49570.32,37427.29,47091.8,9664.51,West,Completed
ORD02176,2024-01-20,CUST0407,P0004,1,0.0,20696.25,15931.27,20696.25,4764.98,South,Completed
ORD09180,2024-01-21,CUST0196,P0038,2,0.15,25137.53,20080.78,42733.8,2572.24,East,Completed
ORD00751,2024-01-21,CUST0834,P0111,1,0.05,32818.12,23699.05,31177.21,7478.16,East,Completed
ORD00694,2024-01-21,CUST0618,P0064,2,0.05,20038.07,13846.76,38072.33,10378.81,South,Completed
ORD02837,2024-01-21,CUST0546,P0072,4,0.1,28334.52,18780.23,102004.27,26883.35,North,Completed
ORD00136,2024-01-21,CUST0108,P0100,2,0.05,36262.87,22462.27,68899.45,23974.91,South,Completed
ORD08354,2024-01-21,CUST0640,P0073,1,0.15,15561.42,10813.46,13227.21,2413.75,West,Completed
ORD00760,2024-01-21,CUST0325,P0010,1,0.05,16072.59,10816.67,15268.96,4452.29,North,Completed
ORD06546,2024-01-21,CUST0727,P0088,1,0.1,58121.47,37608.48,52309.32,14700.84,East,Completed
ORD04512,2024-01-21,CUST0195,P0191,1,0.0,8442.75,6441.23,8442.75,2001.52,North,Completed
ORD01280,2024-01-21,CUST0826,P0015,4,0.0,18890.43,14292.88,75561.72,18390.2,West,Pending
ORD03555,2024-01-21,CUST0550,P0172,3,0.15,53066.45,36105.87,135319.45,27001.84,South,Completed
ORD01622,2024-01-21,CUST0785,P0151,3,0.0,5830.9,4665.5,17492.7,3496.2,East,Completed
ORD00718,2024-01-21,CUST0999,P0092,3,0.15,41737.72,32410.53,106431.19,9199.6,North,Completed
ORD09910,2024-01-21,CUST0056,P0057,2,0.1,911.67,722.71,1641.01,195.59,North,Completed
ORD02071,2024-01-21,CUST0990,P0161,1,0.15,36827.84,23163.81,31303.66,8139.85,North,Completed
ORD05276,2024-01-21,CUST0288,P0062,2,0.05,7214.7,5874.11,13707.93,1959.71,South,Completed
ORD01481,2024-01-21,CUST0330,P0107,1,0.0,72638.94,50890.24,72638.94,21748.7,West,Completed
ORD09808,2024-01-21,CUST0674,P0150,3,0.05,53462.03,36715.83,152366.79,42219.3,North,Completed
ORD07324,2024-01-21,CUST0590,P0054,1,0.1,34828.61,21081.63,31345.75,10264.12,North,Completed
ORD07763,2024-01-21,CUST0749,P0097,2,0.0,11100.34,7751.47,22200.68,6697.74,West,Completed
ORD09033,2024-01-21,CUST0404,P0090,1,0.05,446.05,334.33,423.75,89.42,North,Completed
ORD08451,2024-01-21,CUST0503,P0160,4,0.1,680.29,502.6,2449.04,438.64,South,Cancelled
ORD09354,2024-01-21,CUST0316,P0074,3,0.15,40981.75,23771.65,104503.46,33188.51,East,Cancelled
ORD09737,2024-01-21,CUST0108,P0181,1,0.0,8670.4,5624.95,8670.4,3045.45,South,Completed
ORD04591,2024-01-22,CUST0625,P0099,2,0.15,908.9,743.94,1545.13,57.25,West,Completed
ORD00800,2024-01-22,CUST0761,P0173,2,0.2,4259.82,3133.66,6815.71,548.39,North,Completed
ORD03020,2024-01-22,CUST0134,P0017,2,0.05,17284.69,10596.05,32840.91,11648.81,East,Completed
ORD05912,2024-01-22,CUST0077,P0082,4,0.0,14583.87,9123.23,58335.48,21842.56,East,Completed
ORD08815,2024-01-22,CUST0356,P0093,1,0.1,10189.0,5911.08,9170.1,3259.02,West,Completed
ORD07794,2024-01-22,CUST0816,P0079,2,0.0,409.51,310.64,819.02,197.74,East,Completed
ORD01455,2024-01-22,CUST0537,P0176,1,0.05,9388.62,6512.18,8919.19,2407.01,West,Completed
ORD03565,2024-01-22,CUST0963,P0041,4,0.05,4003.54,2383.24,15213.45,5680.49,South,Pending
ORD03835,2024-01-22,CUST0664,P0022,1,0.2,68945.25,50670.94,55156.2,4485.26,West,Completed
ORD08738,2024-01-22,CUST0825,P0186,5,0.05,36288.91,28203.52,172372.32,31354.72,South,Completed
ORD07065,2024-01-22,CUST0333,P0167,4,0.0,7469.0,4701.25,29876.0,11071.0,East,Completed
ORD04361,2024-01-22,CUST0841,P0077,3,0.0,50047.7,37709.36,150143.1,37015.02,East,Completed
ORD05668,2024-01-22,CUST0510,P0034,1,0.1,143.7,100.11,129.33,29.22,West,Completed
ORD07081,2024-01-22,CUST0802,P0050,1,0.1,8890.7,6907.47,8001.63,1094.16,West,Completed
ORD09101,2024-01-22,CUST0909,P0006,1,0.1,51610.25,30768.51,46449.22,15680.71,East,Completed
ORD02104,2024-01-22,CUST0413,P0119,1,0.15,11965.18,9132.35,10170.4,1038.05,South,Completed
ORD05388,2024-01-22,CUST0566,P0093,1,0.0,10189.0,5911.08,10189.0,4277.92,North,Completed
ORD01369,2024-01-22,CUST0433,P0173,3,0.1,4259.82,3133.66,11501.51,2100.53,South,Completed
ORD01064,2024-01-23,CUST0149,P0005,1,0.1,759.62,541.79,683.66,141.87,West,Completed
ORD03789,2024-01-23,CUST0271,P0165,1,0.0,728.57,514.38,728.57,214.19,East,Completed
ORD05811,2024-01-23,CUST0657,P0129,2,0.05,43850.97,27932.89,83316.84,27451.06,South,Completed
ORD08060,2024-01-23,CUST0120,P0075,1,0.05,6740.18,4364.5,6403.17,2038.67,North,Completed
ORD07006,2024-01-23,CUST0883,P0013,1,0.15,8923.66,6594.73,7585.11,990.38,East,Pending
ORD05307,2024-01-23,CUST0228,P0019,1,0.0,27844.42,18931.51,27844.42,8912.91,South,Completed
ORD05489,2024-01-23,CUST0975,P0151,5,0.1,5830.9,4665.5,26239.05,2911.55,North,Completed
ORD07159,2024-01-23,CUST0907,P0117,2,0.1,62915.52,50890.59,113247.94,11466.76,South,Completed
ORD05553,2024-01-23,CUST0727,P0151,4,0.15,5830.9,4665.5,19825.06,1163.06,East,Completed
ORD03952,2024-01-23,CUST0411,P0124,1,0.0,38907.93,29071.02,38907.93,9836.91,East,Completed
ORD08971,2024-01-23,CUST0035,P0114,2,0.1,16683.02,10299.86,30029.44,9429.72,West,Cancelled
ORD04744,2024-01-23,CUST0775,P0175,2,0.1,791.76,614.23,1425.17,196.71,South,Pending
ORD09567,2024-01-23,CUST0604,P0104,4,0.05,22437.82,18159.1,85263.72,12627.32,South,Completed
ORD07572,2024-01-23,CUST0616,P0197,1,0.1,15133.72,11886.63,13620.35,1733.72,South,Completed
ORD05209,2024-01-23,CUST0456,P0065,1,0.0,21598.4,14583.7,21598.4,7014.7,South,Completed
ORD06851,2024-01-23,CUST0990,P0142,1,0.1,4782.08,3282.92,4303.87,1020.95,North,Pending
ORD00125,2024-01-24,CUST0797,P0024,1,0.05,792.84,470.21,753.2,282.99,East,Completed
ORD02875,2024-01-24,CUST0324,P0195,2,0.05,15240.21,11813.53,28956.4,5329.34,East,Completed
ORD00729,2024-01-24,CUST0556,P0001,1,0.05,796.95,617.19,757.1,139.91,North,Completed
ORD02450,2024-01-24,CUST0774,P0077,3,0.2,50047.7,37709.36,120114.48,6986.4,East,Completed
ORD06691,2024-01-24,CUST0378,P0191,4,0.05,8442.75,6441.23,32082.45,6317.53,East,Completed
ORD03932,2024-01-24,CUST0849,P0198,1,0.0,715.13,510.57,715.13,204.56,West,Completed
ORD00146,2024-01-24,CUST0903,P0191,1,0.1,8442.75,6441.23,7598.48,1157.25,East,Completed
ORD02640,2024-01-24,CUST0402,P0024,2,0.0,792.84,470.21,1585.68,645.26,North,Completed
ORD01860,2024-01-24,CUST0946,P0058,2,0.1,7347.4,4878.31,13225.32,3468.7,West,Completed
ORD07088,2024-01-24,CUST0130,P0102,3,0.0,4149.23,2427.22,12447.69,5166.03,North,Completed
ORD03057,2024-01-24,CUST0801,P0123,1,0.1,77212.89,61788.48,69491.6,7703.12,East,Completed
ORD04215,2024-01-24,CUST0860,P0063,2,0.1,12786.65,8472.2,23015.97,6071.57,South,Completed
ORD07551,2024-01-24,CUST0985,P0001,1,0.0,796.95,617.19,796.95,179.76,West,Completed
ORD02307,2024-01-24,CUST0173,P0103,1,0.0,585.19,454.75,585.19,130.44,West,Completed
ORD05854,2024-01-24,CUST0516,P0050,2,0.05,8890.7,6907.47,16892.33,3077.39,East,Completed
ORD02815,2024-01-25,CUST0535,P0177,3,0.0,783.92,493.62,2351.76,870.9,West,Completed
ORD08175,2024-01-25,CUST0405,P0096,2,0.1,22714.55,15565.72,40886.19,9754.75,South,Completed
ORD03960,2024-01-25,CUST0351,P0045,3,0.0,2217.01,1355.93,6651.03,2583.24,West,Completed
ORD09856,2024-01-25,CUST0535,P0076,1,0.1,20055.1,12211.29,18049.59,5838.3,West,Completed
ORD05120,2024-01-25,CUST0497,P0015,4,0.05,18890.43,14292.88,71783.63,14612.11,East,Completed
ORD00193,2024-01-25,CUST0221,P0150,1,0.05,53462.03,36715.83,50788.93,14073.1,West,Completed
ORD05559,2024-01-25,CUST0038,P0175,1,0.05,791.76,614.23,752.17,137.94,North,Completed
ORD08650,2024-01-25,CUST0816,P0055,1,0.1,6422.29,4812.56,5780.06,967.5,East,Completed
ORD06019,2024-01-25,CUST0891,P0122,1,0.0,17942.76,13133.8,17942.76,4808.96,West,Completed
ORD05601,2024-01-25,CUST0621,P0081,1,0.0,11112.68,6733.47,11112.68,4379.21,West,Completed
ORD08944,2024-01-25,CUST0843,P0045,1,0.05,2217.01,1355.93,2106.16,750.23,East,Completed
ORD09001,2024-01-25,CUST0507,P0006,1,0.1,51610.25,30768.51,46449.22,15680.71,North,Completed
ORD01120,2024-01-25,CUST0432,P0176,3,0.05,9388.62,6512.18,26757.57,7221.03,East,Completed
ORD05112,2024-01-25,CUST0232,P0066,4,0.0,15521.48,11472.78,62085.92,16194.8,East,Completed
ORD04047,2024-01-25,CUST0839,P0163,1,0.05,3768.33,3060.43,3579.91,519.48,North,Completed
ORD09650,2024-01-26,CUST0014,P0169,3,0.05,12339.56,8305.1,35167.75,10252.45,East,Completed
ORD02058,2024-01-26,CUST0467,P0053,2,0.1,422.63,329.18,760.73,102.37,West,Completed
ORD01499,2024-01-26,CUST0313,P0006,1,0.1,51610.25,30768.51,46449.22,15680.71,North,Completed
ORD01558,2024-01-26,CUST0946,P0088,1,0.0,58121.47,37608.48,58121.47,20512.99,West,Completed
ORD04979,2024-01-26,CUST0144,P0197,2,0.1,15133.72,11886.63,27240.7,3467.44,South,Completed
ORD08597,2024-01-26,CUST0031,P0080,2,0.15,67342.32,40846.14,114481.94,32789.66,South,Completed
ORD04784,2024-01-26,CUST0500,P0006,1,0.0,51610.25,30768.51,51610.25,20841.74,North,Completed
ORD09239,2024-01-26,CUST0348,P0041,3,0.05,4003.54,2383.24,11410.09,4260.37,East,Completed
ORD09512,2024-01-26,CUST0668,P0150,1,0.15,53462.03,36715.83,45442.73,8726.9,West,Completed
ORD07693,2024-01-27,CUST0058,P0146,1,0.0,11482.27,8693.26,11482.27,2789.01,West,Completed
ORD03013,2024-01-27,CUST0887,P0035,2,0.0,56932.8,34147.01,113865.6,45571.58,North,Completed
ORD02183,2024-01-27,CUST0654,P0015,1,0.0,18890.43,14292.88,18890.43,4597.55,South,Completed
ORD08746,2024-01-27,CUST0669,P0067,1,0.1,5933.02,4559.02,5339.72,780.7,West,Completed
ORD01017,2024-01-27,CUST0581,P0025,4,0.0,49570.32,37427.29,198281.28,48572.12,West,Completed
ORD04790,2024-01-27,CUST0643,P0015,2,0.1,18890.43,14292.88,34002.77,5417.01,South,Completed
ORD00498,2024-01-27,CUST0789,P0042,4,0.0,10683.47,6548.45,42733.88,16540.08,South,Completed
ORD02844,2024-01-27,CUST0423,P0198,2,0.1,715.13,510.57,1287.23,266.09,West,Completed
ORD09704,2024-01-27,CUST0328,P0072,2,0.1,28334.52,18780.23,51002.14,13441.68,West,Completed
ORD07060,2024-01-27,CUST0147,P0150,2,0.15,53462.03,36715.83,90885.45,17453.79,East,Completed
ORD07131,2024-01-27,CUST0968,P0117,3,0.05,62915.52,50890.59,179309.23,26637.46,South,Completed
ORD07870,2024-01-28,CUST0664,P0072,3,0.1,28334.52,18780.23,76503.2,20162.51,West,Completed
ORD00659,2024-01-28,CUST0255,P0058,1,0.1,7347.4,4878.31,6612.66,1734.35,South,Completed
ORD00121,2024-01-28,CUST0414,P0041,3,0.0,4003.54,2383.24,12010.62,4860.9,East,Completed
ORD08025,2024-01-28,CUST0328,P0036,1,0.05,1008.83,797.09,958.39,161.3,West,Completed
ORD05471,2024-01-28,CUST0364,P0073,1,0.05,15561.42,10813.46,14783.35,3969.89,North,Completed
ORD09559,2024-01-28,CUST0111,P0063,4,0.1,12786.65,8472.2,46031.94,12143.14,North,Completed
ORD09398,2024-01-28,CUST0333,P0042,2,0.0,10683.47,6548.45,21366.94,8270.04,East,Completed
ORD06308,2024-01-28,CUST0600,P0109,1,0.0,17118.52,11998.2,17118.52,5120.32,East,Completed
ORD05442,2024-01-28,CUST0233,P0176,1,0.05,9388.62,6512.18,8919.19,2407.01,East,Completed
ORD00794,2024-01-28,CUST0420,P0112,2,0.0,20043.19,13117.75,40086.38,13850.88,South,Completed
ORD00456,2024-01-28,CUST0445,P0168,3,0.15,1780.85,1042.33,4541.17,1414.18,North,Cancelled
ORD07248,2024-01-28,CUST0503,P0087,1,0.05,11879.48,8267.83,11285.51,3017.68,South,Completed
ORD04190,2024-01-28,CUST0560,P0060,3,0.2,32036.99,25220.68,76888.78,1226.74,West,Completed
ORD01126,2024-01-28,CUST0505,P0071,5,0.05,35759.59,27998.22,169858.05,29866.95,West,Completed
ORD07469,2024-01-28,CUST0376,P0015,3,0.05,18890.43,14292.88,53837.73,10959.09,West,Cancelled
ORD09830,2024-01-28,CUST0276,P0055,3,0.05,6422.29,4812.56,18303.53,3865.85,South,Completed
ORD04804,2024-01-28,CUST0754,P0195,1,0.0,15240.21,11813.53,15240.21,3426.68,South,Completed
ORD07398,2024-01-28,CUST0037,P0083,5,0.0,374.27,289.15,1871.35,425.6,East,Completed
ORD01463,2024-01-29,CUST0393,P0185,5,0.0,76508.26,54062.35,382541.3,112229.55,South,Completed
ORD03910,2024-01-29,CUST0283,P0125,4,0.1,3155.85,2083.96,11361.06,3025.22,East,Completed
ORD02568,2024-01-29,CUST0668,P0023,3,0.05,29957.89,23747.89,85379.99,14136.32,West,Completed
ORD06098,2024-01-29,CUST0529,P0022,4,0.15,68945.25,50670.94,234413.85,31730.09,South,Completed
ORD00943,2024-01-29,CUST0923,P0170,2,0.05,750.66,462.97,1426.25,500.31,South,Completed
ORD04773,2024-01-29,CUST0528,P0014,1,0.0,18597.52,13817.51,18597.52,4780.01,South,Completed
ORD01730,2024-01-29,CUST0232,P0189,1,0.1,38312.77,25713.12,34481.49,8768.37,East,Completed
ORD04291,2024-01-29,CUST0205,P0039,4,0.1,1717.54,1277.52,6183.14,1073.06,North,Completed
ORD08012,2024-01-29,CUST0402,P0192,1,0.0,20821.66,13717.57,20821.66,7104.09,North,Completed
ORD05722,2024-01-30,CUST0690,P0031,1,0.05,12553.48,9544.5,11925.81,2381.31,North,Completed
ORD09989,2024-01-30,CUST0834,P0089,2,0.05,74892.61,50603.0,142295.96,41089.96,East,Completed
ORD06844,2024-01-30,CUST0645,P0128,3,0.0,7160.91,4568.96,21482.73,7775.85,North,Completed
ORD08119,2024-01-30,CUST0998,P0119,1,0.1,11965.18,9132.35,10768.66,1636.31,South,Completed
ORD02253,2024-01-30,CUST0441,P0099,3,0.05,908.9,743.94,2590.36,358.54,South,Completed
ORD09190,2024-01-30,CUST0761,P0048,3,0.15,1114.29,876.19,2841.44,212.87,North,Completed
ORD01462,2024-01-30,CUST0471,P0140,1,0.0,12142.58,7367.6,12142.58,4774.98,South,Completed
ORD02761,2024-01-30,CUST0594,P0112,2,0.1,20043.19,13117.75,36077.74,9842.24,West,Completed
ORD04985,2024-01-30,CUST0345,P0008,5,0.05,68633.55,51583.32,326009.36,68092.76,North,Completed
ORD07160,2024-01-30,CUST0013,P0126,4,0.1,41856.24,33581.85,150682.46,16355.06,East,Pending
ORD09528,2024-01-30,CUST0767,P0135,3,0.0,644.55,462.91,1933.65,544.92,West,Cancelled
ORD06940,2024-01-30,CUST0027,P0031,1,0.05,12553.48,9544.5,11925.81,2381.31,South,Completed
ORD05974,2024-01-30,CUST0105,P0154,1,0.05,693.93,462.98,659.23,196.25,South,Completed
ORD05406,2024-01-30,CUST0502,P0144,2,0.1,501.46,362.98,902.63,176.67,South,Completed
ORD02246,2024-01-30,CUST0354,P0073,1,0.1,15561.42,10813.46,14005.28,3191.82,West,Completed
ORD07910,2024-01-30,CUST0828,P0060,1,0.1,32036.99,25220.68,28833.29,3612.61,North,Completed
ORD02066,2024-01-30,CUST0799,P0138,1,0.15,30903.45,21958.56,26267.93,4309.37,East,Completed
ORD00389,2024-01-30,CUST0207,P0163,4,0.1,3768.33,3060.43,13565.99,1324.27,South,Completed
ORD02019,2024-01-31,CUST0767,P0192,2,0.05,20821.66,13717.57,39561.15,12126.01,West,Completed
ORD01373,2024-01-31,CUST0658,P0127,2,0.15,37425.34,27064.21,63623.08,9494.66,North,Completed
ORD07412,2024-01-31,CUST0531,P0001,3,0.0,796.95,617.19,2390.85,539.28,South,Completed
ORD02788,2024-01-31,CUST0789,P0144,1,0.2,501.46,362.98,401.17,38.19,South,Completed
ORD05774,2024-01-31,CUST0643,P0058,3,0.0,7347.4,4878.31,22042.2,7407.27,South,Completed
ORD09722,2024-01-31,CUST0768,P0142,4,0.1,4782.08,3282.92,17215.49,4083.81,East,Completed
ORD03302,2024-01-31,CUST0009,P0191,1,0.05,8442.75,6441.23,8020.61,1579.38,South,Completed
ORD01307,2024-01-31,CUST0612,P0178,2,0.0,4042.35,3098.18,8084.7,1888.34,South,Completed
ORD08748,2024-01-31,CUST0075,P0105,3,0.1,17543.79,10886.17,47368.23,14709.72,West,Completed
ORD05476,2024-01-31,CUST0639,P0058,3,0.05,7347.4,4878.31,20940.09,6305.16,East,Completed
ORD01798,2024-01-31,CUST0130,P0105,1,0.0,17543.79,10886.17,17543.79,6657.62,North,Completed
ORD08130,2024-01-31,CUST0355,P0003,1,0.05,15581.84,9713.54,14802.75,5089.21,North,Completed
ORD07777,2024-02-01,CUST0790,P0189,2,0.15,38312.77,25713.12,65131.71,13705.47,South,Completed
ORD04573,2024-02-01,CUST0183,P0143,1,0.1,56727.96,35563.32,51055.16,15491.84,South,Completed
ORD02608,2024-02-01,CUST0477,P0065,2,0.0,21598.4,14583.7,43196.8,14029.4,East,Completed
ORD09362,2024-02-01,CUST0697,P0195,1,0.1,15240.21,11813.53,13716.19,1902.66,West,Completed
ORD05450,2024-02-01,CUST0706,P0139,3,0.1,26827.4,18117.75,72433.98,18080.73,East,Completed
ORD08768,2024-02-01,CUST0254,P0142,1,0.1,4782.08,3282.92,4303.87,1020.95,West,Completed
ORD01505,2024-02-02,CUST0188,P0056,2,0.05,312.97,191.98,594.64,210.68,East,Completed
ORD09815,2024-02-02,CUST0234,P0084,1,0.1,52737.3,39276.81,47463.57,8186.76,South,Completed
ORD01764,2024-02-02,CUST0506,P0142,3,0.1,4782.08,3282.92,12911.62,3062.86,North,Completed
ORD04859,2024-02-02,CUST0735,P0200,3,0.1,37954.59,28614.99,102477.39,16632.42,West,Completed
ORD05302,2024-02-02,CUST0141,P0180,1,0.05,23838.69,16889.32,22646.76,5757.44,East,Cancelled
ORD01718,2024-02-02,CUST0945,P0119,2,0.15,11965.18,9132.35,20340.81,2076.11,West,Completed
ORD07970,2024-02-02,CUST0360,P0138,1,0.0,30903.45,21958.56,30903.45,8944.89,West,Completed
ORD09274,2024-02-02,CUST0626,P0191,5,0.05,8442.75,6441.23,40103.06,7896.91,South,Completed
ORD03176,2024-02-02,CUST0416,P0077,3,0.1,50047.7,37709.36,135128.79,22000.71,South,Cancelled
ORD05272,2024-02-02,CUST0569,P0064,1,0.0,20038.07,13846.76,20038.07,6191.31,West,Completed
ORD01099,2024-02-03,CUST0271,P0142,1,0.05,4782.08,3282.92,4542.98,1260.06,East,Completed
ORD05414,2024-02-03,CUST0574,P0177,2,0.1,783.92,493.62,1411.06,423.82,East,Completed
ORD05666,2024-02-03,CUST0055,P0179,2,0.15,12818.17,8758.44,21790.89,4274.01,East,Completed
ORD02361,2024-02-03,CUST0183,P0094,2,0.15,77812.86,47690.34,132281.86,36901.18,South,Completed
ORD09571,2024-02-04,CUST0890,P0102,2,0.2,4149.23,2427.22,6638.77,1784.33,North,Completed
ORD05567,2024-02-04,CUST0096,P0109,3,0.05,17118.52,11998.2,48787.78,12793.18,South,Completed
ORD09405,2024-02-04,CUST0825,P0200,1,0.2,37954.59,28614.99,30363.67,1748.68,South,Completed
ORD00335,2024-02-04,CUST0898,P0010,5,0.05,16072.59,10816.67,76344.8,22261.45,South,Completed
ORD01056,2024-02-04,CUST0948,P0047,2,0.1,1004.63,793.19,1808.33,221.95,South,Completed
ORD09133,2024-02-04,CUST0075,P0129,5,0.05,43850.97,27932.89,208292.11,68627.66,West,Completed
ORD03402,2024-02-04,CUST0717,P0115,2,0.05,9526.21,7338.52,18099.8,3422.76,South,Completed
ORD05041,2024-02-04,CUST0612,P0198,2,0.05,715.13,510.57,1358.75,337.61,South,Completed
ORD05338,2024-02-04,CUST0825,P0192,2,0.1,20821.66,13717.57,37478.99,10043.85,South,Completed
ORD06939,2024-02-04,CUST0410,P0059,2,0.1,1247.06,804.27,2244.71,636.17,East,Completed
ORD04267,2024-02-04,CUST0769,P0031,1,0.0,12553.48,9544.5,12553.48,3008.98,South,Completed
ORD07829,2024-02-04,CUST0815,P0128,2,0.1,7160.91,4568.96,12889.64,3751.72,South,Completed
ORD07745,2024-02-04,CUST0196,P0009,2,0.1,724.93,490.11,1304.87,324.65,East,Completed
ORD06400,2024-02-04,CUST0218,P0077,4,0.15,50047.7,37709.36,170162.18,19324.74,South,Completed
ORD03552,2024-02-04,CUST0943,P0175,4,0.05,791.76,614.23,3008.69,551.77,East,Completed
ORD05166,2024-02-05,CUST0077,P0139,1,0.1,26827.4,18117.75,24144.66,6026.91,East,Completed
ORD08875,2024-02-05,CUST0376,P0074,5,0.1,40981.75,23771.65,184417.88,65559.63,West,Completed
ORD09544,2024-02-05,CUST0952,P0086,1,0.05,519.82,398.56,493.83,95.27,East,Completed
ORD08161,2024-02-05,CUST0907,P0104,4,0.1,22437.82,18159.1,80776.15,8139.75,South,Completed
ORD07527,2024-02-05,CUST0095,P0166,2,0.15,47059.67,34982.34,80001.44,10036.76,West,Completed
ORD00079,2024-02-05,CUST0584,P0173,1,0.15,4259.82,3133.66,3620.85,487.19,North,Completed
ORD01239,2024-02-05,CUST0978,P0028,5,0.05,1126.53,825.36,5351.02,1224.22,East,Completed
ORD09751,2024-02-05,CUST0732,P0086,4,0.1,519.82,398.56,1871.35,277.11,East,Completed
ORD09518,2024-02-05,CUST0927,P0191,1,0.0,8442.75,6441.23,8442.75,2001.52,South,Completed
ORD07610,2024-02-05,CUST0645,P0196,4,0.0,385.78,231.62,1543.12,616.64,North,Completed
ORD07626,2024-02-05,CUST0113,P0131,5,0.15,896.08,597.69,3808.34,819.89,West,Completed
ORD01296,2024-02-05,CUST0292,P0087,2,0.1,11879.48,8267.83,21383.06,4847.4,West,Completed
ORD05297,2024-02-05,CUST0101,P0001,1,0.0,796.95,617.19,796.95,179.76,East,Completed
ORD05951,2024-02-05,CUST0528,P0033,1,0.0,54569.41,31985.14,54569.41,22584.27,South,Completed
ORD01971,2024-02-05,CUST0592,P0190,3,0.2,2296.71,1653.27,5512.1,552.29,South,Completed
ORD03029,2024-02-06,CUST0079,P0136,1,0.05,3029.54,2200.52,2878.06,677.54,North,Completed
ORD01815,2024-02-06,CUST0317,P0145,1,0.05,360.46,274.8,342.44,67.64,West,Completed
ORD01449,2024-02-06,CUST0922,P0067,2,0.0,5933.02,4559.02,11866.04,2748.0,West,Completed
ORD06391,2024-02-06,CUST0511,P0143,1,0.2,56727.96,35563.32,45382.37,9819.05,West,Completed
ORD04901,2024-02-06,CUST0702,P0193,2,0.15,8422.11,6102.6,14317.59,2112.39,West,Completed
ORD01746,2024-02-06,CUST0806,P0043,2,0.1,528.82,390.77,951.88,170.34,South,Completed
ORD09824,2024-02-06,CUST0694,P0006,2,0.0,51610.25,30768.51,103220.5,41683.48,North,Completed
ORD01133,2024-02-06,CUST0602,P0116,2,0.05,41570.44,24508.05,78983.84,29967.74,South,Completed
ORD01527,2024-02-06,CUST0626,P0020,1,0.1,14020.39,10682.55,12618.35,1935.8,South,Completed
ORD06128,2024-02-06,CUST0801,P0191,1,0.0,8442.75,6441.23,8442.75,2001.52,East,Completed
ORD01277,2024-02-06,CUST0439,P0007,3,0.05,8223.62,4942.96,23437.32,8608.44,West,Completed
ORD05899,2024-02-06,CUST0464,P0025,3,0.05,49570.32,37427.29,141275.41,28993.54,East,Completed
ORD06341,2024-02-06,CUST0343,P0141,4,0.05,1748.75,1100.65,6645.25,2242.65,South,Completed
ORD02108,2024-02-07,CUST0439,P0016,2,0.05,20196.29,11952.43,38372.95,14468.09,West,Completed
ORD04397,2024-02-07,CUST0738,P0001,3,0.0,796.95,617.19,2390.85,539.28,South,Completed
ORD03809,2024-02-07,CUST0400,P0154,3,0.0,693.93,462.98,2081.79,692.85,West,Completed
ORD02606,2024-02-07,CUST0635,P0007,2,0.15,8223.62,4942.96,13980.15,4094.23,East,Completed
ORD02136,2024-02-07,CUST0149,P0071,4,0.05,35759.59,27998.22,135886.44,23893.56,West,Completed
ORD07231,2024-02-07,CUST0405,P0121,3,0.2,975.23,645.82,2340.55,403.09,South,Completed
ORD00878,2024-02-07,CUST0091,P0017,1,0.1,17284.69,10596.05,15556.22,4960.17,North,Completed
ORD06274,2024-02-07,CUST0330,P0043,2,0.05,528.82,390.77,1004.76,223.22,West,Completed
ORD02555,2024-02-07,CUST0859,P0174,1,0.05,46343.47,28863.63,44026.3,15162.67,South,Completed
ORD08017,2024-02-07,CUST0273,P0021,2,0.15,6878.25,5112.71,11693.02,1467.6,East,Completed
ORD05351,2024-02-07,CUST0325,P0123,4,0.1,77212.89,61788.48,277966.4,30812.48,North,Completed
ORD04959,2024-02-07,CUST0953,P0099,1,0.1,908.9,743.94,818.01,74.07,North,Completed
ORD01208,2024-02-07,CUST0536,P0143,3,0.0,56727.96,35563.32,170183.88,63493.92,East,Cancelled
ORD09198,2024-02-07,CUST0553,P0034,1,0.0,143.7,100.11,143.7,43.59,East,Cancelled
ORD09143,2024-02-07,CUST0592,P0101,5,0.05,51632.3,38843.18,245253.42,51037.52,South,Completed
ORD00462,2024-02-07,CUST0484,P0096,2,0.05,22714.55,15565.72,43157.64,12026.2,East,Completed
ORD01425,2024-02-07,CUST0812,P0104,1,0.1,22437.82,18159.1,20194.04,2034.94,North,Pending
ORD07049,2024-02-08,CUST0322,P0164,1,0.05,8324.94,6438.05,7908.69,1470.64,West,Completed
ORD04043,2024-02-08,CUST0313,P0095,4,0.0,9513.49,6495.4,38053.96,12072.36,North,Completed
ORD05734,2024-02-08,CUST0665,P0009,3,0.1,724.93,490.11,1957.31,486.98,West,Completed
ORD07106,2024-02-08,CUST0102,P0162,1,0.1,46811.03,27452.25,42129.93,14677.68,South,Completed
ORD03563,2024-02-08,CUST0253,P0159,1,0.0,54205.42,36083.24,54205.42,18122.18,South,Completed
ORD08969,2024-02-08,CUST0375,P0088,1,0.05,58121.47,37608.48,55215.4,17606.92,North,Completed
ORD07958,2024-02-08,CUST0650,P0143,5,0.0,56727.96,35563.32,283639.8,105823.2,South,Completed
ORD00420,2024-02-08,CUST0325,P0096,2,0.2,22714.55,15565.72,36343.28,5211.84,North,Completed
ORD00954,2024-02-08,CUST0988,P0073,2,0.05,15561.42,10813.46,29566.7,7939.78,South,Completed
ORD05128,2024-02-08,CUST0889,P0149,2,0.1,2427.19,1691.68,4368.94,985.58,West,Completed
ORD07180,2024-02-09,CUST0988,P0101,2,0.0,51632.3,38843.18,103264.6,25578.24,South,Completed
ORD01765,2024-02-09,CUST0756,P0148,1,0.1,15484.78,9786.06,13936.3,4150.24,North,Completed
ORD06513,2024-02-09,CUST0870,P0116,1,0.1,41570.44,24508.05,37413.4,12905.35,West,Completed
ORD04763,2024-02-09,CUST0897,P0191,3,0.0,8442.75,6441.23,25328.25,6004.56,North,Completed
ORD06225,2024-02-09,CUST0508,P0090,2,0.0,446.05,334.33,892.1,223.44,West,Completed
ORD09565,2024-02-09,CUST0852,P0011,2,0.1,50761.69,39171.65,91371.04,13027.74,North,Completed
ORD00975,2024-02-09,CUST0372,P0005,4,0.05,759.62,541.79,2886.56,719.4,North,Completed
ORD03653,2024-02-09,CUST0077,P0053,1,0.0,422.63,329.18,422.63,93.45,East,Completed
ORD08900,2024-02-09,CUST0344,P0186,1,0.1,36288.91,28203.52,32660.02,4456.5,East,Completed
ORD07897,2024-02-09,CUST0810,P0036,3,0.0,1008.83,797.09,3026.49,635.22,North,Completed
ORD01098,2024-02-09,CUST0777,P0198,3,0.0,715.13,510.57,2145.39,613.68,South,Completed
ORD05893,2024-02-09,CUST0529,P0028,1,0.05,1126.53,825.36,1070.2,244.84,South,Pending
ORD05636,2024-02-09,CUST0676,P0051,2,0.1,57445.48,35926.8,103401.86,31548.26,South,Pending
ORD07105,2024-02-09,CUST0598,P0200,2,0.1,37954.59,28614.99,68318.26,11088.28,South,Completed
ORD05932,2024-02-10,CUST0986,P0080,2,0.1,67342.32,40846.14,121216.18,39523.9,South,Completed
ORD05045,2024-02-10,CUST0258,P0049,2,0.1,56396.41,44202.58,101513.54,13108.38,North,Completed
ORD06024,2024-02-10,CUST0089,P0121,3,0.05,975.23,645.82,2779.41,841.95,South,Completed
ORD08896,2024-02-10,CUST0679,P0138,2,0.15,30903.45,21958.56,52535.86,8618.74,East,Completed
ORD04133,2024-02-10,CUST0123,P0186,3,0.1,36288.91,28203.52,97980.06,13369.5,North,Completed
ORD02081,2024-02-10,CUST0541,P0143,1,0.1,56727.96,35563.32,51055.16,15491.84,South,Completed
ORD06704,2024-02-10,CUST0756,P0177,1,0.2,783.92,493.62,627.14,133.52,North,Pending
ORD04542,2024-02-10,CUST0494,P0152,3,0.05,5896.48,4498.55,16804.97,3309.32,South,Completed
ORD02072,2024-02-10,CUST0599,P0146,3,0.0,11482.27,8693.26,34446.81,8367.03,West,Completed
ORD05791,2024-02-10,CUST0907,P0168,3,0.0,1780.85,1042.33,5342.55,2215.56,South,Completed
ORD05160,2024-02-10,CUST0478,P0160,2,0.15,680.29,502.6,1156.49,151.29,West,Completed
ORD09897,2024-02-10,CUST0865,P0085,2,0.1,73872.61,56554.21,132970.7,19862.28,South,Completed
ORD06287,2024-02-10,CUST0656,P0015,2,0.0,18890.43,14292.88,37780.86,9195.1,North,Completed
ORD04837,2024-02-10,CUST0490,P0112,2,0.05,20043.19,13117.75,38082.06,11846.56,West,Completed
ORD04066,2024-02-10,CUST0510,P0124,3,0.1,38907.93,29071.02,105051.41,17838.35,West,Completed
ORD00825,2024-02-11,CUST0693,P0062,1,0.05,7214.7,5874.11,6853.96,979.85,East,Completed
ORD01326,2024-02-11,CUST0101,P0068,3,0.0,41326.98,32432.51,123980.94,26683.41,East,Completed
ORD03887,2024-02-11,CUST0289,P0173,1,0.05,4259.82,3133.66,4046.83,913.17,West,Completed
ORD09954,2024-02-11,CUST0530,P0012,2,0.1,4072.78,2687.49,7331.0,1956.02,North,Completed
ORD08804,2024-02-11,CUST0159,P0154,3,0.05,693.93,462.98,1977.7,588.76,East,Completed
ORD06349,2024-02-11,CUST0323,P0147,1,0.05,22737.01,13458.16,21600.16,8142.0,East,Completed
ORD03694,2024-02-11,CUST0464,P0078,1,0.0,66750.32,43644.61,66750.32,23105.71,East,Completed
ORD01321,2024-02-11,CUST0243,P0113,1,0.0,26426.25,19479.69,26426.25,6946.56,North,Completed
ORD05689,2024-02-12,CUST0501,P0015,2,0.0,18890.43,14292.88,37780.86,9195.1,North,Completed
ORD09448,2024-02-12,CUST0466,P0187,2,0.05,184.91,120.68,351.33,109.97,South,Completed
ORD09761,2024-02-12,CUST0741,P0022,1,0.1,68945.25,50670.94,62050.72,11379.78,South,Completed
ORD02882,2024-02-12,CUST0604,P0171,1,0.05,39010.06,29472.11,37059.56,7587.45,South,Completed
ORD02505,2024-02-12,CUST0440,P0143,1,0.05,56727.96,35563.32,53891.56,18328.24,East,Completed
ORD01511,2024-02-12,CUST0450,P0113,2,0.1,26426.25,19479.69,47567.25,8607.87,South,Completed
ORD08128,2024-02-12,CUST0702,P0129,2,0.1,43850.97,27932.89,78931.75,23065.97,West,Completed
ORD09935,2024-02-12,CUST0845,P0175,1,0.0,791.76,614.23,791.76,177.53,West,Completed
ORD03866,2024-02-12,CUST0355,P0141,2,0.1,1748.75,1100.65,3147.75,946.45,North,Cancelled
ORD03792,2024-02-12,CUST0869,P0182,2,0.05,15590.28,12172.38,29621.53,5276.77,South,Pending
ORD08925,2024-02-12,CUST0997,P0167,2,0.0,7469.0,4701.25,14938.0,5535.5,South,Completed
ORD00595,2024-02-12,CUST0798,P0034,1,0.0,143.7,100.11,143.7,43.59,North,Pending
ORD06114,2024-02-12,CUST0886,P0135,4,0.0,644.55,462.91,2578.2,726.56,East,Completed
ORD01235,2024-02-12,CUST0483,P0186,1,0.1,36288.91,28203.52,32660.02,4456.5,North,Completed
ORD01342,2024-02-12,CUST0755,P0150,4,0.05,53462.03,36715.83,203155.71,56292.39,East,Completed
ORD07449,2024-02-13,CUST0715,P0075,5,0.0,6740.18,4364.5,33700.9,11878.4,South,Completed
ORD00646,2024-02-13,CUST0766,P0006,4,0.0,51610.25,30768.51,206441.0,83366.96,South,Completed
ORD03853,2024-02-13,CUST0852,P0009,1,0.05,724.93,490.11,688.68,198.57,North,Completed
ORD08956,2024-02-13,CUST0178,P0013,1,0.1,8923.66,6594.73,8031.29,1436.56,West,Completed
ORD09345,2024-02-13,CUST0051,P0013,1,0.0,8923.66,6594.73,8923.66,2328.93,West,Completed
ORD05286,2024-02-13,CUST0541,P0081,1,0.1,11112.68,6733.47,10001.41,3267.94,South,Completed
ORD08773,2024-02-13,CUST0215,P0133,2,0.15,30154.78,21233.5,51263.13,8796.13,North,Cancelled
ORD00082,2024-02-13,CUST0684,P0117,3,0.1,62915.52,50890.59,169871.9,17200.13,North,Completed
ORD02080,2024-02-13,CUST0463,P0124,1,0.15,38907.93,29071.02,33071.74,4000.72,South,Completed
ORD08148,2024-02-13,CUST0259,P0132,4,0.05,235.21,163.03,893.8,241.68,South,Completed
ORD07079,2024-02-13,CUST0101,P0071,4,0.05,35759.59,27998.22,135886.44,23893.56,East,Completed
ORD08235,2024-02-13,CUST0869,P0016,1,0.0,20196.29,11952.43,20196.29,8243.86,South,Completed
ORD01262,2024-02-13,CUST0276,P0184,1,0.1,20719.38,13335.4,18647.44,5312.04,South,Completed
ORD03772,2024-02-13,CUST0579,P0185,2,0.05,76508.26,54062.35,145365.69,37240.99,North,Completed
ORD06346,2024-02-14,CUST0653,P0156,4,0.0,44665.09,34536.09,178660.36,40516.0,West,Completed
ORD01207,2024-02-14,CUST0449,P0122,3,0.05,17942.76,13133.8,51136.87,11735.47,North,Completed
ORD09923,2024-02-14,CUST0484,P0004,1,0.0,20696.25,15931.27,20696.25,4764.98,East,Completed
ORD07426,2024-02-14,CUST0558,P0079,4,0.1,409.51,310.64,1474.24,231.68,East,Completed
ORD05705,2024-02-14,CUST0394,P0031,2,0.1,12553.48,9544.5,22596.26,3507.26,South,Completed
ORD00577,2024-02-14,CUST0670,P0129,1,0.1,43850.97,27932.89,39465.87,11532.98,North,Completed
ORD05852,2024-02-14,CUST0324,P0172,1,0.0,53066.45,36105.87,53066.45,16960.58,East,Completed
ORD01398,2024-02-14,CUST0270,P0021,3,0.0,6878.25,5112.71,20634.75,5296.62,West,Completed
ORD01976,2024-02-14,CUST0424,P0113,1,0.0,26426.25,19479.69,26426.25,6946.56,West,Completed
ORD09018,2024-02-14,CUST0454,P0029,1,0.05,1310.65,844.84,1245.12,400.28,West,Completed
ORD05352,2024-02-14,CUST0869,P0076,1,0.1,20055.1,12211.29,18049.59,5838.3,South,Completed
ORD08831,2024-02-14,CUST0362,P0062,1,0.05,7214.7,5874.11,6853.96,979.85,West,Completed
ORD03575,2024-02-14,CUST0826,P0079,4,0.1,409.51,310.64,1474.24,231.68,West,Completed
ORD08776,2024-02-14,CUST0474,P0054,4,0.0,34828.61,21081.63,139314.44,54987.92,North,Completed
ORD07761,2024-02-14,CUST0532,P0160,1,0.05,680.29,502.6,646.28,143.68,West,Completed
ORD01945,2024-02-14,CUST0701,P0155,5,0.05,9808.49,7104.6,46590.33,11067.33,West,Completed
ORD01655,2024-02-14,CUST0898,P0193,1,0.1,8422.11,6102.6,7579.9,1477.3,South,Completed
ORD00808,2024-02-14,CUST0534,P0014,2,0.15,18597.52,13817.51,31615.78,3980.76,West,Completed
ORD00029,2024-02-14,CUST0801,P0146,1,0.05,11482.27,8693.26,10908.16,2214.9,East,Completed
ORD08932,2024-02-14,CUST0982,P0140,1,0.0,12142.58,7367.6,12142.58,4774.98,East,Completed
ORD04294,2024-02-14,CUST0799,P0056,1,0.1,312.97,191.98,281.67,89.69,East,Completed
ORD02612,2024-02-14,CUST0145,P0153,1,0.15,318.53,240.18,270.75,30.57,South,Completed
ORD02518,2024-02-14,CUST0240,P0062,2,0.15,7214.7,5874.11,12264.99,516.77,North,Cancelled
ORD08446,2024-02-14,CUST0831,P0195,1,0.0,15240.21,11813.53,15240.21,3426.68,West,Completed
ORD07992,2024-02-14,CUST0938,P0017,2,0.05,17284.69,10596.05,32840.91,11648.81,West,Completed
ORD02268,2024-02-15,CUST0486,P0087,2,0.1,11879.48,8267.83,21383.06,4847.4,West,Cancelled
ORD07306,2024-02-15,CUST0562,P0119,2,0.0,11965.18,9132.35,23930.36,5665.66,West,Completed
ORD09043,2024-02-15,CUST0892,P0115,1,0.0,9526.21,7338.52,9526.21,2187.69,South,Completed
ORD05566,2024-02-15,CUST0561,P0158,2,0.0,33125.35,22293.09,66250.7,21664.52,South,Completed
ORD07002,2024-02-15,CUST0652,P0149,1,0.05,2427.19,1691.68,2305.83,614.15,North,Completed
ORD06044,2024-02-15,CUST0059,P0133,5,0.15,30154.78,21233.5,128157.81,21990.31,West,Completed
ORD03306,2024-02-15,CUST0225,P0161,1,0.0,36827.84,23163.81,36827.84,13664.03,East,Completed
ORD01741,2024-02-15,CUST0323,P0115,4,0.1,9526.21,7338.52,34294.36,4940.28,East,Completed
ORD09673,2024-02-15,CUST0083,P0130,1,0.0,58219.77,46803.43,58219.77,11416.34,North,Completed
ORD07348,2024-02-15,CUST0330,P0022,1,0.05,68945.25,50670.94,65497.99,14827.05,West,Completed
ORD07639,2024-02-15,CUST0321,P0021,3,0.15,6878.25,5112.71,17539.54,2201.41,East,Completed
ORD05181,2024-02-15,CUST0365,P0146,1,0.05,11482.27,8693.26,10908.16,2214.9,North,Completed
ORD00473,2024-02-15,CUST0378,P0054,3,0.05,34828.61,21081.63,99261.54,36016.65,East,Completed
ORD09805,2024-02-15,CUST0439,P0173,4,0.0,4259.82,3133.66,17039.28,4504.64,West,Completed
ORD07913,2024-02-15,CUST0093,P0078,2,0.05,66750.32,43644.61,126825.61,39536.39,East,Cancelled
ORD04523,2024-02-16,CUST0573,P0123,1,0.05,77212.89,61788.48,73352.25,11563.77,North,Completed
ORD09623,2024-02-16,CUST0348,P0179,1,0.0,12818.17,8758.44,12818.17,4059.73,East,Completed
ORD04526,2024-02-16,CUST0178,P0150,2,0.05,53462.03,36715.83,101577.86,28146.2,West,Completed
ORD06201,2024-02-16,CUST0086,P0061,2,0.05,49224.25,33194.34,93526.08,27137.4,West,Completed
ORD07550,2024-02-16,CUST0646,P0046,2,0.0,61902.8,37121.36,123805.6,49562.88,North,Completed
ORD06010,2024-02-16,CUST0307,P0008,1,0.1,68633.55,51583.32,61770.2,10186.88,West,Completed
ORD06045,2024-02-16,CUST0181,P0189,1,0.1,38312.77,25713.12,34481.49,8768.37,East,Completed
ORD05943,2024-02-16,CUST0115,P0041,2,0.05,4003.54,2383.24,7606.73,2840.25,North,Completed
ORD00329,2024-02-16,CUST0433,P0154,2,0.0,693.93,462.98,1387.86,461.9,South,Pending
ORD05019,2024-02-16,CUST0606,P0002,2,0.0,6203.85,4038.58,12407.7,4330.54,South,Cancelled
ORD07866,2024-02-16,CUST0444,P0045,1,0.05,2217.01,1355.93,2106.16,750.23,South,Completed
ORD00342,2024-02-16,CUST0239,P0126,2,0.05,41856.24,33581.85,79526.86,12363.16,East,Completed
ORD03567,2024-02-16,CUST0274,P0111,1,0.15,32818.12,23699.05,27895.4,4196.35,East,Completed
ORD06354,2024-02-16,CUST0311,P0003,2,0.0,15581.84,9713.54,31163.68,11736.6,North,Completed
ORD04884,2024-02-16,CUST0840,P0124,1,0.0,38907.93,29071.02,38907.93,9836.91,South,Completed
ORD02185,2024-02-16,CUST0158,P0085,3,0.05,73872.61,56554.21,210536.94,40874.31,South,Completed
ORD04974,2024-02-16,CUST0550,P0112,2,0.05,20043.19,13117.75,38082.06,11846.56,South,Completed
ORD07069,2024-02-16,CUST0911,P0062,4,0.1,7214.7,5874.11,25972.92,2476.48,West,Completed
ORD02017,2024-02-17,CUST0711,P0167,3,0.15,7469.0,4701.25,19045.95,4942.2,East,Completed
ORD07862,2024-02-17,CUST0377,P0089,2,0.1,74892.61,50603.0,134806.7,33600.7,South,Completed
ORD08733,2024-02-17,CUST0204,P0157,2,0.05,1290.11,764.14,2451.21,922.93,North,Completed
ORD08721,2024-02-17,CUST0628,P0002,4,0.15,6203.85,4038.58,21093.09,4938.77,North,Completed
ORD08455,2024-02-17,CUST0986,P0003,1,0.05,15581.84,9713.54,14802.75,5089.21,South,Completed
ORD02945,2024-02-17,CUST0750,P0040,2,0.1,568.55,361.32,1023.39,300.75,East,Completed
ORD05618,2024-02-17,CUST0266,P0170,1,0.05,750.66,462.97,713.13,250.16,East,Completed
ORD07346,2024-02-17,CUST0054,P0163,2,0.0,3768.33,3060.43,7536.66,1415.8,East,Cancelled
ORD00111,2024-02-17,CUST0140,P0107,2,0.1,72638.94,50890.24,130750.09,28969.61,South,Completed
ORD07198,2024-02-17,CUST0175,P0052,1,0.15,7440.54,4865.29,6324.46,1459.17,West,Completed
ORD06157,2024-02-17,CUST0112,P0112,2,0.0,20043.19,13117.75,40086.38,13850.88,North,Completed
ORD05401,2024-02-17,CUST0160,P0126,1,0.2,41856.24,33581.85,33484.99,-96.86,North,Completed
ORD04705,2024-02-17,CUST0472,P0111,3,0.1,32818.12,23699.05,88608.92,17511.77,North,Completed
ORD05613,2024-02-17,CUST0719,P0061,2,0.0,49224.25,33194.34,98448.5,32059.82,West,Cancelled
ORD04605,2024-02-17,CUST0693,P0114,1,0.15,16683.02,10299.86,14180.57,3880.71,East,Completed
ORD00010,2024-02-17,CUST0378,P0038,2,0.15,25137.53,20080.78,42733.8,2572.24,East,Completed
ORD03571,2024-02-17,CUST0418,P0178,1,0.1,4042.35,3098.18,3638.12,539.94,South,Completed
ORD06206,2024-02-18,CUST0184,P0159,2,0.05,54205.42,36083.24,102990.3,30823.82,West,Completed
ORD06864,2024-02-18,CUST0393,P0034,2,0.1,143.7,100.11,258.66,58.44,South,Completed
ORD02933,2024-02-18,CUST0666,P0171,2,0.15,39010.06,29472.11,66317.1,7372.88,North,Cancelled
ORD06884,2024-02-18,CUST0015,P0163,2,0.1,3768.33,3060.43,6782.99,662.13,West,Completed
ORD08477,2024-02-18,CUST0638,P0098,1,0.1,15055.62,11767.46,13550.06,1782.6,West,Cancelled
ORD06440,2024-02-18,CUST0761,P0071,3,0.1,35759.59,27998.22,96550.89,12556.23,North,Completed
ORD01669,2024-02-18,CUST0432,P0133,1,0.05,30154.78,21233.5,28647.04,7413.54,East,Completed
ORD00748,2024-02-18,CUST0519,P0074,2,0.15,40981.75,23771.65,69668.97,22125.67,North,Completed
ORD08554,2024-02-19,CUST0941,P0132,2,0.05,235.21,163.03,446.9,120.84,South,Completed
ORD05306,2024-02-19,CUST0840,P0129,1,0.05,43850.97,27932.89,41658.42,13725.53,South,Completed
ORD05685,2024-02-19,CUST0381,P0057,1,0.15,911.67,722.71,774.92,52.21,North,Cancelled
ORD01684,2024-02-19,CUST0452,P0158,4,0.05,33125.35,22293.09,125876.33,36703.97,South,Completed
ORD05157,2024-02-20,CUST0687,P0032,1,0.1,39614.35,24714.41,35652.92,10938.51,East,Completed
ORD06075,2024-02-20,CUST0646,P0153,1,0.1,318.53,240.18,286.68,46.5,North,Completed
ORD02435,2024-02-20,CUST0308,P0129,1,0.0,43850.97,27932.89,43850.97,15918.08,West,Completed
ORD02883,2024-02-20,CUST0798,P0001,3,0.1,796.95,617.19,2151.77,300.2,North,Completed
ORD04862,2024-02-20,CUST0633,P0031,1,0.0,12553.48,9544.5,12553.48,3008.98,West,Cancelled
ORD05252,2024-02-20,CUST0806,P0149,3,0.15,2427.19,1691.68,6189.33,1114.29,South,Completed
ORD01965,2024-02-20,CUST0218,P0168,1,0.05,1780.85,1042.33,1691.81,649.48,South,Completed
ORD05784,2024-02-20,CUST0869,P0074,2,0.0,40981.75,23771.65,81963.5,34420.2,South,Completed
ORD09835,2024-02-20,CUST0296,P0143,1,0.15,56727.96,35563.32,48218.77,12655.45,South,Pending
ORD03370,2024-02-20,CUST0333,P0067,4,0.0,5933.02,4559.02,23732.08,5496.0,East,Completed
ORD06072,2024-02-20,CUST0631,P0034,2,0.15,143.7,100.11,244.29,44.07,North,Completed
ORD02977,2024-02-21,CUST0835,P0082,1,0.0,14583.87,9123.23,14583.87,5460.64,West,Completed
ORD02957,2024-02-21,CUST0066,P0097,1,0.1,11100.34,7751.47,9990.31,2238.84,West,Completed
ORD06810,2024-02-21,CUST0752,P0075,3,0.15,6740.18,4364.5,17187.46,4093.96,East,Completed
ORD05905,2024-02-21,CUST0095,P0098,1,0.2,15055.62,11767.46,12044.5,277.04,West,Completed
ORD01286,2024-02-21,CUST0534,P0092,2,0.05,41737.72,32410.53,79301.67,14480.61,West,Completed
ORD08037,2024-02-21,CUST0229,P0193,3,0.1,8422.11,6102.6,22739.7,4431.9,West,Completed
ORD03767,2024-02-21,CUST0292,P0197,1,0.0,15133.72,11886.63,15133.72,3247.09,West,Completed
ORD03726,2024-02-21,CUST0249,P0032,2,0.05,39614.35,24714.41,75267.26,25838.44,West,Completed
ORD01862,2024-02-21,CUST0508,P0132,1,0.0,235.21,163.03,235.21,72.18,West,Completed
ORD06635,2024-02-21,CUST0008,P0076,2,0.15,20055.1,12211.29,34093.67,9671.09,West,Completed
ORD06534,2024-02-21,CUST0565,P0183,4,0.15,66902.29,49511.88,227467.79,29420.27,West,Completed
ORD07944,2024-02-21,CUST0368,P0121,1,0.0,975.23,645.82,975.23,329.41,North,Completed
ORD05455,2024-02-21,CUST0232,P0015,2,0.1,18890.43,14292.88,34002.77,5417.01,East,Completed
ORD03432,2024-02-21,CUST0278,P0031,3,0.05,12553.48,9544.5,35777.42,7143.92,West,Pending
ORD04930,2024-02-21,CUST0518,P0004,2,0.05,20696.25,15931.27,39322.88,7460.34,North,Completed
ORD02102,2024-02-21,CUST0123,P0164,2,0.15,8324.94,6438.05,14152.4,1276.3,North,Completed
ORD00058,2024-02-21,CUST0799,P0151,1,0.0,5830.9,4665.5,5830.9,1165.4,East,Completed
ORD09372,2024-02-21,CUST0047,P0032,1,0.15,39614.35,24714.41,33672.2,8957.79,East,Completed
ORD00030,2024-02-21,CUST0443,P0149,2,0.05,2427.19,1691.68,4611.66,1228.3,South,Completed
ORD00022,2024-02-21,CUST0248,P0051,1,0.1,57445.48,35926.8,51700.93,15774.13,East,Completed
ORD09328,2024-02-21,CUST0103,P0188,3,0.0,5272.37,3130.49,15817.11,6425.64,South,Completed
ORD02086,2024-02-22,CUST0130,P0186,2,0.15,36288.91,28203.52,61691.15,5284.11,North,Completed
ORD06414,2024-02-22,CUST0646,P0070,3,0.1,56679.56,41863.05,153034.81,27445.66,North,Completed
ORD02341,2024-02-22,CUST0432,P0051,1,0.0,57445.48,35926.8,57445.48,21518.68,East,Completed
ORD07559,2024-02-22,CUST0103,P0016,2,0.05,20196.29,11952.43,38372.95,14468.09,South,Completed
ORD06831,2024-02-22,CUST0319,P0085,1,0.15,73872.61,56554.21,62791.72,6237.51,West,Pending
ORD01319,2024-02-22,CUST0188,P0132,1,0.1,235.21,163.03,211.69,48.66,East,Completed
ORD08642,2024-02-22,CUST0378,P0011,5,0.1,50761.69,39171.65,228427.6,32569.35,East,Completed
ORD06519,2024-02-22,CUST0325,P0126,1,0.0,41856.24,33581.85,41856.24,8274.39,North,Completed
ORD04389,2024-02-22,CUST0148,P0119,3,0.05,11965.18,9132.35,34100.76,6703.71,North,Completed
ORD00402,2024-02-23,CUST0402,P0080,3,0.1,67342.32,40846.14,181824.26,59285.84,North,Completed
ORD06006,2024-02-23,CUST0208,P0133,2,0.1,30154.78,21233.5,54278.6,11811.6,South,Completed
ORD02609,2024-02-23,CUST0114,P0046,1,0.05,61902.8,37121.36,58807.66,21686.3,South,Completed
ORD03084,2024-02-23,CUST0628,P0062,5,0.15,7214.7,5874.11,30662.48,1291.93,North,Completed
ORD08439,2024-02-23,CUST0043,P0007,2,0.15,8223.62,4942.96,13980.15,4094.23,East,Completed
ORD09437,2024-02-23,CUST0063,P0125,2,0.0,3155.85,2083.96,6311.7,2143.78,North,Completed
ORD00152,2024-02-23,CUST0151,P0042,3,0.1,10683.47,6548.45,28845.37,9200.02,North,Completed
ORD08411,2024-02-23,CUST0806,P0087,3,0.05,11879.48,8267.83,33856.52,9053.03,South,Completed
ORD06342,2024-02-23,CUST0682,P0057,5,0.0,911.67,722.71,4558.35,944.8,West,Completed
ORD04193,2024-02-23,CUST0006,P0015,2,0.1,18890.43,14292.88,34002.77,5417.01,South,Completed
ORD08948,2024-02-23,CUST0579,P0103,1,0.1,585.19,454.75,526.67,71.92,North,Completed
ORD00363,2024-02-23,CUST0960,P0095,4,0.05,9513.49,6495.4,36151.26,10169.66,North,Pending
ORD04356,2024-02-23,CUST0659,P0105,1,0.2,17543.79,10886.17,14035.03,3148.86,East,Completed
ORD06676,2024-02-23,CUST0813,P0077,1,0.1,50047.7,37709.36,45042.93,7333.57,East,Completed
ORD08266,2024-02-23,CUST0114,P0097,2,0.1,11100.34,7751.47,19980.61,4477.67,South,Completed
ORD03492,2024-02-24,CUST0753,P0192,1,0.05,20821.66,13717.57,19780.58,6063.01,East,Pending
ORD00270,2024-02-24,CUST0914,P0064,4,0.0,20038.07,13846.76,80152.28,24765.24,East,Completed
ORD01053,2024-02-24,CUST0656,P0135,2,0.0,644.55,462.91,1289.1,363.28,North,Completed
ORD01245,2024-02-24,CUST0967,P0096,1,0.15,22714.55,15565.72,19307.37,3741.65,South,Cancelled
ORD08503,2024-02-24,CUST0855,P0178,3,0.0,4042.35,3098.18,12127.05,2832.51,East,Cancelled
ORD05594,2024-02-24,CUST0680,P0121,2,0.0,975.23,645.82,1950.46,658.82,South,Completed
ORD05262,2024-02-24,CUST0338,P0068,2,0.0,41326.98,32432.51,82653.96,17788.94,North,Completed
ORD01389,2024-02-24,CUST0260,P0101,1,0.0,51632.3,38843.18,51632.3,12789.12,East,Completed
ORD07266,2024-02-25,CUST0877,P0118,3,0.0,36939.5,23012.67,110818.5,41780.49,East,Completed
ORD07107,2024-02-25,CUST0953,P0088,4,0.05,58121.47,37608.48,220861.59,70427.67,North,Completed
ORD04427,2024-02-25,CUST0829,P0014,1,0.1,18597.52,13817.51,16737.77,2920.26,North,Completed
ORD06486,2024-02-25,CUST0855,P0086,3,0.0,519.82,398.56,1559.46,363.78,East,Completed
ORD08659,2024-02-25,CUST0016,P0054,1,0.0,34828.61,21081.63,34828.61,13746.98,West,Completed
ORD02293,2024-02-25,CUST0919,P0038,2,0.1,25137.53,20080.78,45247.55,5085.99,East,Cancelled
ORD03545,2024-02-25,CUST0705,P0024,3,0.1,792.84,470.21,2140.67,730.04,West,Completed
ORD02965,2024-02-25,CUST0113,P0194,4,0.05,13118.34,8489.04,49849.69,15893.53,West,Completed
ORD04581,2024-02-25,CUST0972,P0124,2,0.1,38907.93,29071.02,70034.27,11892.23,West,Completed
ORD01477,2024-02-25,CUST0581,P0021,2,0.1,6878.25,5112.71,12380.85,2155.43,West,Pending
ORD05231,2024-02-25,CUST0632,P0195,1,0.0,15240.21,11813.53,15240.21,3426.68,South,Completed
ORD03048,2024-02-25,CUST0779,P0121,4,0.05,975.23,645.82,3705.87,1122.59,North,Completed
ORD05266,2024-02-25,CUST0688,P0176,1,0.0,9388.62,6512.18,9388.62,2876.44,West,Completed
ORD07153,2024-02-26,CUST0121,P0106,2,0.1,526.46,370.01,947.63,207.61,West,Completed
ORD04259,2024-02-26,CUST0959,P0098,1,0.2,15055.62,11767.46,12044.5,277.04,East,Completed
ORD05436,2024-02-26,CUST0391,P0182,4,0.05,15590.28,12172.38,59243.06,10553.54,South,Completed
ORD07341,2024-02-26,CUST0070,P0145,4,0.1,360.46,274.8,1297.66,198.46,East,Completed
ORD05606,2024-02-26,CUST0439,P0047,5,0.05,1004.63,793.19,4771.99,806.04,West,Completed
ORD02224,2024-02-26,CUST0116,P0113,3,0.1,26426.25,19479.69,71350.88,12911.81,West,Completed
ORD06039,2024-02-26,CUST0932,P0030,1,0.15,23508.75,18216.9,19982.44,1765.54,East,Completed
ORD00256,2024-02-26,CUST0683,P0014,4,0.1,18597.52,13817.51,66951.07,11681.03,North,Completed
ORD04036,2024-02-26,CUST0030,P0168,3,0.1,1780.85,1042.33,4808.29,1681.3,South,Completed
ORD06651,2024-02-26,CUST0155,P0041,1,0.1,4003.54,2383.24,3603.19,1219.95,East,Completed
ORD06211,2024-02-26,CUST0566,P0100,2,0.15,36262.87,22462.27,61646.88,16722.34,North,Completed
ORD06030,2024-02-26,CUST0635,P0041,2,0.15,4003.54,2383.24,6806.02,2039.54,East,Completed
ORD04378,2024-02-27,CUST0964,P0079,2,0.05,409.51,310.64,778.07,156.79,East,Completed
ORD06892,2024-02-27,CUST0856,P0112,3,0.1,20043.19,13117.75,54116.61,14763.36,West,Completed
ORD09318,2024-02-27,CUST0435,P0036,1,0.1,1008.83,797.09,907.95,110.86,South,Completed
ORD05098,2024-02-27,CUST0415,P0197,2,0.2,15133.72,11886.63,24213.95,440.69,North,Completed
ORD07421,2024-02-27,CUST0794,P0196,3,0.0,385.78,231.62,1157.34,462.48,West,Completed
ORD02624,2024-02-27,CUST0602,P0084,2,0.15,52737.3,39276.81,89653.41,11099.79,South,Completed
ORD00124,2024-02-27,CUST0339,P0085,3,0.05,73872.61,56554.21,210536.94,40874.31,West,Completed
ORD00611,2024-02-27,CUST0726,P0079,1,0.1,409.51,310.64,368.56,57.92,North,Completed
ORD05421,2024-02-27,CUST0803,P0123,1,0.1,77212.89,61788.48,69491.6,7703.12,East,Completed
ORD03042,2024-02-27,CUST0316,P0175,3,0.1,791.76,614.23,2137.75,295.06,East,Completed
ORD05841,2024-02-27,CUST0001,P0025,1,0.1,49570.32,37427.29,44613.29,7186.0,West,Completed
ORD02241,2024-02-27,CUST0475,P0123,2,0.05,77212.89,61788.48,146704.49,23127.53,West,Completed
ORD08362,2024-02-27,CUST0070,P0012,3,0.1,4072.78,2687.49,10996.51,2934.04,East,Completed
ORD00845,2024-02-27,CUST0839,P0078,1,0.1,66750.32,43644.61,60075.29,16430.68,North,Completed
ORD01778,2024-02-27,CUST0085,P0106,2,0.1,526.46,370.01,947.63,207.61,South,Completed
ORD06041,2024-02-28,CUST0171,P0174,3,0.2,46343.47,28863.63,111224.33,24633.44,South,Completed
ORD03679,2024-02-28,CUST0303,P0181,3,0.05,8670.4,5624.95,24710.64,7835.79,West,Completed
ORD09027,2024-02-28,CUST0130,P0173,5,0.0,4259.82,3133.66,21299.1,5630.8,North,Completed
ORD01193,2024-02-28,CUST0478,P0045,3,0.1,2217.01,1355.93,5985.93,1918.14,West,Completed
ORD07660,2024-02-28,CUST0586,P0092,1,0.05,41737.72,32410.53,39650.83,7240.3,North,Completed
ORD09024,2024-02-28,CUST0021,P0035,4,0.05,56932.8,34147.01,216344.64,79756.6,North,Completed
ORD06727,2024-02-28,CUST0572,P0016,2,0.0,20196.29,11952.43,40392.58,16487.72,East,Completed
ORD07923,2024-02-28,CUST0062,P0020,1,0.0,14020.39,10682.55,14020.39,3337.84,East,Completed
ORD08003,2024-02-28,CUST0559,P0139,4,0.0,26827.4,18117.75,107309.6,34838.6,West,Cancelled
ORD02625,2024-02-28,CUST0927,P0015,1,0.0,18890.43,14292.88,18890.43,4597.55,South,Completed
ORD06881,2024-02-29,CUST0105,P0064,1,0.15,20038.07,13846.76,17032.36,3185.6,South,Completed
ORD03153,2024-02-29,CUST0497,P0132,2,0.05,235.21,163.03,446.9,120.84,East,Completed
ORD04127,2024-02-29,CUST0356,P0058,2,0.1,7347.4,4878.31,13225.32,3468.7,West,Completed
ORD03586,2024-02-29,CUST0712,P0097,3,0.05,11100.34,7751.47,31635.97,8381.56,West,Completed
ORD00802,2024-02-29,CUST0180,P0060,4,0.1,32036.99,25220.68,115333.16,14450.44,East,Completed
ORD06318,2024-02-29,CUST0898,P0126,2,0.0,41856.24,33581.85,83712.48,16548.78,South,Completed
ORD08001,2024-02-29,CUST0637,P0107,1,0.0,72638.94,50890.24,72638.94,21748.7,North,Completed
ORD07287,2024-02-29,CUST0256,P0016,2,0.1,20196.29,11952.43,36353.32,12448.46,North,Cancelled
ORD01008,2024-02-29,CUST0703,P0018,3,0.05,4596.19,2818.15,13099.14,4644.69,North,Completed
ORD02374,2024-02-29,CUST0480,P0037,1,0.2,58358.81,45854.58,46687.05,832.47,West,Completed
ORD07351,2024-02-29,CUST0288,P0093,1,0.05,10189.0,5911.08,9679.55,3768.47,South,Completed
ORD07413,2024-02-29,CUST0447,P0043,2,0.0,528.82,390.77,1057.64,276.1,South,Completed
ORD05268,2024-03-01,CUST0269,P0167,3,0.0,7469.0,4701.25,22407.0,8303.25,East,Completed
ORD07986,2024-03-01,CUST0229,P0139,2,0.05,26827.4,18117.75,50972.06,14736.56,West,Completed
ORD09716,2024-03-01,CUST0992,P0133,1,0.05,30154.78,21233.5,28647.04,7413.54,East,Completed
ORD06747,2024-03-01,CUST0099,P0015,2,0.05,18890.43,14292.88,35891.82,7306.06,South,Completed
ORD06094,2024-03-01,CUST0268,P0045,2,0.05,2217.01,1355.93,4212.32,1500.46,North,Completed
ORD06895,2024-03-01,CUST0955,P0166,1,0.0,47059.67,34982.34,47059.67,12077.33,East,Completed
ORD05036,2024-03-01,CUST0598,P0186,3,0.05,36288.91,28203.52,103423.39,18812.83,South,Completed
ORD06246,2024-03-01,CUST0571,P0105,1,0.05,17543.79,10886.17,16666.6,5780.43,West,Completed
ORD00097,2024-03-01,CUST0601,P0188,4,0.0,5272.37,3130.49,21089.48,8567.52,East,Completed
ORD07232,2024-03-01,CUST0257,P0059,2,0.0,1247.06,804.27,2494.12,885.58,East,Completed
ORD00686,2024-03-01,CUST0463,P0037,2,0.1,58358.81,45854.58,105045.86,13336.7,South,Completed
ORD05787,2024-03-02,CUST0125,P0041,2,0.0,4003.54,2383.24,8007.08,3240.6,South,Completed
ORD07942,2024-03-02,CUST0267,P0063,2,0.0,12786.65,8472.2,25573.3,8628.9,North,Completed
ORD03145,2024-03-02,CUST0664,P0077,1,0.0,50047.7,37709.36,50047.7,12338.34,West,Completed
ORD05291,2024-03-02,CUST0517,P0050,3,0.15,8890.7,6907.47,22671.28,1948.87,East,Completed
ORD07779,2024-03-02,CUST0706,P0145,2,0.1,360.46,274.8,648.83,99.23,East,Pending
ORD04122,2024-03-02,CUST0156,P0171,1,0.15,39010.06,29472.11,33158.55,3686.44,West,Completed
ORD01374,2024-03-02,CUST0009,P0074,1,0.15,40981.75,23771.65,34834.49,11062.84,South,Pending
ORD08369,2024-03-02,CUST0989,P0036,3,0.1,1008.83,797.09,2723.84,332.57,South,Completed
ORD00557,2024-03-02,CUST0574,P0085,1,0.1,73872.61,56554.21,66485.35,9931.14,East,Completed
ORD00362,2024-03-02,CUST0464,P0075,1,0.1,6740.18,4364.5,6066.16,1701.66,East,Cancelled
ORD06564,2024-03-02,CUST0026,P0163,2,0.05,3768.33,3060.43,7159.83,1038.97,South,Completed
ORD00321,2024-03-02,CUST0935,P0131,4,0.15,896.08,597.69,3046.67,655.91,North,Completed
ORD09510,2024-03-02,CUST0227,P0104,1,0.05,22437.82,18159.1,21315.93,3156.83,East,Completed
ORD07506,2024-03-02,CUST0560,P0168,3,0.15,1780.85,1042.33,4541.17,1414.18,West,Completed
ORD08258,2024-03-02,CUST0413,P0155,2,0.15,9808.49,7104.6,16674.43,2465.23,South,Completed
ORD03011,2024-03-03,CUST0972,P0051,1,0.05,57445.48,35926.8,54573.21,18646.41,West,Completed
ORD01426,2024-03-03,CUST0098,P0135,1,0.1,644.55,462.91,580.1,117.19,South,Completed
ORD02797,2024-03-03,CUST0209,P0052,4,0.15,7440.54,4865.29,25297.84,5836.68,West,Pending
ORD04076,2024-03-03,CUST0981,P0171,2,0.1,39010.06,29472.11,70218.11,11273.89,East,Completed
ORD07855,2024-03-03,CUST0941,P0124,2,0.0,38907.93,29071.02,77815.86,19673.82,South,Cancelled
ORD04241,2024-03-03,CUST0782,P0027,2,0.1,20926.64,14284.36,37667.95,9099.23,West,Completed
ORD09292,2024-03-03,CUST0584,P0109,3,0.05,17118.52,11998.2,48787.78,12793.18,North,Completed
ORD08534,2024-03-03,CUST0025,P0147,1,0.1,22737.01,13458.16,20463.31,7005.15,South,Completed
ORD01984,2024-03-03,CUST0785,P0037,5,0.0,58358.81,45854.58,291794.05,62521.15,East,Completed
ORD01762,2024-03-03,CUST0379,P0104,1,0.1,22437.82,18159.1,20194.04,2034.94,North,Completed
ORD06652,2024-03-03,CUST0175,P0029,1,0.2,1310.65,844.84,1048.52,203.68,West,Completed
ORD01556,2024-03-03,CUST0083,P0015,1,0.05,18890.43,14292.88,17945.91,3653.03,North,Completed
ORD08472,2024-03-04,CUST0603,P0089,1,0.0,74892.61,50603.0,74892.61,24289.61,East,Completed
ORD07894,2024-03-04,CUST0351,P0064,2,0.15,20038.07,13846.76,34064.72,6371.2,West,Completed
ORD04402,2024-03-04,CUST0726,P0134,2,0.15,34117.69,25387.96,58000.07,7224.15,North,Completed
ORD00944,2024-03-04,CUST0922,P0046,2,0.05,61902.8,37121.36,117615.32,43372.6,West,Completed
ORD05011,2024-03-04,CUST0226,P0056,1,0.0,312.97,191.98,312.97,120.99,East,Completed
ORD09496,2024-03-04,CUST0764,P0031,4,0.05,12553.48,9544.5,47703.22,9525.22,East,Completed
ORD07748,2024-03-04,CUST0062,P0010,2,0.0,16072.59,10816.67,32145.18,10511.84,East,Completed
ORD01824,2024-03-04,CUST0681,P0187,3,0.0,184.91,120.68,554.73,192.69,North,Pending
ORD03463,2024-03-04,CUST0916,P0198,1,0.15,715.13,510.57,607.86,97.29,East,Cancelled
ORD06578,2024-03-04,CUST0205,P0047,2,0.15,1004.63,793.19,1707.87,121.49,North,Completed
ORD06893,2024-03-04,CUST0671,P0196,3,0.1,385.78,231.62,1041.61,346.75,West,Completed
ORD04674,2024-03-04,CUST0334,P0199,1,0.05,404.58,321.41,384.35,62.94,East,Completed
ORD00908,2024-03-04,CUST0832,P0017,1,0.1,17284.69,10596.05,15556.22,4960.17,South,Completed
ORD03843,2024-03-05,CUST0365,P0089,1,0.0,74892.61,50603.0,74892.61,24289.61,North,Completed
ORD04467,2024-03-05,CUST0981,P0063,5,0.1,12786.65,8472.2,57539.92,15178.92,East,Completed
ORD00912,2024-03-05,CUST0635,P0105,1,0.0,17543.79,10886.17,17543.79,6657.62,East,Completed
ORD01350,2024-03-05,CUST0140,P0170,1,0.2,750.66,462.97,600.53,137.56,South,Completed
ORD06525,2024-03-05,CUST0381,P0091,1,0.15,49350.46,32483.04,41947.89,9464.85,North,Completed
ORD02524,2024-03-05,CUST0333,P0185,2,0.15,76508.26,54062.35,130064.04,21939.34,East,Completed
ORD09561,2024-03-05,CUST0410,P0194,1,0.15,13118.34,8489.04,11150.59,2661.55,East,Completed
ORD06367,2024-03-05,CUST0521,P0195,1,0.0,15240.21,11813.53,15240.21,3426.68,North,Completed
ORD09637,2024-03-05,CUST0686,P0070,2,0.15,56679.56,41863.05,96355.25,12629.15,North,Completed
ORD08715,2024-03-06,CUST0029,P0101,4,0.1,51632.3,38843.18,185876.28,30503.56,North,Completed
ORD05137,2024-03-06,CUST0747,P0158,5,0.0,33125.35,22293.09,165626.75,54161.3,West,Completed
ORD04768,2024-03-06,CUST0474,P0052,5,0.15,7440.54,4865.29,31622.3,7295.85,North,Completed
ORD08707,2024-03-06,CUST0082,P0162,1,0.1,46811.03,27452.25,42129.93,14677.68,South,Completed
ORD07528,2024-03-06,CUST0849,P0153,5,0.1,318.53,240.18,1433.38,232.48,West,Completed
ORD00020,2024-03-06,CUST0712,P0196,1,0.15,385.78,231.62,327.91,96.29,West,Completed
ORD07881,2024-03-06,CUST0985,P0073,5,0.0,15561.42,10813.46,77807.1,23739.8,West,Completed
ORD04971,2024-03-06,CUST0368,P0122,2,0.15,17942.76,13133.8,30502.69,4235.09,North,Completed
ORD00681,2024-03-06,CUST0404,P0063,1,0.05,12786.65,8472.2,12147.32,3675.12,North,Completed
ORD09902,2024-03-06,CUST0363,P0095,4,0.15,9513.49,6495.4,32345.87,6364.27,South,Completed
ORD07169,2024-03-06,CUST0841,P0081,1,0.0,11112.68,6733.47,11112.68,4379.21,East,Completed
ORD06898,2024-03-06,CUST0331,P0136,1,0.0,3029.54,2200.52,3029.54,829.02,West,Cancelled
ORD06804,2024-03-06,CUST0655,P0190,1,0.0,2296.71,1653.27,2296.71,643.44,West,Pending
ORD05691,2024-03-06,CUST0362,P0013,4,0.1,8923.66,6594.73,32125.18,5746.26,West,Completed
ORD08431,2024-03-06,CUST0879,P0068,2,0.05,41326.98,32432.51,78521.26,13656.24,East,Completed
ORD09241,2024-03-06,CUST0916,P0130,3,0.15,58219.77,46803.43,148460.41,8050.12,East,Completed
ORD05048,2024-03-07,CUST0178,P0018,2,0.05,4596.19,2818.15,8732.76,3096.46,West,Completed
ORD00328,2024-03-07,CUST0132,P0132,3,0.05,235.21,163.03,670.35,181.26,South,Completed
ORD09234,2024-03-07,CUST0393,P0200,4,0.05,37954.59,28614.99,144227.44,29767.48,South,Completed
ORD03160,2024-03-07,CUST0849,P0067,5,0.1,5933.02,4559.02,26698.59,3903.49,West,Completed
ORD07859,2024-03-07,CUST0303,P0111,1,0.1,32818.12,23699.05,29536.31,5837.26,West,Cancelled
ORD06537,2024-03-07,CUST0492,P0116,2,0.05,41570.44,24508.05,78983.84,29967.74,South,Completed
ORD06725,2024-03-07,CUST0785,P0030,2,0.1,23508.75,18216.9,42315.75,5881.95,East,Completed
ORD08504,2024-03-07,CUST0230,P0095,2,0.1,9513.49,6495.4,17124.28,4133.48,North,Completed
ORD09201,2024-03-07,CUST0331,P0093,4,0.05,10189.0,5911.08,38718.2,15073.88,West,Completed
ORD03222,2024-03-07,CUST0638,P0184,1,0.1,20719.38,13335.4,18647.44,5312.04,West,Completed
ORD07007,2024-03-07,CUST0698,P0080,1,0.0,67342.32,40846.14,67342.32,26496.18,North,Completed
ORD07504,2024-03-07,CUST0434,P0015,1,0.15,18890.43,14292.88,16056.87,1763.99,East,Completed
ORD05892,2024-03-07,CUST0507,P0108,2,0.0,673.74,534.39,1347.48,278.7,North,Completed
ORD05900,2024-03-07,CUST0804,P0167,1,0.0,7469.0,4701.25,7469.0,2767.75,North,Completed
ORD08107,2024-03-07,CUST0950,P0042,2,0.1,10683.47,6548.45,19230.25,6133.35,East,Completed
ORD09102,2024-03-07,CUST0178,P0032,1,0.0,39614.35,24714.41,39614.35,14899.94,West,Completed
ORD04270,2024-03-07,CUST0878,P0062,3,0.05,7214.7,5874.11,20561.89,2939.56,North,Completed
ORD09977,2024-03-07,CUST0466,P0079,1,0.15,409.51,310.64,348.08,37.44,South,Completed
ORD04537,2024-03-08,CUST0391,P0118,2,0.1,36939.5,23012.67,66491.1,20465.76,South,Completed
ORD07703,2024-03-08,CUST0582,P0035,2,0.15,56932.8,34147.01,96785.76,28491.74,West,Completed
ORD04977,2024-03-08,CUST0820,P0170,3,0.1,750.66,462.97,2026.78,637.87,West,Completed
ORD05043,2024-03-08,CUST0201,P0155,3,0.1,9808.49,7104.6,26482.92,5169.12,West,Completed
ORD01676,2024-03-08,CUST0329,P0190,1,0.1,2296.71,1653.27,2067.04,413.77,North,Cancelled
ORD03458,2024-03-08,CUST0379,P0176,1,0.1,9388.62,6512.18,8449.76,1937.58,North,Completed
ORD04016,2024-03-08,CUST0168,P0060,2,0.0,32036.99,25220.68,64073.98,13632.62,West,Completed
ORD09582,2024-03-08,CUST0923,P0058,1,0.0,7347.4,4878.31,7347.4,2469.09,South,Completed
ORD00781,2024-03-08,CUST0479,P0083,1,0.1,374.27,289.15,336.84,47.69,North,Completed
ORD05610,2024-03-08,CUST0029,P0171,1,0.0,39010.06,29472.11,39010.06,9537.95,North,Completed
ORD03165,2024-03-08,CUST0924,P0033,2,0.0,54569.41,31985.14,109138.82,45168.54,South,Completed
ORD08282,2024-03-08,CUST0067,P0047,1,0.15,1004.63,793.19,853.94,60.75,West,Completed
ORD05363,2024-03-08,CUST0743,P0078,1,0.1,66750.32,43644.61,60075.29,16430.68,North,Completed
ORD04285,2024-03-08,CUST0139,P0037,2,0.0,58358.81,45854.58,116717.62,25008.46,West,Completed
ORD00160,2024-03-08,CUST0397,P0026,1,0.1,53440.86,40308.66,48096.77,7788.11,East,Completed
ORD00865,2024-03-08,CUST0738,P0098,1,0.0,15055.62,11767.46,15055.62,3288.16,South,Cancelled
ORD07034,2024-03-08,CUST0963,P0100,5,0.0,36262.87,22462.27,181314.35,69003.0,South,Completed
ORD09294,2024-03-08,CUST0539,P0187,3,0.05,184.91,120.68,526.99,164.95,East,Pending
ORD09507,2024-03-08,CUST0441,P0097,1,0.1,11100.34,7751.47,9990.31,2238.84,South,Completed
ORD06780,2024-03-09,CUST0554,P0048,3,0.0,1114.29,876.19,3342.87,714.3,North,Cancelled
ORD03967,2024-03-09,CUST0210,P0106,1,0.0,526.46,370.01,526.46,156.45,East,Cancelled
ORD07096,2024-03-09,CUST0748,P0154,1,0.1,693.93,462.98,624.54,161.56,West,Completed
ORD08943,2024-03-09,CUST0066,P0136,2,0.1,3029.54,2200.52,5453.17,1052.13,West,Completed
ORD00955,2024-03-09,CUST0738,P0084,1,0.0,52737.3,39276.81,52737.3,13460.49,South,Completed
ORD04271,2024-03-09,CUST0982,P0019,2,0.2,27844.42,18931.51,44551.07,6688.05,East,Completed
ORD09200,2024-03-09,CUST0834,P0105,1,0.0,17543.79,10886.17,17543.79,6657.62,East,Completed
ORD03460,2024-03-09,CUST0629,P0190,1,0.0,2296.71,1653.27,2296.71,643.44,North,Cancelled
ORD06820,2024-03-09,CUST0464,P0181,1,0.0,8670.4,5624.95,8670.4,3045.45,East,Completed
ORD02856,2024-03-09,CUST0229,P0118,1,0.1,36939.5,23012.67,33245.55,10232.88,West,Completed
ORD09386,2024-03-09,CUST0929,P0051,3,0.1,57445.48,35926.8,155102.8,47322.4,South,Completed
ORD04307,2024-03-09,CUST0288,P0090,3,0.05,446.05,334.33,1271.24,268.25,South,Completed
ORD03531,2024-03-09,CUST0482,P0189,2,0.15,38312.77,25713.12,65131.71,13705.47,East,Completed
ORD06760,2024-03-09,CUST0026,P0041,3,0.0,4003.54,2383.24,12010.62,4860.9,South,Completed
ORD00112,2024-03-09,CUST0792,P0036,2,0.2,1008.83,797.09,1614.13,19.95,East,Completed
ORD09698,2024-03-09,CUST0410,P0080,1,0.15,67342.32,40846.14,57240.97,16394.83,East,Completed
ORD08335,2024-03-09,CUST0219,P0053,2,0.05,422.63,329.18,803.0,144.64,West,Completed
ORD08401,2024-03-09,CUST0876,P0007,1,0.0,8223.62,4942.96,8223.62,3280.66,South,Completed
ORD06314,2024-03-09,CUST0867,P0090,1,0.1,446.05,334.33,401.44,67.11,West,Completed
ORD09499,2024-03-09,CUST0304,P0154,1,0.1,693.93,462.98,624.54,161.56,West,Completed
ORD07281,2024-03-10,CUST0528,P0156,1,0.05,44665.09,34536.09,42431.84,7895.75,South,Completed
ORD05942,2024-03-10,CUST0906,P0126,1,0.15,41856.24,33581.85,35577.8,1995.95,South,Completed
ORD02657,2024-03-10,CUST0392,P0091,1,0.1,49350.46,32483.04,44415.41,11932.37,North,Completed
ORD00734,2024-03-10,CUST0357,P0028,2,0.1,1126.53,825.36,2027.75,377.03,North,Completed
ORD07614,2024-03-10,CUST0502,P0102,3,0.05,4149.23,2427.22,11825.31,4543.65,South,Completed
ORD07884,2024-03-10,CUST0057,P0195,1,0.15,15240.21,11813.53,12954.18,1140.65,West,Completed
ORD07879,2024-03-10,CUST0623,P0164,2,0.0,8324.94,6438.05,16649.88,3773.78,West,Completed
ORD08517,2024-03-10,CUST0003,P0163,1,0.0,3768.33,3060.43,3768.33,707.9,West,Completed
ORD02033,2024-03-10,CUST0442,P0116,1,0.0,41570.44,24508.05,41570.44,17062.39,South,Completed
ORD05053,2024-03-10,CUST0845,P0172,3,0.15,53066.45,36105.87,135319.45,27001.84,West,Pending
ORD05339,2024-03-10,CUST0364,P0148,2,0.05,15484.78,9786.06,29421.08,9848.96,North,Completed
ORD07379,2024-03-10,CUST0653,P0137,3,0.1,3327.18,2091.19,8983.39,2709.82,West,Completed
ORD00088,2024-03-10,CUST0139,P0108,1,0.05,673.74,534.39,640.05,105.66,West,Completed
ORD08872,2024-03-10,CUST0661,P0198,2,0.05,715.13,510.57,1358.75,337.61,North,Completed
ORD04577,2024-03-10,CUST0090,P0142,5,0.15,4782.08,3282.92,20323.84,3909.24,East,Completed
ORD00452,2024-03-10,CUST0697,P0101,2,0.1,51632.3,38843.18,92938.14,15251.78,West,Completed
ORD08996,2024-03-11,CUST0518,P0117,1,0.1,62915.52,50890.59,56623.97,5733.38,North,Completed
ORD05650,2024-03-11,CUST0839,P0040,3,0.0,568.55,361.32,1705.65,621.69,North,Completed
ORD05320,2024-03-11,CUST0253,P0160,1,0.1,680.29,502.6,612.26,109.66,South,Completed
ORD04822,2024-03-11,CUST0085,P0157,2,0.05,1290.11,764.14,2451.21,922.93,South,Completed
ORD08490,2024-03-11,CUST0924,P0001,3,0.15,796.95,617.19,2032.22,180.65,South,Completed
ORD04786,2024-03-11,CUST0012,P0180,1,0.1,23838.69,16889.32,21454.82,4565.5,East,Completed
ORD05117,2024-03-11,CUST0850,P0010,2,0.0,16072.59,10816.67,32145.18,10511.84,West,Completed
ORD01365,2024-03-11,CUST0069,P0160,4,0.0,680.29,502.6,2721.16,710.76,West,Completed
ORD05241,2024-03-11,CUST0578,P0066,1,0.1,15521.48,11472.78,13969.33,2496.55,South,Completed
ORD07140,2024-03-11,CUST0292,P0136,3,0.0,3029.54,2200.52,9088.62,2487.06,West,Cancelled
ORD04878,2024-03-11,CUST0031,P0154,3,0.05,693.93,462.98,1977.7,588.76,South,Completed
ORD01701,2024-03-11,CUST0099,P0044,2,0.2,59463.82,38619.72,95142.11,17902.67,South,Pending
ORD05000,2024-03-11,CUST0393,P0059,5,0.1,1247.06,804.27,5611.77,1590.42,South,Completed
ORD09936,2024-03-11,CUST0438,P0159,4,0.05,54205.42,36083.24,205980.6,61647.64,West,Completed
ORD00685,2024-03-11,CUST0068,P0101,2,0.15,51632.3,38843.18,87774.91,10088.55,North,Completed
ORD01691,2024-03-12,CUST0722,P0115,3,0.0,9526.21,7338.52,28578.63,6563.07,North,Completed
ORD01779,2024-03-12,CUST0267,P0027,3,0.05,20926.64,14284.36,59640.92,16787.84,North,Completed
ORD03604,2024-03-12,CUST0677,P0007,2,0.05,8223.62,4942.96,15624.88,5738.96,North,Completed
ORD01827,2024-03-12,CUST0513,P0010,2,0.15,16072.59,10816.67,27323.4,5690.06,North,Completed
ORD08093,2024-03-12,CUST0398,P0163,4,0.05,3768.33,3060.43,14319.65,2077.93,West,Completed
ORD09057,2024-03-12,CUST0547,P0188,3,0.0,5272.37,3130.49,15817.11,6425.64,South,Completed
ORD07100,2024-03-12,CUST0739,P0062,2,0.1,7214.7,5874.11,12986.46,1238.24,North,Completed
ORD09925,2024-03-12,CUST0441,P0148,1,0.0,15484.78,9786.06,15484.78,5698.72,South,Completed
ORD01915,2024-03-12,CUST0079,P0148,1,0.05,15484.78,9786.06,14710.54,4924.48,North,Completed
ORD06964,2024-03-12,CUST0275,P0031,5,0.0,12553.48,9544.5,62767.4,15044.9,East,Completed
ORD01284,2024-03-12,CUST0640,P0134,1,0.2,34117.69,25387.96,27294.15,1906.19,West,Completed
ORD00900,2024-03-12,CUST0786,P0145,3,0.0,360.46,274.8,1081.38,256.98,South,Completed
ORD08786,2024-03-12,CUST0946,P0122,1,0.05,17942.76,13133.8,17045.62,3911.82,West,Completed
ORD05959,2024-03-13,CUST0019,P0161,1,0.0,36827.84,23163.81,36827.84,13664.03,West,Completed
ORD03851,2024-03-13,CUST0229,P0188,1,0.05,5272.37,3130.49,5008.75,1878.26,West,Completed
ORD01922,2024-03-13,CUST0057,P0200,5,0.15,37954.59,28614.99,161307.01,18232.06,West,Completed
ORD09710,2024-03-13,CUST0361,P0037,2,0.15,58358.81,45854.58,99209.98,7500.82,East,Completed
ORD07540,2024-03-13,CUST0827,P0160,1,0.0,680.29,502.6,680.29,177.69,West,Cancelled
ORD07220,2024-03-13,CUST0559,P0200,2,0.1,37954.59,28614.99,68318.26,11088.28,West,Cancelled
ORD04982,2024-03-13,CUST0741,P0168,1,0.15,1780.85,1042.33,1513.72,471.39,South,Completed
ORD00778,2024-03-13,CUST0688,P0043,1,0.1,528.82,390.77,475.94,85.17,West,Completed
ORD02389,2024-03-13,CUST0610,P0085,1,0.0,73872.61,56554.21,73872.61,17318.4,South,Completed
ORD02160,2024-03-13,CUST0512,P0037,4,0.0,58358.81,45854.58,233435.24,50016.92,South,Completed
ORD05385,2024-03-13,CUST0679,P0093,2,0.15,10189.0,5911.08,17321.3,5499.14,East,Pending
ORD03156,2024-03-13,CUST0163,P0181,2,0.0,8670.4,5624.95,17340.8,6090.9,East,Completed
ORD00073,2024-03-13,CUST0882,P0114,2,0.1,16683.02,10299.86,30029.44,9429.72,East,Completed
ORD07102,2024-03-13,CUST0348,P0125,1,0.0,3155.85,2083.96,3155.85,1071.89,East,Completed
ORD04424,2024-03-13,CUST0237,P0163,2,0.15,3768.33,3060.43,6406.16,285.3,North,Completed
ORD06778,2024-03-14,CUST0293,P0147,1,0.15,22737.01,13458.16,19326.46,5868.3,West,Completed
ORD08620,2024-03-14,CUST0237,P0083,2,0.15,374.27,289.15,636.26,57.96,North,Completed
ORD09261,2024-03-14,CUST0316,P0153,2,0.05,318.53,240.18,605.21,124.85,East,Completed
ORD01254,2024-03-14,CUST0869,P0070,1,0.1,56679.56,41863.05,51011.6,9148.55,South,Completed
ORD09312,2024-03-14,CUST0894,P0051,2,0.0,57445.48,35926.8,114890.96,43037.36,South,Pending
ORD09313,2024-03-14,CUST0246,P0136,1,0.2,3029.54,2200.52,2423.63,223.11,South,Completed
ORD08988,2024-03-14,CUST0730,P0176,1,0.1,9388.62,6512.18,8449.76,1937.58,East,Completed
ORD06470,2024-03-14,CUST0242,P0154,1,0.0,693.93,462.98,693.93,230.95,West,Completed
ORD07203,2024-03-14,CUST0960,P0199,2,0.0,404.58,321.41,809.16,166.34,North,Pending
ORD01493,2024-03-14,CUST0886,P0056,1,0.1,312.97,191.98,281.67,89.69,East,Completed
ORD05526,2024-03-14,CUST0502,P0112,4,0.05,20043.19,13117.75,76164.12,23693.12,South,Completed
ORD01808,2024-03-14,CUST0389,P0035,2,0.1,56932.8,34147.01,102479.04,34185.02,East,Completed
ORD00493,2024-03-14,CUST0694,P0170,1,0.05,750.66,462.97,713.13,250.16,North,Completed
ORD05275,2024-03-14,CUST0434,P0076,1,0.0,20055.1,12211.29,20055.1,7843.81,East,Completed
ORD03805,2024-03-15,CUST0023,P0179,1,0.05,12818.17,8758.44,12177.26,3418.82,South,Completed
ORD04192,2024-03-15,CUST0296,P0049,2,0.0,56396.41,44202.58,112792.82,24387.66,South,Completed
ORD00445,2024-03-15,CUST0030,P0157,1,0.05,1290.11,764.14,1225.6,461.46,South,Completed
ORD09664,2024-03-15,CUST0014,P0081,3,0.05,11112.68,6733.47,31671.14,11470.73,East,Completed
ORD02448,2024-03-15,CUST0197,P0025,3,0.1,49570.32,37427.29,133839.86,21557.99,East,Completed
ORD05182,2024-03-15,CUST0701,P0140,2,0.0,12142.58,7367.6,24285.16,9549.96,West,Completed
ORD06707,2024-03-15,CUST0344,P0198,2,0.05,715.13,510.57,1358.75,337.61,East,Completed
ORD03979,2024-03-15,CUST0842,P0064,2,0.05,20038.07,13846.76,38072.33,10378.81,North,Completed
ORD09071,2024-03-15,CUST0819,P0194,1,0.2,13118.34,8489.04,10494.67,2005.63,North,Completed
ORD07833,2024-03-15,CUST0209,P0059,2,0.1,1247.06,804.27,2244.71,636.17,West,Completed
ORD06818,2024-03-15,CUST0014,P0011,1,0.1,50761.69,39171.65,45685.52,6513.87,East,Completed
ORD02117,2024-03-15,CUST0703,P0015,4,0.0,18890.43,14292.88,75561.72,18390.2,North,Completed
ORD00376,2024-03-15,CUST0588,P0024,1,0.05,792.84,470.21,753.2,282.99,South,Completed
ORD07820,2024-03-16,CUST0592,P0050,3,0.05,8890.7,6907.47,25338.5,4616.09,South,Completed
ORD01049,2024-03-16,CUST0271,P0197,1,0.05,15133.72,11886.63,14377.03,2490.4,East,Completed
ORD02132,2024-03-16,CUST0015,P0055,5,0.05,6422.29,4812.56,30505.88,6443.08,West,Pending
ORD08375,2024-03-16,CUST0218,P0200,1,0.0,37954.59,28614.99,37954.59,9339.6,South,Completed
ORD04234,2024-03-16,CUST0543,P0136,3,0.1,3029.54,2200.52,8179.76,1578.2,East,Completed
ORD07542,2024-03-16,CUST0025,P0007,4,0.0,8223.62,4942.96,32894.48,13122.64,South,Completed
ORD09539,2024-03-16,CUST0590,P0159,2,0.15,54205.42,36083.24,92149.21,19982.73,North,Completed
ORD01753,2024-03-16,CUST0362,P0169,4,0.05,12339.56,8305.1,46890.33,13669.93,West,Completed
ORD06759,2024-03-16,CUST0455,P0107,1,0.0,72638.94,50890.24,72638.94,21748.7,North,Completed
ORD04161,2024-03-16,CUST0819,P0118,1,0.0,36939.5,23012.67,36939.5,13926.83,North,Completed
ORD05981,2024-03-17,CUST0635,P0048,2,0.15,1114.29,876.19,1894.29,141.91,East,Completed
ORD03890,2024-03-17,CUST0257,P0154,3,0.15,693.93,462.98,1769.52,380.58,East,Completed
ORD08464,2024-03-17,CUST0967,P0156,2,0.0,44665.09,34536.09,89330.18,20258.0,South,Completed
ORD08435,2024-03-17,CUST0520,P0044,1,0.1,59463.82,38619.72,53517.44,14897.72,East,Completed
ORD01617,2024-03-17,CUST0923,P0020,1,0.0,14020.39,10682.55,14020.39,3337.84,South,Pending
ORD08789,2024-03-17,CUST0066,P0071,2,0.1,35759.59,27998.22,64367.26,8370.82,West,Completed
ORD07021,2024-03-17,CUST0778,P0063,3,0.0,12786.65,8472.2,38359.95,12943.35,East,Cancelled
ORD08629,2024-03-17,CUST0503,P0013,2,0.15,8923.66,6594.73,15170.22,1980.76,South,Completed
ORD03865,2024-03-17,CUST0089,P0096,2,0.1,22714.55,15565.72,40886.19,9754.75,South,Completed
ORD05249,2024-03-17,CUST0745,P0019,3,0.05,27844.42,18931.51,79356.6,22562.07,East,Completed
ORD04932,2024-03-17,CUST0951,P0171,3,0.05,39010.06,29472.11,111178.67,22762.34,South,Completed
ORD03162,2024-03-17,CUST0566,P0129,2,0.1,43850.97,27932.89,78931.75,23065.97,North,Completed
ORD07472,2024-03-17,CUST0620,P0112,2,0.05,20043.19,13117.75,38082.06,11846.56,North,Completed
ORD07770,2024-03-18,CUST0396,P0077,1,0.0,50047.7,37709.36,50047.7,12338.34,West,Completed
ORD02003,2024-03-18,CUST0567,P0032,1,0.0,39614.35,24714.41,39614.35,14899.94,North,Completed
ORD01974,2024-03-18,CUST0739,P0084,2,0.0,52737.3,39276.81,105474.6,26920.98,North,Completed
ORD08070,2024-03-18,CUST0772,P0134,1,0.0,34117.69,25387.96,34117.69,8729.73,West,Completed
ORD09988,2024-03-18,CUST0385,P0042,3,0.1,10683.47,6548.45,28845.37,9200.02,East,Completed
ORD00387,2024-03-18,CUST0949,P0103,5,0.05,585.19,454.75,2779.65,505.9,West,Completed
ORD02414,2024-03-18,CUST0807,P0185,4,0.1,76508.26,54062.35,275429.74,59180.34,South,Completed
ORD04265,2024-03-18,CUST0157,P0127,2,0.15,37425.34,27064.21,63623.08,9494.66,South,Completed
ORD03108,2024-03-18,CUST0133,P0160,1,0.0,680.29,502.6,680.29,177.69,South,Completed
ORD00875,2024-03-18,CUST0326,P0152,1,0.05,5896.48,4498.55,5601.66,1103.11,North,Completed
ORD01238,2024-03-18,CUST0075,P0183,1,0.0,66902.29,49511.88,66902.29,17390.41,West,Completed
ORD08657,2024-03-18,CUST0199,P0058,2,0.0,7347.4,4878.31,14694.8,4938.18,North,Completed
ORD03724,2024-03-18,CUST0942,P0133,2,0.05,30154.78,21233.5,57294.08,14827.08,South,Completed
ORD00702,2024-03-18,CUST0871,P0008,1,0.05,68633.55,51583.32,65201.87,13618.55,East,Completed
ORD00779,2024-03-18,CUST0310,P0007,2,0.2,8223.62,4942.96,13157.79,3271.87,East,Completed
ORD02683,2024-03-19,CUST0192,P0172,1,0.0,53066.45,36105.87,53066.45,16960.58,North,Completed
ORD07042,2024-03-19,CUST0467,P0193,2,0.05,8422.11,6102.6,16002.01,3796.81,West,Completed
ORD04440,2024-03-19,CUST0112,P0137,1,0.0,3327.18,2091.19,3327.18,1235.99,North,Completed
ORD03852,2024-03-19,CUST0575,P0154,2,0.0,693.93,462.98,1387.86,461.9,South,Completed
ORD04102,2024-03-19,CUST0696,P0191,1,0.05,8442.75,6441.23,8020.61,1579.38,West,Completed
ORD03674,2024-03-19,CUST0158,P0024,3,0.1,792.84,470.21,2140.67,730.04,South,Pending
ORD05373,2024-03-19,CUST0892,P0067,1,0.0,5933.02,4559.02,5933.02,1374.0,South,Completed
ORD00786,2024-03-19,CUST0461,P0040,3,0.0,568.55,361.32,1705.65,621.69,West,Completed
ORD01431,2024-03-19,CUST0927,P0195,1,0.05,15240.21,11813.53,14478.2,2664.67,South,Completed
ORD05240,2024-03-19,CUST0189,P0157,2,0.05,1290.11,764.14,2451.21,922.93,North,Cancelled
ORD05702,2024-03-19,CUST0544,P0012,2,0.1,4072.78,2687.49,7331.0,1956.02,East,Cancelled
ORD09271,2024-03-19,CUST0222,P0033,1,0.2,54569.41,31985.14,43655.53,11670.39,South,Completed
ORD06980,2024-03-19,CUST0475,P0141,1,0.1,1748.75,1100.65,1573.88,473.23,West,Completed
ORD05487,2024-03-19,CUST0913,P0172,2,0.05,53066.45,36105.87,100826.25,28614.51,North,Completed
ORD02135,2024-03-19,CUST0086,P0036,3,0.1,1008.83,797.09,2723.84,332.57,West,Completed
ORD03856,2024-03-19,CUST0405,P0036,1,0.0,1008.83,797.09,1008.83,211.74,South,Completed
ORD07255,2024-03-20,CUST0686,P0059,1,0.1,1247.06,804.27,1122.35,318.08,North,Completed
ORD06520,2024-03-20,CUST0437,P0145,2,0.0,360.46,274.8,720.92,171.32,West,Cancelled
ORD09841,2024-03-20,CUST0969,P0074,1,0.0,40981.75,23771.65,40981.75,17210.1,East,Completed
ORD01107,2024-03-20,CUST0084,P0051,4,0.05,57445.48,35926.8,218292.82,74585.62,West,Completed
ORD05146,2024-03-20,CUST0673,P0190,1,0.1,2296.71,1653.27,2067.04,413.77,South,Completed
ORD06221,2024-03-20,CUST0692,P0078,3,0.05,66750.32,43644.61,190238.41,59304.58,North,Completed
ORD07832,2024-03-20,CUST0290,P0186,1,0.15,36288.91,28203.52,30845.57,2642.05,North,Completed
ORD01850,2024-03-20,CUST0821,P0079,3,0.15,409.51,310.64,1044.25,112.33,North,Completed
ORD08389,2024-03-20,CUST0218,P0070,2,0.05,56679.56,41863.05,107691.16,23965.06,South,Completed
ORD00430,2024-03-20,CUST0394,P0174,2,0.2,46343.47,28863.63,74149.55,16422.29,South,Completed
ORD05072,2024-03-20,CUST0069,P0137,3,0.05,3327.18,2091.19,9482.46,3208.89,West,Pending
ORD04013,2024-03-20,CUST0447,P0105,1,0.05,17543.79,10886.17,16666.6,5780.43,South,Completed
ORD01582,2024-03-20,CUST0689,P0122,1,0.2,17942.76,13133.8,14354.21,1220.41,East,Completed
ORD09339,2024-03-20,CUST0400,P0090,1,0.05,446.05,334.33,423.75,89.42,West,Completed
ORD05237,2024-03-20,CUST0793,P0160,1,0.05,680.29,502.6,646.28,143.68,South,Completed
ORD08065,2024-03-20,CUST0845,P0036,4,0.15,1008.83,797.09,3430.02,241.66,West,Completed
ORD03944,2024-03-21,CUST0749,P0068,2,0.1,41326.98,32432.51,74388.56,9523.54,West,Completed
ORD02973,2024-03-21,CUST0377,P0003,2,0.15,15581.84,9713.54,26489.13,7062.05,South,Completed
ORD00397,2024-03-21,CUST0037,P0004,3,0.15,20696.25,15931.27,52775.44,4981.63,East,Completed
ORD03379,2024-03-21,CUST0496,P0149,1,0.1,2427.19,1691.68,2184.47,492.79,North,Pending
ORD02743,2024-03-21,CUST0870,P0025,2,0.0,49570.32,37427.29,99140.64,24286.06,West,Completed
ORD01531,2024-03-21,CUST0892,P0114,1,0.15,16683.02,10299.86,14180.57,3880.71,South,Completed
ORD01900,2024-03-21,CUST0146,P0053,3,0.1,422.63,329.18,1141.1,153.56,West,Completed
ORD00732,2024-03-21,CUST0326,P0144,2,0.0,501.46,362.98,1002.92,276.96,North,Completed
ORD08486,2024-03-21,CUST0426,P0130,1,0.1,58219.77,46803.43,52397.79,5594.36,East,Completed
ORD03573,2024-03-21,CUST0310,P0194,2,0.1,13118.34,8489.04,23613.01,6634.93,East,Completed
ORD09972,2024-03-21,CUST0761,P0044,1,0.0,59463.82,38619.72,59463.82,20844.1,North,Completed
ORD00963,2024-03-21,CUST0905,P0064,2,0.1,20038.07,13846.76,36068.53,8375.01,South,Completed
ORD05348,2024-03-21,CUST0845,P0144,2,0.1,501.46,362.98,902.63,176.67,West,Cancelled
ORD07244,2024-03-21,CUST0566,P0135,3,0.1,644.55,462.91,1740.28,351.55,North,Completed
ORD08949,2024-03-21,CUST0453,P0124,1,0.0,38907.93,29071.02,38907.93,9836.91,East,Completed
ORD09956,2024-03-21,CUST0783,P0182,2,0.05,15590.28,12172.38,29621.53,5276.77,East,Completed
ORD03753,2024-03-21,CUST0857,P0034,5,0.0,143.7,100.11,718.5,217.95,South,Cancelled
ORD09592,2024-03-21,CUST0882,P0043,1,0.0,528.82,390.77,528.82,138.05,East,Completed
ORD04449,2024-03-21,CUST0331,P0112,1,0.1,20043.19,13117.75,18038.87,4921.12,West,Pending
ORD02822,2024-03-21,CUST0396,P0095,1,0.15,9513.49,6495.4,8086.47,1591.07,West,Completed
ORD03005,2024-03-21,CUST0330,P0117,4,0.0,62915.52,50890.59,251662.08,48099.72,West,Completed
ORD00242,2024-03-21,CUST0075,P0149,1,0.05,2427.19,1691.68,2305.83,614.15,West,Completed
ORD06410,2024-03-22,CUST0417,P0120,1,0.15,57866.38,42176.37,49186.42,7010.05,North,Completed
ORD04606,2024-03-22,CUST0260,P0194,2,0.15,13118.34,8489.04,22301.18,5323.1,East,Completed
ORD05914,2024-03-22,CUST0884,P0059,1,0.0,1247.06,804.27,1247.06,442.79,North,Completed
ORD09337,2024-03-22,CUST0269,P0054,3,0.0,34828.61,21081.63,104485.83,41240.94,East,Completed
ORD01783,2024-03-22,CUST0962,P0035,5,0.1,56932.8,34147.01,256197.6,85462.55,North,Completed
ORD09009,2024-03-22,CUST0941,P0134,5,0.0,34117.69,25387.96,170588.45,43648.65,South,Completed
ORD04869,2024-03-22,CUST0986,P0010,1,0.1,16072.59,10816.67,14465.33,3648.66,South,Completed
ORD07179,2024-03-22,CUST0623,P0121,2,0.05,975.23,645.82,1852.94,561.3,West,Completed
ORD02656,2024-03-22,CUST0656,P0152,2,0.05,5896.48,4498.55,11203.31,2206.21,North,Completed
ORD02579,2024-03-22,CUST0062,P0100,1,0.05,36262.87,22462.27,34449.73,11987.46,East,Completed
ORD09575,2024-03-22,CUST0933,P0118,3,0.0,36939.5,23012.67,110818.5,41780.49,South,Completed
ORD01960,2024-03-22,CUST0344,P0052,3,0.1,7440.54,4865.29,20089.46,5493.59,East,Completed
ORD01633,2024-03-22,CUST0935,P0017,1,0.15,17284.69,10596.05,14691.99,4095.94,North,Pending
ORD06017,2024-03-22,CUST0454,P0151,2,0.1,5830.9,4665.5,10495.62,1164.62,West,Completed
ORD08967,2024-03-22,CUST0194,P0125,1,0.0,3155.85,2083.96,3155.85,1071.89,South,Completed
ORD02607,2024-03-23,CUST0254,P0197,1,0.0,15133.72,11886.63,15133.72,3247.09,West,Completed
ORD07824,2024-03-23,CUST0838,P0164,4,0.0,8324.94,6438.05,33299.76,7547.56,West,Completed
ORD01515,2024-03-23,CUST0986,P0165,3,0.0,728.57,514.38,2185.71,642.57,South,Completed
ORD01547,2024-03-23,CUST0328,P0168,1,0.2,1780.85,1042.33,1424.68,382.35,West,Completed
ORD07841,2024-03-23,CUST0664,P0135,1,0.0,644.55,462.91,644.55,181.64,West,Completed
ORD01519,2024-03-23,CUST0616,P0105,2,0.05,17543.79,10886.17,33333.2,11560.86,South,Completed
ORD05194,2024-03-23,CUST0450,P0117,3,0.0,62915.52,50890.59,188746.56,36074.79,South,Completed
ORD05201,2024-03-23,CUST0183,P0067,1,0.05,5933.02,4559.02,5636.37,1077.35,South,Completed
ORD09074,2024-03-23,CUST0872,P0175,2,0.0,791.76,614.23,1583.52,355.06,South,Completed
ORD09048,2024-03-23,CUST0978,P0042,4,0.15,10683.47,6548.45,36323.8,10130.0,East,Completed
ORD08648,2024-03-23,CUST0329,P0027,3,0.05,20926.64,14284.36,59640.92,16787.84,North,Completed
ORD01846,2024-03-23,CUST0687,P0170,1,0.0,750.66,462.97,750.66,287.69,East,Completed
ORD04746,2024-03-24,CUST0965,P0073,1,0.1,15561.42,10813.46,14005.28,3191.82,North,Completed
ORD04955,2024-03-24,CUST0545,P0035,1,0.1,56932.8,34147.01,51239.52,17092.51,West,Completed
ORD08687,2024-03-24,CUST0878,P0043,3,0.0,528.82,390.77,1586.46,414.15,North,Completed
ORD07787,2024-03-24,CUST0862,P0012,4,0.05,4072.78,2687.49,15476.56,4726.6,West,Completed
ORD03322,2024-03-24,CUST0520,P0185,1,0.05,76508.26,54062.35,72682.85,18620.5,East,Pending
ORD04131,2024-03-24,CUST0044,P0173,2,0.1,4259.82,3133.66,7667.68,1400.36,North,Completed
ORD07295,2024-03-24,CUST0210,P0056,2,0.1,312.97,191.98,563.35,179.39,East,Completed
ORD01536,2024-03-24,CUST0879,P0157,3,0.05,1290.11,764.14,3676.81,1384.39,East,Completed
ORD00609,2024-03-24,CUST0700,P0137,5,0.1,3327.18,2091.19,14972.31,4516.36,West,Completed
ORD04082,2024-03-25,CUST0659,P0022,1,0.1,68945.25,50670.94,62050.72,11379.78,East,Completed
ORD01041,2024-03-25,CUST0346,P0180,3,0.1,23838.69,16889.32,64364.46,13696.5,North,Completed
ORD08467,2024-03-25,CUST0766,P0146,3,0.0,11482.27,8693.26,34446.81,8367.03,South,Completed
ORD08552,2024-03-25,CUST0721,P0192,4,0.05,20821.66,13717.57,79122.31,24252.03,South,Completed
ORD00784,2024-03-25,CUST0473,P0044,1,0.2,59463.82,38619.72,47571.06,8951.34,West,Cancelled
ORD08191,2024-03-25,CUST0479,P0143,5,0.1,56727.96,35563.32,255275.82,77459.22,North,Completed
ORD00374,2024-03-25,CUST0636,P0193,1,0.05,8422.11,6102.6,8001.0,1898.4,West,Completed
ORD08915,2024-03-25,CUST0792,P0042,2,0.15,10683.47,6548.45,18161.9,5065.0,East,Cancelled
ORD06416,2024-03-25,CUST0584,P0066,2,0.15,15521.48,11472.78,26386.52,3440.96,North,Completed
ORD08100,2024-03-25,CUST0370,P0200,4,0.05,37954.59,28614.99,144227.44,29767.48,East,Completed
ORD06144,2024-03-26,CUST0640,P0106,1,0.1,526.46,370.01,473.81,103.8,West,Completed
ORD00958,2024-03-26,CUST0224,P0150,2,0.1,53462.03,36715.83,96231.65,22799.99,West,Completed
ORD05417,2024-03-26,CUST0382,P0052,2,0.2,7440.54,4865.29,11904.86,2174.28,North,Completed
ORD08314,2024-03-26,CUST0810,P0182,1,0.0,15590.28,12172.38,15590.28,3417.9,North,Completed
ORD09946,2024-03-26,CUST0956,P0055,2,0.0,6422.29,4812.56,12844.58,3219.46,West,Completed
ORD01401,2024-03-26,CUST0062,P0083,2,0.1,374.27,289.15,673.69,95.39,East,Completed
ORD05973,2024-03-26,CUST0039,P0115,1,0.0,9526.21,7338.52,9526.21,2187.69,East,Pending
ORD09881,2024-03-26,CUST0891,P0139,1,0.05,26827.4,18117.75,25486.03,7368.28,West,Completed
ORD02731,2024-03-26,CUST0108,P0058,1,0.05,7347.4,4878.31,6980.03,2101.72,South,Completed
ORD03382,2024-03-26,CUST0657,P0072,4,0.05,28334.52,18780.23,107671.18,32550.26,South,Completed
ORD07590,2024-03-26,CUST0351,P0056,1,0.05,312.97,191.98,297.32,105.34,West,Pending
ORD05532,2024-03-26,CUST0905,P0156,1,0.05,44665.09,34536.09,42431.84,7895.75,South,Pending
ORD04874,2024-03-26,CUST0037,P0032,3,0.0,39614.35,24714.41,118843.05,44699.82,East,Completed
ORD01039,2024-03-26,CUST0701,P0134,2,0.1,34117.69,25387.96,61411.84,10635.92,West,Completed
ORD06230,2024-03-26,CUST0420,P0080,1,0.05,67342.32,40846.14,63975.2,23129.06,South,Completed
ORD09317,2024-03-26,CUST0116,P0163,2,0.0,3768.33,3060.43,7536.66,1415.8,West,Completed
ORD08444,2024-03-26,CUST0749,P0138,1,0.0,30903.45,21958.56,30903.45,8944.89,West,Completed
ORD06712,2024-03-26,CUST0259,P0085,1,0.15,73872.61,56554.21,62791.72,6237.51,South,Completed
ORD03580,2024-03-26,CUST0210,P0178,2,0.15,4042.35,3098.18,6872.0,675.64,East,Completed
ORD01604,2024-03-27,CUST0688,P0174,3,0.15,46343.47,28863.63,118175.85,31584.96,West,Completed
ORD07813,2024-03-27,CUST0807,P0045,1,0.05,2217.01,1355.93,2106.16,750.23,South,Completed
ORD02573,2024-03-27,CUST0047,P0008,1,0.15,68633.55,51583.32,58338.52,6755.2,East,Completed
ORD06642,2024-03-27,CUST0694,P0171,1,0.05,39010.06,29472.11,37059.56,7587.45,North,Completed
ORD02868,2024-03-27,CUST0326,P0084,1,0.0,52737.3,39276.81,52737.3,13460.49,North,Cancelled
ORD03337,2024-03-27,CUST0426,P0088,2,0.2,58121.47,37608.48,92994.35,17777.39,East,Completed
ORD01920,2024-03-27,CUST0401,P0039,3,0.1,1717.54,1277.52,4637.36,804.8,North,Completed
ORD06854,2024-03-27,CUST0514,P0034,4,0.1,143.7,100.11,517.32,116.88,East,Completed
ORD05155,2024-03-27,CUST0487,P0181,2,0.05,8670.4,5624.95,16473.76,5223.86,North,Completed
ORD04564,2024-03-27,CUST0766,P0106,2,0.1,526.46,370.01,947.63,207.61,South,Completed
ORD07803,2024-03-27,CUST0081,P0053,3,0.15,422.63,329.18,1077.71,90.17,East,Completed
ORD05754,2024-03-27,CUST0590,P0081,1,0.1,11112.68,6733.47,10001.41,3267.94,North,Completed
ORD05864,2024-03-27,CUST0775,P0002,1,0.1,6203.85,4038.58,5583.46,1544.88,South,Completed
ORD09683,2024-03-27,CUST0302,P0071,2,0.0,35759.59,27998.22,71519.18,15522.74,South,Completed
ORD00968,2024-03-28,CUST0179,P0065,1,0.05,21598.4,14583.7,20518.48,5934.78,West,Completed
ORD07122,2024-03-28,CUST0364,P0046,3,0.1,61902.8,37121.36,167137.56,55773.48,North,Completed
ORD06433,2024-03-28,CUST0235,P0154,1,0.1,693.93,462.98,624.54,161.56,East,Completed
ORD08610,2024-03-28,CUST0324,P0101,4,0.0,51632.3,38843.18,206529.2,51156.48,East,Completed
ORD08644,2024-03-28,CUST0963,P0027,1,0.1,20926.64,14284.36,18833.98,4549.62,South,Completed
ORD03658,2024-03-28,CUST0778,P0190,1,0.0,2296.71,1653.27,2296.71,643.44,East,Completed
ORD08677,2024-03-28,CUST0619,P0046,1,0.0,61902.8,37121.36,61902.8,24781.44,West,Cancelled
ORD02094,2024-03-28,CUST0791,P0002,1,0.0,6203.85,4038.58,6203.85,2165.27,East,Completed
ORD01152,2024-03-28,CUST0834,P0115,1,0.15,9526.21,7338.52,8097.28,758.76,East,Completed
ORD05831,2024-03-28,CUST0761,P0112,4,0.1,20043.19,13117.75,72155.48,19684.48,North,Completed
ORD06768,2024-03-28,CUST0149,P0046,2,0.15,61902.8,37121.36,105234.76,30992.04,West,Completed
ORD04187,2024-03-28,CUST0472,P0018,3,0.05,4596.19,2818.15,13099.14,4644.69,North,Completed
ORD01687,2024-03-28,CUST0091,P0160,2,0.05,680.29,502.6,1292.55,287.35,North,Completed
ORD08295,2024-03-28,CUST0101,P0038,2,0.0,25137.53,20080.78,50275.06,10113.5,East,Completed
ORD08920,2024-03-29,CUST0431,P0084,2,0.1,52737.3,39276.81,94927.14,16373.52,South,Completed
ORD03941,2024-03-29,CUST0380,P0071,3,0.0,35759.59,27998.22,107278.77,23284.11,East,Completed
ORD04788,2024-03-29,CUST0746,P0006,1,0.0,51610.25,30768.51,51610.25,20841.74,East,Completed
ORD03364,2024-03-29,CUST0743,P0030,2,0.1,23508.75,18216.9,42315.75,5881.95,North,Completed
ORD00919,2024-03-29,CUST0822,P0199,4,0.1,404.58,321.41,1456.49,170.85,North,Completed
ORD06591,2024-03-29,CUST0228,P0166,2,0.15,47059.67,34982.34,80001.44,10036.76,South,Completed
ORD08301,2024-03-29,CUST0396,P0051,4,0.0,57445.48,35926.8,229781.92,86074.72,West,Completed
ORD06170,2024-03-29,CUST0365,P0141,1,0.0,1748.75,1100.65,1748.75,648.1,North,Completed
ORD04579,2024-03-29,CUST0311,P0050,1,0.1,8890.7,6907.47,8001.63,1094.16,North,Completed
ORD03344,2024-03-29,CUST0679,P0175,2,0.0,791.76,614.23,1583.52,355.06,East,Completed
ORD03651,2024-03-29,CUST0881,P0084,2,0.1,52737.3,39276.81,94927.14,16373.52,East,Completed
ORD04886,2024-03-29,CUST0569,P0126,3,0.1,41856.24,33581.85,113011.85,12266.3,West,Completed
ORD08919,2024-03-29,CUST0606,P0113,1,0.05,26426.25,19479.69,25104.94,5625.25,South,Completed
ORD06108,2024-03-29,CUST0306,P0118,2,0.05,36939.5,23012.67,70185.05,24159.71,East,Completed
ORD02315,2024-03-29,CUST0039,P0173,1,0.05,4259.82,3133.66,4046.83,913.17,East,Completed
ORD08370,2024-03-29,CUST0443,P0125,3,0.0,3155.85,2083.96,9467.55,3215.67,South,Completed
ORD02461,2024-03-29,CUST0522,P0081,5,0.15,11112.68,6733.47,47228.89,13561.54,East,Completed
ORD08743,2024-03-29,CUST0254,P0100,3,0.1,36262.87,22462.27,97909.75,30522.94,West,Completed
ORD09052,2024-03-29,CUST0899,P0038,4,0.05,25137.53,20080.78,95522.61,15199.49,South,Completed
ORD02827,2024-03-30,CUST0989,P0139,2,0.15,26827.4,18117.75,45606.58,9371.08,South,Completed
ORD05758,2024-03-30,CUST0740,P0042,1,0.1,10683.47,6548.45,9615.12,3066.67,East,Completed
ORD08491,2024-03-30,CUST0703,P0130,1,0.1,58219.77,46803.43,52397.79,5594.36,North,Completed
ORD05216,2024-03-30,CUST0757,P0071,2,0.0,35759.59,27998.22,71519.18,15522.74,West,Completed
ORD05747,2024-03-30,CUST0276,P0156,1,0.1,44665.09,34536.09,40198.58,5662.49,South,Completed
ORD05260,2024-03-30,CUST0018,P0028,2,0.1,1126.53,825.36,2027.75,377.03,West,Completed
ORD03341,2024-03-30,CUST0850,P0048,4,0.1,1114.29,876.19,4011.44,506.68,West,Pending
ORD05624,2024-03-30,CUST0497,P0028,4,0.05,1126.53,825.36,4280.81,979.37,East,Completed
ORD00631,2024-03-31,CUST0146,P0161,4,0.1,36827.84,23163.81,132580.22,39924.98,West,Completed
ORD09931,2024-03-31,CUST0671,P0044,3,0.0,59463.82,38619.72,178391.46,62532.3,West,Completed
ORD09724,2024-03-31,CUST0794,P0059,2,0.2,1247.06,804.27,1995.3,386.76,West,Completed
ORD07405,2024-03-31,CUST0088,P0093,3,0.0,10189.0,5911.08,30567.0,12833.76,West,Completed
ORD09517,2024-03-31,CUST0560,P0045,2,0.1,2217.01,1355.93,3990.62,1278.76,West,Completed
ORD05776,2024-03-31,CUST0148,P0112,1,0.1,20043.19,13117.75,18038.87,4921.12,North,Completed
ORD09469,2024-03-31,CUST0185,P0136,2,0.0,3029.54,2200.52,6059.08,1658.04,South,Completed
ORD08425,2024-03-31,CUST0096,P0161,3,0.05,36827.84,23163.81,104959.34,35467.91,South,Completed
ORD01816,2024-03-31,CUST0038,P0156,1,0.05,44665.09,34536.09,42431.84,7895.75,North,Completed
ORD06454,2024-03-31,CUST0937,P0041,1,0.15,4003.54,2383.24,3403.01,1019.77,East,Completed
ORD05264,2024-04-01,CUST0592,P0051,2,0.1,57445.48,35926.8,103401.86,31548.26,South,Completed
ORD06845,2024-04-01,CUST0971,P0037,4,0.0,58358.81,45854.58,233435.24,50016.92,East,Completed
ORD08434,2024-04-01,CUST0204,P0135,3,0.1,644.55,462.91,1740.28,351.55,North,Completed
ORD00460,2024-04-01,CUST0575,P0111,2,0.1,32818.12,23699.05,59072.62,11674.52,South,Completed
ORD08284,2024-04-01,CUST0972,P0144,1,0.0,501.46,362.98,501.46,138.48,West,Completed
ORD07316,2024-04-01,CUST0034,P0184,2,0.05,20719.38,13335.4,39366.82,12696.02,North,Completed
ORD06789,2024-04-01,CUST0076,P0131,3,0.1,896.08,597.69,2419.42,626.35,South,Completed
ORD06585,2024-04-01,CUST0936,P0165,4,0.1,728.57,514.38,2622.85,565.33,South,Completed
ORD03942,2024-04-01,CUST0403,P0143,1,0.05,56727.96,35563.32,53891.56,18328.24,South,Completed
ORD03735,2024-04-01,CUST0950,P0141,3,0.1,1748.75,1100.65,4721.62,1419.67,East,Completed
ORD06549,2024-04-01,CUST0602,P0178,2,0.1,4042.35,3098.18,7276.23,1079.87,South,Completed
ORD01859,2024-04-01,CUST0216,P0200,3,0.15,37954.59,28614.99,96784.2,10939.23,South,Completed
ORD00715,2024-04-01,CUST0479,P0197,5,0.1,15133.72,11886.63,68101.74,8668.59,North,Completed
ORD04396,2024-04-01,CUST0606,P0177,3,0.15,783.92,493.62,1999.0,518.14,South,Completed
ORD03078,2024-04-01,CUST0323,P0010,5,0.15,16072.59,10816.67,68308.51,14225.16,East,Completed
ORD06477,2024-04-01,CUST0227,P0067,2,0.05,5933.02,4559.02,11272.74,2154.7,East,Completed
ORD00961,2024-04-01,CUST0351,P0073,2,0.0,15561.42,10813.46,31122.84,9495.92,West,Completed
ORD04877,2024-04-02,CUST0801,P0063,2,0.2,12786.65,8472.2,20458.64,3514.24,East,Completed
ORD07806,2024-04-02,CUST0864,P0159,2,0.05,54205.42,36083.24,102990.3,30823.82,South,Completed
ORD08231,2024-04-02,CUST0383,P0137,1,0.1,3327.18,2091.19,2994.46,903.27,North,Completed
ORD04139,2024-04-02,CUST0323,P0054,5,0.15,34828.61,21081.63,148021.59,42613.44,East,Completed
ORD06424,2024-04-02,CUST0116,P0049,2,0.1,56396.41,44202.58,101513.54,13108.38,West,Completed
ORD09628,2024-04-02,CUST0374,P0154,2,0.05,693.93,462.98,1318.47,392.51,East,Completed
ORD09404,2024-04-02,CUST0530,P0058,2,0.15,7347.4,4878.31,12490.58,2733.96,North,Completed
ORD00415,2024-04-02,CUST0117,P0167,2,0.05,7469.0,4701.25,14191.1,4788.6,South,Completed
ORD02903,2024-04-02,CUST0707,P0117,5,0.1,62915.52,50890.59,283119.84,28666.89,East,Completed
ORD04074,2024-04-03,CUST0412,P0145,4,0.15,360.46,274.8,1225.56,126.36,East,Completed
ORD04393,2024-04-03,CUST0704,P0003,2,0.0,15581.84,9713.54,31163.68,11736.6,North,Completed
ORD09144,2024-04-03,CUST0215,P0064,2,0.0,20038.07,13846.76,40076.14,12382.62,North,Completed
ORD01561,2024-04-03,CUST0167,P0010,2,0.0,16072.59,10816.67,32145.18,10511.84,South,Completed
ORD04188,2024-04-03,CUST0482,P0155,2,0.1,9808.49,7104.6,17655.28,3446.08,East,Completed
ORD01272,2024-04-03,CUST0547,P0091,1,0.15,49350.46,32483.04,41947.89,9464.85,South,Completed
ORD01956,2024-04-03,CUST0921,P0010,1,0.05,16072.59,10816.67,15268.96,4452.29,East,Completed
ORD04419,2024-04-03,CUST0012,P0194,5,0.2,13118.34,8489.04,52473.36,10028.16,East,Completed
ORD06207,2024-04-03,CUST0792,P0112,1,0.05,20043.19,13117.75,19041.03,5923.28,East,Completed
ORD05369,2024-04-04,CUST0568,P0169,1,0.0,12339.56,8305.1,12339.56,4034.46,West,Completed
ORD01957,2024-04-04,CUST0708,P0033,2,0.0,54569.41,31985.14,109138.82,45168.54,East,Completed
ORD07953,2024-04-04,CUST0133,P0093,2,0.1,10189.0,5911.08,18340.2,6518.04,South,Completed
ORD03957,2024-04-04,CUST0028,P0073,2,0.0,15561.42,10813.46,31122.84,9495.92,West,Completed
ORD00333,2024-04-04,CUST0199,P0145,2,0.15,360.46,274.8,612.78,63.18,North,Completed
ORD01851,2024-04-04,CUST0468,P0179,2,0.1,12818.17,8758.44,23072.71,5555.83,North,Cancelled
ORD04383,2024-04-04,CUST0170,P0096,1,0.0,22714.55,15565.72,22714.55,7148.83,West,Completed
ORD05131,2024-04-04,CUST0259,P0097,2,0.0,11100.34,7751.47,22200.68,6697.74,South,Completed
ORD00145,2024-04-04,CUST0997,P0099,1,0.1,908.9,743.94,818.01,74.07,South,Completed
ORD02277,2024-04-04,CUST0668,P0167,1,0.1,7469.0,4701.25,6722.1,2020.85,West,Completed
ORD06843,2024-04-04,CUST0197,P0077,2,0.1,50047.7,37709.36,90085.86,14667.14,East,Completed
ORD07233,2024-04-04,CUST0677,P0009,2,0.1,724.93,490.11,1304.87,324.65,North,Completed
ORD08977,2024-04-04,CUST0933,P0156,3,0.0,44665.09,34536.09,133995.27,30387.0,South,Completed
ORD09046,2024-04-04,CUST0986,P0021,1,0.1,6878.25,5112.71,6190.42,1077.71,South,Completed
ORD08474,2024-04-04,CUST0214,P0054,1,0.0,34828.61,21081.63,34828.61,13746.98,South,Completed
ORD08696,2024-04-04,CUST0434,P0191,1,0.15,8442.75,6441.23,7176.34,735.11,East,Completed
ORD05798,2024-04-05,CUST0473,P0010,1,0.0,16072.59,10816.67,16072.59,5255.92,West,Completed
ORD08512,2024-04-05,CUST0647,P0169,2,0.0,12339.56,8305.1,24679.12,8068.92,East,Completed
ORD01812,2024-04-05,CUST0861,P0132,1,0.1,235.21,163.03,211.69,48.66,North,Completed
ORD03301,2024-04-05,CUST0191,P0095,1,0.1,9513.49,6495.4,8562.14,2066.74,East,Completed
ORD00495,2024-04-05,CUST0156,P0013,1,0.0,8923.66,6594.73,8923.66,2328.93,West,Completed
ORD04341,2024-04-05,CUST0056,P0056,1,0.05,312.97,191.98,297.32,105.34,North,Completed
ORD04867,2024-04-05,CUST0854,P0043,1,0.0,528.82,390.77,528.82,138.05,North,Completed
ORD03891,2024-04-05,CUST0346,P0160,1,0.0,680.29,502.6,680.29,177.69,North,Completed
ORD07442,2024-04-05,CUST0687,P0135,3,0.1,644.55,462.91,1740.28,351.55,East,Completed
ORD00945,2024-04-05,CUST0128,P0095,2,0.0,9513.49,6495.4,19026.98,6036.18,South,Completed
ORD07978,2024-04-05,CUST0533,P0086,1,0.2,519.82,398.56,415.86,17.3,East,Completed
ORD03696,2024-04-05,CUST0177,P0133,4,0.1,30154.78,21233.5,108557.21,23623.21,South,Completed
ORD03615,2024-04-05,CUST0004,P0041,1,0.05,4003.54,2383.24,3803.36,1420.12,West,Completed
ORD02044,2024-04-05,CUST0338,P0013,3,0.15,8923.66,6594.73,22755.33,2971.14,North,Completed
ORD07780,2024-04-06,CUST0944,P0078,1,0.15,66750.32,43644.61,56737.77,13093.16,East,Pending
ORD09353,2024-04-06,CUST0076,P0159,1,0.15,54205.42,36083.24,46074.61,9991.37,South,Completed
ORD05038,2024-04-06,CUST0721,P0145,1,0.0,360.46,274.8,360.46,85.66,South,Completed
ORD04110,2024-04-06,CUST0013,P0109,1,0.15,17118.52,11998.2,14550.74,2552.54,East,Pending
ORD09757,2024-04-06,CUST0468,P0047,1,0.0,1004.63,793.19,1004.63,211.44,North,Completed
ORD08865,2024-04-06,CUST0849,P0005,3,0.15,759.62,541.79,1937.03,311.66,West,Completed
ORD00626,2024-04-06,CUST0096,P0046,2,0.0,61902.8,37121.36,123805.6,49562.88,South,Completed
ORD06828,2024-04-06,CUST0617,P0011,2,0.1,50761.69,39171.65,91371.04,13027.74,South,Completed
ORD03329,2024-04-06,CUST0446,P0067,2,0.1,5933.02,4559.02,10679.44,1561.4,South,Pending
ORD03088,2024-04-06,CUST0815,P0065,1,0.0,21598.4,14583.7,21598.4,7014.7,South,Completed
ORD02166,2024-04-06,CUST0214,P0096,3,0.15,22714.55,15565.72,57922.1,11224.94,South,Completed
ORD02560,2024-04-06,CUST0031,P0029,2,0.05,1310.65,844.84,2490.24,800.56,South,Completed
ORD03277,2024-04-06,CUST0597,P0022,3,0.05,68945.25,50670.94,196493.96,44481.14,West,Completed
ORD03303,2024-04-06,CUST0060,P0107,2,0.15,72638.94,50890.24,123486.2,21705.72,South,Completed
ORD01265,2024-04-06,CUST0676,P0155,3,0.05,9808.49,7104.6,27954.2,6640.4,South,Completed
ORD00140,2024-04-06,CUST0485,P0045,1,0.0,2217.01,1355.93,2217.01,861.08,South,Cancelled
ORD05723,2024-04-07,CUST0937,P0118,1,0.05,36939.5,23012.67,35092.52,12079.85,East,Completed
ORD09150,2024-04-07,CUST0126,P0047,2,0.0,1004.63,793.19,2009.26,422.88,West,Completed
ORD01279,2024-04-07,CUST0592,P0115,1,0.1,9526.21,7338.52,8573.59,1235.07,South,Completed
ORD09626,2024-04-07,CUST0913,P0115,2,0.15,9526.21,7338.52,16194.56,1517.52,North,Completed
ORD09927,2024-04-07,CUST0856,P0114,1,0.1,16683.02,10299.86,15014.72,4714.86,West,Completed
ORD04508,2024-04-07,CUST0825,P0030,5,0.1,23508.75,18216.9,105789.38,14704.88,South,Completed
ORD06371,2024-04-07,CUST0373,P0150,2,0.0,53462.03,36715.83,106924.06,33492.4,North,Completed
ORD01050,2024-04-07,CUST0123,P0148,3,0.1,15484.78,9786.06,41808.91,12450.73,North,Completed
ORD07380,2024-04-07,CUST0418,P0143,1,0.05,56727.96,35563.32,53891.56,18328.24,South,Completed
ORD03508,2024-04-07,CUST0531,P0147,1,0.0,22737.01,13458.16,22737.01,9278.85,South,Completed
ORD05066,2024-04-07,CUST0254,P0102,2,0.0,4149.23,2427.22,8298.46,3444.02,West,Completed
ORD05235,2024-04-07,CUST0937,P0104,1,0.1,22437.82,18159.1,20194.04,2034.94,East,Completed
ORD09965,2024-04-07,CUST0912,P0159,1,0.05,54205.42,36083.24,51495.15,15411.91,East,Completed
ORD09680,2024-04-07,CUST0132,P0094,3,0.05,77812.86,47690.34,221766.65,78695.63,South,Completed
ORD02672,2024-04-08,CUST0916,P0025,1,0.1,49570.32,37427.29,44613.29,7186.0,East,Completed
ORD05676,2024-04-08,CUST0734,P0103,2,0.05,585.19,454.75,1111.86,202.36,South,Completed
ORD07570,2024-04-08,CUST0701,P0185,2,0.0,76508.26,54062.35,153016.52,44891.82,West,Completed
ORD06911,2024-04-08,CUST0791,P0179,1,0.15,12818.17,8758.44,10895.44,2137.0,East,Completed
ORD08422,2024-04-08,CUST0565,P0183,2,0.0,66902.29,49511.88,133804.58,34780.82,West,Completed
ORD09072,2024-04-08,CUST0747,P0068,1,0.15,41326.98,32432.51,35127.93,2695.42,West,Completed
ORD07123,2024-04-08,CUST0060,P0153,2,0.0,318.53,240.18,637.06,156.7,South,Pending
ORD03167,2024-04-08,CUST0939,P0180,2,0.15,23838.69,16889.32,40525.77,6747.13,North,Completed
ORD02687,2024-04-08,CUST0691,P0046,1,0.1,61902.8,37121.36,55712.52,18591.16,East,Completed
ORD02694,2024-04-08,CUST0886,P0106,3,0.1,526.46,370.01,1421.44,311.41,East,Completed
ORD04411,2024-04-08,CUST0819,P0020,5,0.05,14020.39,10682.55,66596.85,13184.1,North,Completed
ORD01339,2024-04-08,CUST0947,P0026,2,0.05,53440.86,40308.66,101537.63,20920.31,North,Completed
ORD09137,2024-04-08,CUST0448,P0177,1,0.0,783.92,493.62,783.92,290.3,North,Completed
ORD07340,2024-04-08,CUST0726,P0005,5,0.0,759.62,541.79,3798.1,1089.15,North,Completed
ORD04237,2024-04-09,CUST0761,P0021,1,0.15,6878.25,5112.71,5846.51,733.8,North,Completed
ORD03665,2024-04-09,CUST0142,P0183,2,0.05,66902.29,49511.88,127114.35,28090.59,South,Pending
ORD00406,2024-04-09,CUST0868,P0162,2,0.05,46811.03,27452.25,88940.96,34036.46,South,Completed
ORD00241,2024-04-09,CUST0590,P0121,2,0.05,975.23,645.82,1852.94,561.3,North,Completed
ORD01062,2024-04-09,CUST0311,P0014,3,0.05,18597.52,13817.51,53002.93,11550.4,North,Completed
ORD02436,2024-04-09,CUST0374,P0006,2,0.05,51610.25,30768.51,98059.48,36522.46,East,Completed
ORD07144,2024-04-09,CUST0898,P0018,2,0.1,4596.19,2818.15,8273.14,2636.84,South,Completed
ORD03685,2024-04-09,CUST0043,P0080,4,0.05,67342.32,40846.14,255900.82,92516.26,East,Completed
ORD05994,2024-04-09,CUST0709,P0077,3,0.1,50047.7,37709.36,135128.79,22000.71,North,Completed
ORD03947,2024-04-09,CUST0187,P0123,4,0.1,77212.89,61788.48,277966.4,30812.48,North,Completed
ORD08249,2024-04-09,CUST0550,P0169,3,0.15,12339.56,8305.1,31465.88,6550.58,South,Completed
ORD00707,2024-04-09,CUST0990,P0118,3,0.0,36939.5,23012.67,110818.5,41780.49,North,Pending
ORD09860,2024-04-09,CUST0407,P0127,3,0.0,37425.34,27064.21,112276.02,31083.39,South,Completed
ORD04295,2024-04-10,CUST0982,P0121,3,0.15,975.23,645.82,2486.84,549.38,East,Completed
ORD09811,2024-04-10,CUST0643,P0086,1,0.1,519.82,398.56,467.84,69.28,South,Completed
ORD08711,2024-04-10,CUST0445,P0138,3,0.0,30903.45,21958.56,92710.35,26834.67,North,Completed
ORD01418,2024-04-10,CUST0887,P0009,1,0.0,724.93,490.11,724.93,234.82,North,Completed
ORD07800,2024-04-10,CUST0168,P0129,1,0.05,43850.97,27932.89,41658.42,13725.53,West,Completed
ORD07739,2024-04-10,CUST0596,P0029,3,0.05,1310.65,844.84,3735.35,1200.83,South,Completed
ORD02853,2024-04-10,CUST0614,P0015,3,0.05,18890.43,14292.88,53837.73,10959.09,East,Cancelled
ORD07416,2024-04-10,CUST0745,P0192,3,0.05,20821.66,13717.57,59341.73,18189.02,East,Completed
ORD03525,2024-04-10,CUST0681,P0043,2,0.05,528.82,390.77,1004.76,223.22,North,Completed
ORD04203,2024-04-10,CUST0327,P0053,1,0.0,422.63,329.18,422.63,93.45,West,Cancelled
ORD03626,2024-04-10,CUST0213,P0178,2,0.0,4042.35,3098.18,8084.7,1888.34,North,Completed
ORD00123,2024-04-10,CUST0013,P0066,4,0.0,15521.48,11472.78,62085.92,16194.8,East,Completed
ORD02571,2024-04-10,CUST0371,P0176,2,0.15,9388.62,6512.18,15960.65,2936.29,North,Completed
ORD09573,2024-04-10,CUST0445,P0168,2,0.2,1780.85,1042.33,2849.36,764.7,North,Cancelled
ORD01991,2024-04-10,CUST0665,P0062,1,0.0,7214.7,5874.11,7214.7,1340.59,West,Completed
ORD07323,2024-04-10,CUST0155,P0133,1,0.05,30154.78,21233.5,28647.04,7413.54,East,Completed
ORD02051,2024-04-11,CUST0227,P0095,2,0.05,9513.49,6495.4,18075.63,5084.83,East,Cancelled
ORD06379,2024-04-11,CUST0040,P0182,1,0.15,15590.28,12172.38,13251.74,1079.36,East,Completed
ORD05637,2024-04-11,CUST0659,P0144,1,0.05,501.46,362.98,476.39,113.41,East,Cancelled
ORD01139,2024-04-11,CUST0220,P0087,3,0.05,11879.48,8267.83,33856.52,9053.03,West,Completed
ORD05840,2024-04-11,CUST0604,P0091,3,0.15,49350.46,32483.04,125843.67,28394.55,South,Completed
ORD09849,2024-04-11,CUST0785,P0005,1,0.0,759.62,541.79,759.62,217.83,East,Pending
ORD00217,2024-04-11,CUST0602,P0053,1,0.2,422.63,329.18,338.1,8.92,South,Completed
ORD04048,2024-04-11,CUST0905,P0119,2,0.0,11965.18,9132.35,23930.36,5665.66,South,Completed
ORD02060,2024-04-11,CUST0053,P0151,1,0.05,5830.9,4665.5,5539.36,873.86,East,Completed
ORD04835,2024-04-11,CUST0750,P0182,2,0.1,15590.28,12172.38,28062.5,3717.74,East,Completed
ORD05936,2024-04-11,CUST0345,P0060,4,0.15,32036.99,25220.68,108925.77,8043.05,North,Completed
ORD08111,2024-04-11,CUST0929,P0172,1,0.05,53066.45,36105.87,50413.13,14307.26,South,Completed
ORD00554,2024-04-11,CUST0943,P0091,1,0.05,49350.46,32483.04,46882.94,14399.9,East,Completed
ORD00713,2024-04-11,CUST0318,P0101,1,0.0,51632.3,38843.18,51632.3,12789.12,West,Completed
ORD05591,2024-04-11,CUST0667,P0174,2,0.2,46343.47,28863.63,74149.55,16422.29,South,Completed
ORD02663,2024-04-11,CUST0086,P0030,1,0.0,23508.75,18216.9,23508.75,5291.85,West,Completed
ORD03774,2024-04-11,CUST0049,P0008,1,0.1,68633.55,51583.32,61770.2,10186.88,North,Completed
ORD06544,2024-04-11,CUST0815,P0048,2,0.15,1114.29,876.19,1894.29,141.91,South,Completed
ORD06407,2024-04-11,CUST0247,P0127,3,0.2,37425.34,27064.21,89820.82,8628.19,East,Completed
ORD05881,2024-04-11,CUST0982,P0150,2,0.15,53462.03,36715.83,90885.45,17453.79,East,Completed
ORD05745,2024-04-11,CUST0948,P0110,1,0.1,30098.59,20298.4,27088.73,6790.33,South,Completed
ORD06164,2024-04-12,CUST0317,P0064,1,0.05,20038.07,13846.76,19036.17,5189.41,West,Completed
ORD02631,2024-04-12,CUST0079,P0128,3,0.05,7160.91,4568.96,20408.59,6701.71,North,Cancelled
ORD05004,2024-04-12,CUST0029,P0159,1,0.0,54205.42,36083.24,54205.42,18122.18,North,Completed
ORD02861,2024-04-12,CUST0984,P0064,1,0.0,20038.07,13846.76,20038.07,6191.31,West,Completed
ORD03686,2024-04-12,CUST0264,P0050,1,0.0,8890.7,6907.47,8890.7,1983.23,North,Completed
ORD05894,2024-04-12,CUST0956,P0159,2,0.1,54205.42,36083.24,97569.76,25403.28,West,Cancelled
ORD05743,2024-04-12,CUST0279,P0124,2,0.1,38907.93,29071.02,70034.27,11892.23,West,Completed
ORD09453,2024-04-12,CUST0954,P0072,2,0.1,28334.52,18780.23,51002.14,13441.68,East,Completed
ORD04967,2024-04-12,CUST0846,P0147,5,0.1,22737.01,13458.16,102316.54,35025.74,West,Completed
ORD06159,2024-04-12,CUST0378,P0046,2,0.05,61902.8,37121.36,117615.32,43372.6,East,Completed
ORD07319,2024-04-12,CUST0813,P0112,1,0.1,20043.19,13117.75,18038.87,4921.12,East,Completed
ORD01267,2024-04-12,CUST0028,P0153,2,0.0,318.53,240.18,637.06,156.7,West,Cancelled
ORD07298,2024-04-13,CUST0093,P0150,1,0.1,53462.03,36715.83,48115.83,11400.0,East,Completed
ORD03501,2024-04-13,CUST0075,P0048,2,0.05,1114.29,876.19,2117.15,364.77,West,Completed
ORD00311,2024-04-13,CUST0730,P0144,4,0.0,501.46,362.98,2005.84,553.92,East,Completed
ORD00585,2024-04-13,CUST0664,P0055,1,0.0,6422.29,4812.56,6422.29,1609.73,West,Pending
ORD03384,2024-04-13,CUST0866,P0072,1,0.0,28334.52,18780.23,28334.52,9554.29,West,Completed
ORD03451,2024-04-13,CUST0520,P0021,2,0.1,6878.25,5112.71,12380.85,2155.43,East,Completed
ORD07201,2024-04-13,CUST0172,P0142,2,0.2,4782.08,3282.92,7651.33,1085.49,South,Completed
ORD00834,2024-04-13,CUST0886,P0114,1,0.2,16683.02,10299.86,13346.42,3046.56,East,Completed
ORD02796,2024-04-13,CUST0234,P0138,2,0.0,30903.45,21958.56,61806.9,17889.78,South,Completed
ORD00569,2024-04-13,CUST0551,P0146,5,0.05,11482.27,8693.26,54540.78,11074.48,North,Completed
ORD01917,2024-04-13,CUST0801,P0109,4,0.0,17118.52,11998.2,68474.08,20481.28,East,Completed
ORD01637,2024-04-13,CUST0278,P0090,2,0.05,446.05,334.33,847.5,178.84,West,Completed
ORD07929,2024-04-13,CUST0620,P0070,5,0.0,56679.56,41863.05,283397.8,74082.55,North,Cancelled
ORD00650,2024-04-13,CUST0402,P0163,2,0.0,3768.33,3060.43,7536.66,1415.8,North,Completed
ORD03485,2024-04-13,CUST0623,P0051,2,0.15,57445.48,35926.8,97657.32,25803.72,West,Completed
ORD01642,2024-04-13,CUST0104,P0055,2,0.0,6422.29,4812.56,12844.58,3219.46,West,Completed
ORD09430,2024-04-13,CUST0691,P0008,3,0.1,68633.55,51583.32,185310.59,30560.63,East,Completed
ORD01417,2024-04-13,CUST0708,P0184,1,0.1,20719.38,13335.4,18647.44,5312.04,East,Completed
ORD08285,2024-04-13,CUST0484,P0183,1,0.05,66902.29,49511.88,63557.18,14045.3,East,Completed
ORD08626,2024-04-14,CUST0816,P0160,3,0.0,680.29,502.6,2040.87,533.07,East,Completed
ORD03077,2024-04-14,CUST0198,P0185,2,0.1,76508.26,54062.35,137714.87,29590.17,West,Completed
ORD01737,2024-04-14,CUST0793,P0082,2,0.15,14583.87,9123.23,24792.58,6546.12,South,Completed
ORD01554,2024-04-14,CUST0027,P0112,3,0.05,20043.19,13117.75,57123.09,17769.84,South,Completed
ORD07955,2024-04-14,CUST0919,P0174,3,0.05,46343.47,28863.63,132078.89,45488.0,East,Completed
ORD00889,2024-04-14,CUST0861,P0083,2,0.2,374.27,289.15,598.83,20.53,North,Completed
ORD04136,2024-04-14,CUST0330,P0029,1,0.15,1310.65,844.84,1114.05,269.21,West,Cancelled
ORD01334,2024-04-14,CUST0099,P0172,3,0.05,53066.45,36105.87,151239.38,42921.77,South,Completed
ORD05542,2024-04-14,CUST0983,P0177,3,0.0,783.92,493.62,2351.76,870.9,South,Completed
ORD04534,2024-04-14,CUST0417,P0036,4,0.1,1008.83,797.09,3631.79,443.43,North,Completed
ORD03581,2024-04-14,CUST0414,P0096,4,0.0,22714.55,15565.72,90858.2,28595.32,East,Completed
ORD09879,2024-04-14,CUST0855,P0051,1,0.0,57445.48,35926.8,57445.48,21518.68,East,Completed
ORD08129,2024-04-14,CUST0490,P0200,5,0.1,37954.59,28614.99,170795.66,27720.71,West,Completed
ORD07051,2024-04-14,CUST0135,P0039,2,0.1,1717.54,1277.52,3091.57,536.53,North,Completed
ORD02469,2024-04-14,CUST0921,P0196,1,0.2,385.78,231.62,308.62,77.0,East,Completed
ORD00765,2024-04-14,CUST0717,P0071,2,0.05,35759.59,27998.22,67943.22,11946.78,South,Completed
ORD06967,2024-04-15,CUST0234,P0061,2,0.05,49224.25,33194.34,93526.08,27137.4,South,Completed
ORD09443,2024-04-15,CUST0334,P0115,2,0.1,9526.21,7338.52,17147.18,2470.14,East,Completed
ORD00896,2024-04-15,CUST0626,P0149,1,0.15,2427.19,1691.68,2063.11,371.43,South,Completed
ORD04160,2024-04-15,CUST0677,P0138,4,0.1,30903.45,21958.56,111252.42,23418.18,North,Completed
ORD07263,2024-04-15,CUST0116,P0086,1,0.15,519.82,398.56,441.85,43.29,West,Cancelled
ORD07798,2024-04-15,CUST0566,P0175,2,0.0,791.76,614.23,1583.52,355.06,North,Completed
ORD00667,2024-04-15,CUST0004,P0050,1,0.05,8890.7,6907.47,8446.17,1538.7,West,Completed
ORD07318,2024-04-15,CUST0208,P0017,1,0.0,17284.69,10596.05,17284.69,6688.64,South,Completed
ORD00930,2024-04-15,CUST0837,P0037,1,0.0,58358.81,45854.58,58358.81,12504.23,West,Completed
ORD00451,2024-04-15,CUST0058,P0142,1,0.05,4782.08,3282.92,4542.98,1260.06,West,Completed
ORD02012,2024-04-15,CUST0026,P0028,3,0.05,1126.53,825.36,3210.61,734.53,South,Completed
ORD09945,2024-04-16,CUST0928,P0013,3,0.1,8923.66,6594.73,24093.88,4309.69,North,Completed
ORD09940,2024-04-16,CUST0172,P0175,4,0.05,791.76,614.23,3008.69,551.77,South,Completed
ORD05719,2024-04-16,CUST0716,P0094,2,0.05,77812.86,47690.34,147844.43,52463.75,North,Completed
ORD05467,2024-04-16,CUST0697,P0165,1,0.15,728.57,514.38,619.28,104.9,West,Cancelled
ORD09238,2024-04-16,CUST0889,P0061,4,0.1,49224.25,33194.34,177207.3,44429.94,West,Completed
ORD00660,2024-04-16,CUST0179,P0036,3,0.1,1008.83,797.09,2723.84,332.57,West,Completed
ORD01861,2024-04-16,CUST0212,P0082,3,0.1,14583.87,9123.23,39376.45,12006.76,South,Completed
ORD07790,2024-04-16,CUST0026,P0026,4,0.05,53440.86,40308.66,203075.27,41840.63,South,Completed
ORD05482,2024-04-16,CUST0491,P0182,4,0.2,15590.28,12172.38,49888.9,1199.38,North,Completed
ORD06961,2024-04-16,CUST0922,P0163,3,0.15,3768.33,3060.43,9609.24,427.95,West,Completed
ORD03234,2024-04-16,CUST0125,P0115,4,0.0,9526.21,7338.52,38104.84,8750.76,South,Completed
ORD09552,2024-04-16,CUST0068,P0122,2,0.1,17942.76,13133.8,32296.97,6029.37,North,Completed
ORD07345,2024-04-16,CUST0727,P0092,4,0.1,41737.72,32410.53,150255.79,20613.67,East,Completed
ORD02885,2024-04-16,CUST0969,P0062,1,0.0,7214.7,5874.11,7214.7,1340.59,East,Completed
ORD01315,2024-04-16,CUST0602,P0013,1,0.0,8923.66,6594.73,8923.66,2328.93,South,Completed
ORD06452,2024-04-17,CUST0348,P0039,4,0.1,1717.54,1277.52,6183.14,1073.06,East,Completed
ORD03228,2024-04-17,CUST0897,P0060,2,0.0,32036.99,25220.68,64073.98,13632.62,North,Completed
ORD09610,2024-04-17,CUST0354,P0101,4,0.1,51632.3,38843.18,185876.28,30503.56,West,Completed
ORD06472,2024-04-17,CUST0610,P0142,1,0.05,4782.08,3282.92,4542.98,1260.06,South,Completed
ORD08997,2024-04-17,CUST0021,P0164,1,0.05,8324.94,6438.05,7908.69,1470.64,North,Completed
ORD07909,2024-04-17,CUST0621,P0140,4,0.15,12142.58,7367.6,41284.77,11814.37,West,Completed
ORD08692,2024-04-17,CUST0294,P0153,3,0.15,318.53,240.18,812.25,91.71,East,Completed
ORD08621,2024-04-17,CUST0535,P0187,1,0.2,184.91,120.68,147.93,27.25,West,Completed
ORD01799,2024-04-17,CUST1000,P0098,1,0.05,15055.62,11767.46,14302.84,2535.38,East,Completed
ORD01885,2024-04-17,CUST0589,P0163,3,0.0,3768.33,3060.43,11304.99,2123.7,East,Completed
ORD02521,2024-04-17,CUST0457,P0020,2,0.1,14020.39,10682.55,25236.7,3871.6,North,Cancelled
ORD06484,2024-04-17,CUST0472,P0118,1,0.0,36939.5,23012.67,36939.5,13926.83,North,Completed
ORD09478,2024-04-17,CUST0830,P0120,1,0.1,57866.38,42176.37,52079.74,9903.37,West,Completed
ORD05391,2024-04-18,CUST0862,P0136,1,0.1,3029.54,2200.52,2726.59,526.07,West,Completed
ORD02838,2024-04-18,CUST0871,P0020,4,0.1,14020.39,10682.55,50473.4,7743.2,East,Completed
ORD02770,2024-04-18,CUST0240,P0076,1,0.15,20055.1,12211.29,17046.84,4835.55,North,Completed
ORD02690,2024-04-18,CUST0293,P0033,3,0.15,54569.41,31985.14,139152.0,43196.58,West,Completed
ORD00643,2024-04-18,CUST0584,P0038,1,0.05,25137.53,20080.78,23880.65,3799.87,North,Completed
ORD09836,2024-04-18,CUST0039,P0043,2,0.2,528.82,390.77,846.11,64.57,East,Completed
ORD01749,2024-04-19,CUST0761,P0064,1,0.05,20038.07,13846.76,19036.17,5189.41,North,Completed
ORD02249,2024-04-19,CUST0103,P0031,1,0.0,12553.48,9544.5,12553.48,3008.98,South,Completed
ORD00999,2024-04-19,CUST0671,P0165,1,0.1,728.57,514.38,655.71,141.33,West,Completed
ORD00469,2024-04-19,CUST0221,P0184,1,0.15,20719.38,13335.4,17611.47,4276.07,West,Completed
ORD08052,2024-04-19,CUST0873,P0132,1,0.05,235.21,163.03,223.45,60.42,South,Completed
ORD06511,2024-04-19,CUST0763,P0013,2,0.1,8923.66,6594.73,16062.59,2873.13,South,Completed
ORD02698,2024-04-19,CUST0635,P0192,1,0.15,20821.66,13717.57,17698.41,3980.84,East,Completed
ORD04942,2024-04-19,CUST0445,P0120,2,0.2,57866.38,42176.37,92586.21,8233.47,North,Completed
ORD09703,2024-04-19,CUST0444,P0084,2,0.05,52737.3,39276.81,100200.87,21647.25,South,Completed
ORD04604,2024-04-19,CUST0051,P0068,1,0.05,41326.98,32432.51,39260.63,6828.12,West,Completed
ORD09132,2024-04-19,CUST0780,P0003,1,0.1,15581.84,9713.54,14023.66,4310.12,East,Completed
ORD08113,2024-04-19,CUST0896,P0096,3,0.15,22714.55,15565.72,57922.1,11224.94,South,Completed
ORD08457,2024-04-19,CUST0519,P0162,1,0.05,46811.03,27452.25,44470.48,17018.23,North,Completed
ORD01725,2024-04-20,CUST0215,P0051,3,0.05,57445.48,35926.8,163719.62,55939.22,North,Completed
ORD05584,2024-04-20,CUST0887,P0182,1,0.1,15590.28,12172.38,14031.25,1858.87,North,Cancelled
ORD05148,2024-04-20,CUST0485,P0136,1,0.0,3029.54,2200.52,3029.54,829.02,South,Completed
ORD00536,2024-04-20,CUST0599,P0198,1,0.1,715.13,510.57,643.62,133.05,West,Completed
ORD02910,2024-04-20,CUST0878,P0086,2,0.05,519.82,398.56,987.66,190.54,North,Completed
ORD02829,2024-04-20,CUST0702,P0108,1,0.0,673.74,534.39,673.74,139.35,West,Completed
ORD08234,2024-04-20,CUST0846,P0072,2,0.2,28334.52,18780.23,45335.23,7774.77,West,Completed
ORD04716,2024-04-20,CUST0412,P0115,2,0.0,9526.21,7338.52,19052.42,4375.38,East,Completed
ORD01579,2024-04-20,CUST0732,P0058,1,0.0,7347.4,4878.31,7347.4,2469.09,East,Completed
ORD08616,2024-04-20,CUST0301,P0066,4,0.05,15521.48,11472.78,58981.62,13090.5,North,Completed
ORD07199,2024-04-20,CUST0851,P0103,1,0.05,585.19,454.75,555.93,101.18,West,Cancelled
ORD08072,2024-04-20,CUST0959,P0102,2,0.0,4149.23,2427.22,8298.46,3444.02,East,Completed
ORD09605,2024-04-20,CUST0231,P0035,1,0.05,56932.8,34147.01,54086.16,19939.15,South,Completed
ORD09016,2024-04-20,CUST0467,P0173,5,0.2,4259.82,3133.66,17039.28,1370.98,West,Pending
ORD04578,2024-04-20,CUST0964,P0131,1,0.0,896.08,597.69,896.08,298.39,East,Completed
ORD05143,2024-04-21,CUST0481,P0133,1,0.05,30154.78,21233.5,28647.04,7413.54,West,Completed
ORD07594,2024-04-21,CUST0084,P0098,4,0.0,15055.62,11767.46,60222.48,13152.64,West,Completed
ORD09665,2024-04-21,CUST0923,P0071,3,0.05,35759.59,27998.22,101914.83,17920.17,South,Completed
ORD02645,2024-04-21,CUST0236,P0120,2,0.0,57866.38,42176.37,115732.76,31380.02,West,Completed
ORD05761,2024-04-21,CUST0128,P0027,1,0.2,20926.64,14284.36,16741.31,2456.95,South,Completed
ORD00367,2024-04-21,CUST0707,P0043,3,0.0,528.82,390.77,1586.46,414.15,East,Completed
ORD02187,2024-04-21,CUST0416,P0058,3,0.1,7347.4,4878.31,19837.98,5203.05,South,Completed
ORD05635,2024-04-21,CUST0770,P0129,3,0.05,43850.97,27932.89,124975.26,41176.59,North,Completed
ORD01610,2024-04-21,CUST0646,P0093,2,0.15,10189.0,5911.08,17321.3,5499.14,North,Completed
ORD00154,2024-04-21,CUST0254,P0197,2,0.15,15133.72,11886.63,25727.32,1954.06,West,Completed
ORD09236,2024-04-21,CUST0916,P0042,1,0.1,10683.47,6548.45,9615.12,3066.67,East,Completed
ORD01963,2024-04-21,CUST0859,P0029,2,0.0,1310.65,844.84,2621.3,931.62,South,Completed
ORD05552,2024-04-21,CUST0503,P0198,3,0.05,715.13,510.57,2038.12,506.41,South,Completed
ORD00682,2024-04-22,CUST0893,P0019,1,0.1,27844.42,18931.51,25059.98,6128.47,North,Pending
ORD09620,2024-04-22,CUST0792,P0094,3,0.0,77812.86,47690.34,233438.58,90367.56,East,Completed
ORD03365,2024-04-22,CUST0317,P0126,1,0.05,41856.24,33581.85,39763.43,6181.58,West,Completed
ORD00911,2024-04-22,CUST0682,P0181,2,0.15,8670.4,5624.95,14739.68,3489.78,West,Completed
ORD08182,2024-04-22,CUST0549,P0067,1,0.0,5933.02,4559.02,5933.02,1374.0,South,Completed
ORD08836,2024-04-22,CUST0010,P0012,1,0.05,4072.78,2687.49,3869.14,1181.65,West,Completed
ORD05095,2024-04-22,CUST0420,P0124,2,0.1,38907.93,29071.02,70034.27,11892.23,South,Completed
ORD03193,2024-04-22,CUST0308,P0137,1,0.0,3327.18,2091.19,3327.18,1235.99,West,Completed
ORD04725,2024-04-22,CUST0248,P0019,1,0.1,27844.42,18931.51,25059.98,6128.47,East,Cancelled
ORD06613,2024-04-22,CUST0654,P0177,1,0.0,783.92,493.62,783.92,290.3,South,Completed
ORD07565,2024-04-22,CUST0306,P0087,3,0.0,11879.48,8267.83,35638.44,10834.95,East,Completed
ORD08134,2024-04-22,CUST0824,P0069,2,0.15,196.15,126.8,333.46,79.86,South,Completed
ORD01970,2024-04-22,CUST0881,P0157,3,0.15,1290.11,764.14,3289.78,997.36,East,Completed
ORD08740,2024-04-22,CUST0802,P0177,1,0.0,783.92,493.62,783.92,290.3,West,Pending
ORD04669,2024-04-22,CUST0502,P0072,3,0.1,28334.52,18780.23,76503.2,20162.51,South,Completed
ORD05645,2024-04-22,CUST0255,P0089,2,0.05,74892.61,50603.0,142295.96,41089.96,South,Completed
ORD01066,2024-04-22,CUST0438,P0157,3,0.05,1290.11,764.14,3676.81,1384.39,West,Completed
ORD03486,2024-04-23,CUST0880,P0171,1,0.1,39010.06,29472.11,35109.05,5636.94,East,Pending
ORD03700,2024-04-23,CUST0307,P0031,3,0.05,12553.48,9544.5,35777.42,7143.92,West,Completed
ORD03596,2024-04-23,CUST0913,P0086,2,0.15,519.82,398.56,883.69,86.57,North,Completed
ORD00309,2024-04-23,CUST0167,P0100,5,0.1,36262.87,22462.27,163182.92,50871.57,South,Completed
ORD03276,2024-04-23,CUST0042,P0176,1,0.05,9388.62,6512.18,8919.19,2407.01,South,Completed
ORD00805,2024-04-23,CUST0348,P0002,2,0.1,6203.85,4038.58,11166.93,3089.77,East,Completed
ORD08042,2024-04-23,CUST0911,P0186,3,0.05,36288.91,28203.52,103423.39,18812.83,West,Completed
ORD06639,2024-04-23,CUST0735,P0134,4,0.1,34117.69,25387.96,122823.68,21271.84,West,Completed
ORD05439,2024-04-23,CUST0169,P0182,1,0.05,15590.28,12172.38,14810.77,2638.39,West,Completed
ORD01789,2024-04-23,CUST0174,P0091,1,0.0,49350.46,32483.04,49350.46,16867.42,South,Completed
ORD05891,2024-04-23,CUST0727,P0037,1,0.15,58358.81,45854.58,49604.99,3750.41,East,Completed
ORD04321,2024-04-23,CUST0577,P0023,4,0.05,29957.89,23747.89,113839.98,18848.42,West,Completed
ORD09991,2024-04-24,CUST0008,P0005,2,0.05,759.62,541.79,1443.28,359.7,West,Completed
ORD06011,2024-04-24,CUST0266,P0012,4,0.0,4072.78,2687.49,16291.12,5541.16,East,Completed
ORD04978,2024-04-24,CUST0541,P0006,2,0.1,51610.25,30768.51,92898.45,31361.43,South,Completed
ORD04718,2024-04-24,CUST0599,P0057,2,0.05,911.67,722.71,1732.17,286.75,West,Completed
ORD00820,2024-04-24,CUST0615,P0001,3,0.1,796.95,617.19,2151.77,300.2,West,Pending
ORD04368,2024-04-24,CUST0785,P0135,2,0.0,644.55,462.91,1289.1,363.28,East,Completed
ORD04257,2024-04-24,CUST0091,P0004,1,0.05,20696.25,15931.27,19661.44,3730.17,North,Completed
ORD07391,2024-04-24,CUST0682,P0009,2,0.0,724.93,490.11,1449.86,469.64,West,Completed
ORD08033,2024-04-24,CUST0540,P0153,5,0.15,318.53,240.18,1353.75,152.85,West,Completed
ORD07460,2024-04-24,CUST0362,P0054,2,0.1,34828.61,21081.63,62691.5,20528.24,West,Cancelled
ORD07489,2024-04-24,CUST0873,P0063,5,0.0,12786.65,8472.2,63933.25,21572.25,South,Completed
ORD05737,2024-04-24,CUST0874,P0144,1,0.1,501.46,362.98,451.31,88.33,North,Completed
ORD00296,2024-04-24,CUST0255,P0196,4,0.0,385.78,231.62,1543.12,616.64,South,Pending
ORD01530,2024-04-24,CUST0381,P0047,1,0.15,1004.63,793.19,853.94,60.75,North,Completed
ORD00816,2024-04-24,CUST0396,P0004,1,0.05,20696.25,15931.27,19661.44,3730.17,West,Completed
ORD08668,2024-04-24,CUST0301,P0171,2,0.1,39010.06,29472.11,70218.11,11273.89,North,Completed
ORD08563,2024-04-24,CUST0112,P0039,1,0.15,1717.54,1277.52,1459.91,182.39,North,Completed
ORD04088,2024-04-25,CUST0585,P0158,3,0.0,33125.35,22293.09,99376.05,32496.78,East,Completed
ORD08276,2024-04-25,CUST0502,P0168,1,0.0,1780.85,1042.33,1780.85,738.52,South,Completed
ORD03590,2024-04-25,CUST0003,P0093,3,0.0,10189.0,5911.08,30567.0,12833.76,West,Completed
ORD03717,2024-04-25,CUST0463,P0104,3,0.0,22437.82,18159.1,67313.46,12836.16,South,Completed
ORD06479,2024-04-25,CUST0072,P0050,3,0.2,8890.7,6907.47,21337.68,615.27,East,Cancelled
ORD09472,2024-04-25,CUST0963,P0132,1,0.05,235.21,163.03,223.45,60.42,South,Completed
ORD08705,2024-04-25,CUST0048,P0026,2,0.1,53440.86,40308.66,96193.55,15576.23,South,Completed
ORD09165,2024-04-25,CUST0334,P0081,3,0.0,11112.68,6733.47,33338.04,13137.63,East,Completed
ORD07444,2024-04-25,CUST0389,P0078,3,0.0,66750.32,43644.61,200250.96,69317.13,East,Completed
ORD08550,2024-04-25,CUST0971,P0001,2,0.1,796.95,617.19,1434.51,200.13,East,Completed
ORD00184,2024-04-25,CUST0710,P0011,1,0.15,50761.69,39171.65,43147.44,3975.79,West,Cancelled
ORD06250,2024-04-25,CUST0927,P0179,2,0.05,12818.17,8758.44,24354.52,6837.64,South,Completed
ORD02446,2024-04-25,CUST0698,P0116,1,0.0,41570.44,24508.05,41570.44,17062.39,North,Completed
ORD04238,2024-04-25,CUST0899,P0131,1,0.15,896.08,597.69,761.67,163.98,South,Completed
ORD05247,2024-04-26,CUST0649,P0044,1,0.0,59463.82,38619.72,59463.82,20844.1,East,Completed
ORD08430,2024-04-26,CUST0042,P0017,2,0.0,17284.69,10596.05,34569.38,13377.28,South,Pending
ORD00792,2024-04-26,CUST0262,P0103,1,0.1,585.19,454.75,526.67,71.92,West,Completed
ORD07143,2024-04-26,CUST0917,P0118,1,0.15,36939.5,23012.67,31398.58,8385.91,West,Completed
ORD05269,2024-04-26,CUST0631,P0100,3,0.1,36262.87,22462.27,97909.75,30522.94,North,Completed
ORD08448,2024-04-26,CUST0115,P0091,2,0.0,49350.46,32483.04,98700.92,33734.84,North,Completed
ORD06748,2024-04-26,CUST0916,P0165,1,0.05,728.57,514.38,692.14,177.76,East,Completed
ORD08323,2024-04-26,CUST0443,P0072,2,0.05,28334.52,18780.23,53835.59,16275.13,South,Completed
ORD09933,2024-04-26,CUST0519,P0100,1,0.15,36262.87,22462.27,30823.44,8361.17,North,Completed
ORD02768,2024-04-26,CUST0784,P0110,1,0.0,30098.59,20298.4,30098.59,9800.19,East,Completed
ORD09646,2024-04-26,CUST0966,P0154,1,0.05,693.93,462.98,659.23,196.25,West,Completed
ORD05944,2024-04-26,CUST0313,P0019,1,0.15,27844.42,18931.51,23667.76,4736.25,North,Completed
ORD05485,2024-04-26,CUST0296,P0170,1,0.1,750.66,462.97,675.59,212.62,South,Completed
ORD08656,2024-04-27,CUST0750,P0120,3,0.05,57866.38,42176.37,164919.18,38390.07,East,Completed
ORD05919,2024-04-27,CUST0331,P0013,2,0.0,8923.66,6594.73,17847.32,4657.86,West,Completed
ORD05419,2024-04-27,CUST0617,P0167,1,0.15,7469.0,4701.25,6348.65,1647.4,South,Completed
ORD06933,2024-04-27,CUST0147,P0104,4,0.05,22437.82,18159.1,85263.72,12627.32,East,Completed
ORD07358,2024-04-27,CUST0896,P0055,1,0.1,6422.29,4812.56,5780.06,967.5,South,Completed
ORD07558,2024-04-27,CUST0868,P0022,1,0.05,68945.25,50670.94,65497.99,14827.05,South,Completed
ORD05748,2024-04-27,CUST0514,P0183,1,0.15,66902.29,49511.88,56866.95,7355.07,East,Cancelled
ORD08178,2024-04-27,CUST0159,P0131,1,0.1,896.08,597.69,806.47,208.78,East,Completed
ORD06093,2024-04-27,CUST0824,P0165,2,0.0,728.57,514.38,1457.14,428.38,South,Completed
ORD03475,2024-04-27,CUST0671,P0049,1,0.0,56396.41,44202.58,56396.41,12193.83,West,Completed
ORD00486,2024-04-27,CUST0080,P0069,2,0.0,196.15,126.8,392.3,138.7,West,Completed
ORD07495,2024-04-27,CUST0311,P0095,3,0.0,9513.49,6495.4,28540.47,9054.27,North,Completed
ORD03688,2024-04-28,CUST0003,P0183,1,0.05,66902.29,49511.88,63557.18,14045.3,West,Completed
ORD05767,2024-04-28,CUST0502,P0079,1,0.05,409.51,310.64,389.03,78.39,South,Completed
ORD04387,2024-04-28,CUST0139,P0046,2,0.0,61902.8,37121.36,123805.6,49562.88,West,Completed
ORD05050,2024-04-28,CUST0123,P0106,1,0.15,526.46,370.01,447.49,77.48,North,Completed
ORD04697,2024-04-28,CUST0031,P0112,1,0.05,20043.19,13117.75,19041.03,5923.28,South,Completed
ORD02305,2024-04-28,CUST0041,P0111,4,0.1,32818.12,23699.05,118145.23,23349.03,South,Completed
ORD04762,2024-04-28,CUST0794,P0166,3,0.1,47059.67,34982.34,127061.11,22114.09,West,Completed
ORD09467,2024-04-28,CUST0245,P0200,2,0.1,37954.59,28614.99,68318.26,11088.28,North,Completed
ORD02991,2024-04-28,CUST0939,P0073,1,0.05,15561.42,10813.46,14783.35,3969.89,North,Pending
ORD02928,2024-04-28,CUST0661,P0034,2,0.15,143.7,100.11,244.29,44.07,North,Completed
ORD09862,2024-04-28,CUST0702,P0028,2,0.05,1126.53,825.36,2140.41,489.69,West,Completed
ORD00547,2024-04-28,CUST0554,P0085,1,0.0,73872.61,56554.21,73872.61,17318.4,North,Completed
ORD02581,2024-04-28,CUST0679,P0112,2,0.15,20043.19,13117.75,34073.42,7837.92,East,Completed
ORD09468,2024-04-28,CUST0122,P0096,2,0.05,22714.55,15565.72,43157.64,12026.2,East,Completed
ORD09771,2024-04-28,CUST0930,P0011,3,0.15,50761.69,39171.65,129442.31,11927.36,West,Pending
ORD00827,2024-04-28,CUST0268,P0147,1,0.0,22737.01,13458.16,22737.01,9278.85,North,Completed
ORD09784,2024-04-28,CUST0173,P0031,1,0.05,12553.48,9544.5,11925.81,2381.31,West,Completed
ORD07771,2024-04-28,CUST0522,P0054,1,0.05,34828.61,21081.63,33087.18,12005.55,East,Completed
ORD06328,2024-04-28,CUST0559,P0095,1,0.05,9513.49,6495.4,9037.82,2542.42,West,Completed
ORD01029,2024-04-28,CUST0502,P0143,3,0.0,56727.96,35563.32,170183.88,63493.92,South,Completed
ORD00084,2024-04-28,CUST0906,P0002,3,0.1,6203.85,4038.58,16750.4,4634.66,South,Completed
ORD00069,2024-04-28,CUST0226,P0125,1,0.1,3155.85,2083.96,2840.26,756.3,East,Completed
ORD00110,2024-04-29,CUST0833,P0044,3,0.05,59463.82,38619.72,169471.89,53612.73,North,Completed
ORD09204,2024-04-29,CUST0695,P0069,4,0.0,196.15,126.8,784.6,277.4,North,Completed
ORD09684,2024-04-29,CUST0955,P0106,2,0.0,526.46,370.01,1052.92,312.9,East,Completed
ORD08717,2024-04-29,CUST0994,P0045,3,0.0,2217.01,1355.93,6651.03,2583.24,South,Completed
ORD07350,2024-04-29,CUST0203,P0053,1,0.1,422.63,329.18,380.37,51.19,East,Completed
ORD00957,2024-04-29,CUST0911,P0021,4,0.1,6878.25,5112.71,24761.7,4310.86,West,Completed
ORD07940,2024-04-29,CUST0166,P0014,2,0.0,18597.52,13817.51,37195.04,9560.02,North,Completed
ORD03560,2024-04-29,CUST0675,P0132,5,0.05,235.21,163.03,1117.25,302.1,North,Completed
ORD01640,2024-04-29,CUST0944,P0156,5,0.15,44665.09,34536.09,189826.63,17146.18,East,Completed
ORD03073,2024-04-29,CUST0271,P0190,1,0.15,2296.71,1653.27,1952.2,298.93,East,Completed
ORD09822,2024-04-29,CUST0095,P0188,1,0.1,5272.37,3130.49,4745.13,1614.64,West,Completed
ORD05429,2024-04-29,CUST0717,P0062,2,0.05,7214.7,5874.11,13707.93,1959.71,South,Completed
ORD03840,2024-04-29,CUST0522,P0094,1,0.15,77812.86,47690.34,66140.93,18450.59,East,Completed
ORD06181,2024-04-29,CUST0086,P0138,2,0.2,30903.45,21958.56,49445.52,5528.4,West,Completed
ORD03300,2024-04-29,CUST0162,P0149,1,0.0,2427.19,1691.68,2427.19,735.51,West,Completed
ORD03217,2024-04-29,CUST0167,P0089,1,0.1,74892.61,50603.0,67403.35,16800.35,South,Completed
ORD09600,2024-04-30,CUST0714,P0167,2,0.0,7469.0,4701.25,14938.0,5535.5,North,Completed
ORD06524,2024-04-30,CUST0557,P0119,3,0.1,11965.18,9132.35,32305.99,4908.94,West,Completed
ORD09176,2024-04-30,CUST0227,P0134,2,0.05,34117.69,25387.96,64823.61,14047.69,East,Completed
ORD02693,2024-04-30,CUST0331,P0065,2,0.0,21598.4,14583.7,43196.8,14029.4,West,Completed
ORD02250,2024-04-30,CUST0063,P0003,1,0.0,15581.84,9713.54,15581.84,5868.3,North,Completed
ORD04951,2024-04-30,CUST0338,P0041,2,0.05,4003.54,2383.24,7606.73,2840.25,North,Completed
ORD09385,2024-04-30,CUST0505,P0155,2,0.05,9808.49,7104.6,18636.13,4426.93,West,Completed
ORD09692,2024-04-30,CUST0038,P0177,1,0.1,783.92,493.62,705.53,211.91,North,Cancelled
ORD06827,2024-04-30,CUST0093,P0092,1,0.05,41737.72,32410.53,39650.83,7240.3,East,Completed
ORD03389,2024-04-30,CUST0810,P0128,1,0.0,7160.91,4568.96,7160.91,2591.95,North,Completed
ORD09488,2024-04-30,CUST0670,P0002,5,0.05,6203.85,4038.58,29468.29,9275.39,North,Completed
ORD07532,2024-04-30,CUST0780,P0021,1,0.1,6878.25,5112.71,6190.42,1077.71,East,Completed
ORD00026,2024-04-30,CUST0382,P0095,1,0.05,9513.49,6495.4,9037.82,2542.42,North,Completed
ORD09285,2024-04-30,CUST0498,P0190,1,0.0,2296.71,1653.27,2296.71,643.44,West,Completed
ORD04638,2024-05-01,CUST0241,P0055,5,0.05,6422.29,4812.56,30505.88,6443.08,South,Completed
ORD08204,2024-05-01,CUST0360,P0083,3,0.0,374.27,289.15,1122.81,255.36,West,Cancelled
ORD09481,2024-05-01,CUST0056,P0024,3,0.05,792.84,470.21,2259.59,848.96,North,Completed
ORD06698,2024-05-01,CUST0424,P0184,1,0.05,20719.38,13335.4,19683.41,6348.01,West,Completed
ORD09658,2024-05-01,CUST0295,P0128,1,0.05,7160.91,4568.96,6802.86,2233.9,South,Completed
ORD07581,2024-05-01,CUST0430,P0120,1,0.0,57866.38,42176.37,57866.38,15690.01,North,Completed
ORD06784,2024-05-01,CUST0398,P0018,2,0.0,4596.19,2818.15,9192.38,3556.08,West,Completed
ORD04357,2024-05-01,CUST0316,P0051,2,0.1,57445.48,35926.8,103401.86,31548.26,East,Completed
ORD00272,2024-05-01,CUST1000,P0016,1,0.05,20196.29,11952.43,19186.48,7234.05,East,Completed
ORD01853,2024-05-01,CUST0069,P0200,1,0.05,37954.59,28614.99,36056.86,7441.87,West,Completed
ORD04633,2024-05-01,CUST0189,P0100,2,0.15,36262.87,22462.27,61646.88,16722.34,North,Completed
ORD07964,2024-05-01,CUST0695,P0100,3,0.0,36262.87,22462.27,108788.61,41401.8,North,Completed
ORD06384,2024-05-02,CUST0581,P0010,1,0.15,16072.59,10816.67,13661.7,2845.03,West,Completed
ORD03175,2024-05-02,CUST0862,P0022,2,0.0,68945.25,50670.94,137890.5,36548.62,West,Completed
ORD03950,2024-05-02,CUST0778,P0110,5,0.05,30098.59,20298.4,142968.3,41476.3,East,Completed
ORD06616,2024-05-02,CUST0082,P0003,1,0.05,15581.84,9713.54,14802.75,5089.21,South,Completed
ORD07510,2024-05-02,CUST0285,P0006,1,0.0,51610.25,30768.51,51610.25,20841.74,West,Completed
ORD08254,2024-05-02,CUST0048,P0067,2,0.0,5933.02,4559.02,11866.04,2748.0,South,Completed
ORD02225,2024-05-02,CUST0605,P0069,1,0.0,196.15,126.8,196.15,69.35,West,Cancelled
ORD08539,2024-05-02,CUST0668,P0060,5,0.0,32036.99,25220.68,160184.95,34081.55,West,Completed
ORD07361,2024-05-03,CUST0696,P0021,1,0.0,6878.25,5112.71,6878.25,1765.54,West,Completed
ORD09535,2024-05-03,CUST0080,P0179,1,0.0,12818.17,8758.44,12818.17,4059.73,West,Completed
ORD03288,2024-05-03,CUST0320,P0065,2,0.0,21598.4,14583.7,43196.8,14029.4,West,Completed
ORD04358,2024-05-03,CUST0413,P0053,2,0.1,422.63,329.18,760.73,102.37,South,Completed
ORD04657,2024-05-03,CUST0122,P0064,2,0.0,20038.07,13846.76,40076.14,12382.62,East,Completed
ORD01337,2024-05-03,CUST0954,P0039,2,0.1,1717.54,1277.52,3091.57,536.53,East,Completed
ORD01854,2024-05-03,CUST0472,P0188,1,0.0,5272.37,3130.49,5272.37,2141.88,North,Cancelled
ORD09500,2024-05-03,CUST0672,P0156,3,0.05,44665.09,34536.09,127295.51,23687.24,West,Completed
ORD06837,2024-05-03,CUST0875,P0192,5,0.2,20821.66,13717.57,83286.64,14698.79,South,Completed
ORD04646,2024-05-03,CUST0853,P0047,2,0.1,1004.63,793.19,1808.33,221.95,South,Pending
ORD02622,2024-05-03,CUST0617,P0063,2,0.0,12786.65,8472.2,25573.3,8628.9,South,Pending
ORD05964,2024-05-03,CUST0912,P0091,1,0.0,49350.46,32483.04,49350.46,16867.42,East,Completed
ORD04854,2024-05-03,CUST0440,P0009,4,0.1,724.93,490.11,2609.75,649.31,East,Completed
ORD06398,2024-05-03,CUST0341,P0196,1,0.1,385.78,231.62,347.2,115.58,West,Completed
ORD04816,2024-05-03,CUST0918,P0009,1,0.15,724.93,490.11,616.19,126.08,West,Pending
ORD01681,2024-05-03,CUST0651,P0039,1,0.15,1717.54,1277.52,1459.91,182.39,West,Completed
ORD06894,2024-05-04,CUST0045,P0157,2,0.05,1290.11,764.14,2451.21,922.93,South,Completed
ORD00350,2024-05-04,CUST0951,P0149,5,0.0,2427.19,1691.68,12135.95,3677.55,South,Completed
ORD07071,2024-05-04,CUST0950,P0195,1,0.2,15240.21,11813.53,12192.17,378.64,East,Completed
ORD07500,2024-05-04,CUST0638,P0124,1,0.0,38907.93,29071.02,38907.93,9836.91,West,Completed
ORD00620,2024-05-04,CUST0109,P0136,1,0.0,3029.54,2200.52,3029.54,829.02,South,Completed
ORD04446,2024-05-04,CUST0383,P0190,1,0.05,2296.71,1653.27,2181.87,528.6,North,Completed
ORD04453,2024-05-04,CUST0486,P0136,1,0.05,3029.54,2200.52,2878.06,677.54,West,Completed
ORD03094,2024-05-04,CUST0594,P0140,3,0.2,12142.58,7367.6,29142.19,7039.39,West,Completed
ORD02823,2024-05-04,CUST0290,P0191,1,0.1,8442.75,6441.23,7598.48,1157.25,North,Completed
ORD04065,2024-05-04,CUST0774,P0053,2,0.2,422.63,329.18,676.21,17.85,East,Cancelled
ORD02615,2024-05-04,CUST0376,P0160,4,0.05,680.29,502.6,2585.1,574.7,West,Completed
ORD04839,2024-05-05,CUST0490,P0081,4,0.0,11112.68,6733.47,44450.72,17516.84,West,Completed
ORD09868,2024-05-05,CUST0023,P0134,1,0.0,34117.69,25387.96,34117.69,8729.73,South,Completed
ORD02191,2024-05-05,CUST0262,P0158,2,0.2,33125.35,22293.09,53000.56,8414.38,West,Completed
ORD06071,2024-05-05,CUST0823,P0106,1,0.05,526.46,370.01,500.14,130.13,West,Completed
ORD06357,2024-05-05,CUST0570,P0075,1,0.0,6740.18,4364.5,6740.18,2375.68,West,Completed
ORD02024,2024-05-05,CUST0991,P0095,2,0.0,9513.49,6495.4,19026.98,6036.18,North,Completed
ORD09919,2024-05-05,CUST0425,P0117,1,0.05,62915.52,50890.59,59769.74,8879.15,West,Completed
ORD04434,2024-05-05,CUST0987,P0152,2,0.1,5896.48,4498.55,10613.66,1616.56,North,Completed
ORD00246,2024-05-05,CUST0181,P0141,2,0.1,1748.75,1100.65,3147.75,946.45,East,Completed
ORD01548,2024-05-05,CUST0211,P0102,2,0.05,4149.23,2427.22,7883.54,3029.1,West,Completed
ORD06909,2024-05-05,CUST0415,P0117,1,0.1,62915.52,50890.59,56623.97,5733.38,North,Completed
ORD06113,2024-05-05,CUST0753,P0116,1,0.15,41570.44,24508.05,35334.87,10826.82,East,Completed
ORD06283,2024-05-05,CUST0941,P0164,2,0.15,8324.94,6438.05,14152.4,1276.3,South,Completed
ORD05158,2024-05-05,CUST0566,P0028,1,0.1,1126.53,825.36,1013.88,188.52,North,Completed
ORD07178,2024-05-05,CUST0725,P0080,2,0.05,67342.32,40846.14,127950.41,46258.13,South,Completed
ORD04731,2024-05-05,CUST0327,P0062,3,0.0,7214.7,5874.11,21644.1,4021.77,West,Completed
ORD04286,2024-05-05,CUST0459,P0015,2,0.05,18890.43,14292.88,35891.82,7306.06,South,Pending
ORD01703,2024-05-06,CUST0356,P0077,2,0.0,50047.7,37709.36,100095.4,24676.68,West,Completed
ORD02548,2024-05-06,CUST0357,P0106,2,0.1,526.46,370.01,947.63,207.61,North,Completed
ORD04319,2024-05-06,CUST0397,P0194,2,0.1,13118.34,8489.04,23613.01,6634.93,East,Completed
ORD09967,2024-05-06,CUST0886,P0120,1,0.15,57866.38,42176.37,49186.42,7010.05,East,Pending
ORD08322,2024-05-06,CUST0008,P0063,2,0.05,12786.65,8472.2,24294.64,7350.24,West,Completed
ORD01021,2024-05-06,CUST0188,P0045,1,0.15,2217.01,1355.93,1884.46,528.53,East,Completed
ORD07432,2024-05-07,CUST0003,P0162,1,0.0,46811.03,27452.25,46811.03,19358.78,West,Completed
ORD00666,2024-05-07,CUST0158,P0077,1,0.2,50047.7,37709.36,40038.16,2328.8,South,Completed
ORD05777,2024-05-07,CUST0970,P0048,1,0.05,1114.29,876.19,1058.58,182.39,North,Completed
ORD02087,2024-05-07,CUST0084,P0174,1,0.1,46343.47,28863.63,41709.12,12845.49,West,Completed
ORD05988,2024-05-07,CUST0393,P0083,3,0.1,374.27,289.15,1010.53,143.08,South,Completed
ORD07492,2024-05-07,CUST0673,P0024,2,0.1,792.84,470.21,1427.11,486.69,South,Completed
ORD05694,2024-05-07,CUST0438,P0142,2,0.05,4782.08,3282.92,9085.95,2520.11,West,Completed
ORD09569,2024-05-07,CUST0724,P0172,1,0.0,53066.45,36105.87,53066.45,16960.58,South,Pending
ORD06253,2024-05-07,CUST0447,P0073,1,0.1,15561.42,10813.46,14005.28,3191.82,South,Completed
ORD00326,2024-05-08,CUST0919,P0194,4,0.05,13118.34,8489.04,49849.69,15893.53,East,Completed
ORD00252,2024-05-08,CUST0101,P0108,3,0.2,673.74,534.39,1616.98,13.81,East,Completed
ORD02840,2024-05-08,CUST0843,P0008,3,0.05,68633.55,51583.32,195605.62,40855.66,East,Completed
ORD03631,2024-05-08,CUST0651,P0036,3,0.0,1008.83,797.09,3026.49,635.22,West,Completed
ORD02040,2024-05-08,CUST0025,P0109,2,0.1,17118.52,11998.2,30813.34,6816.94,South,Completed
ORD06183,2024-05-08,CUST0390,P0147,2,0.1,22737.01,13458.16,40926.62,14010.3,North,Completed
ORD05707,2024-05-08,CUST0191,P0053,5,0.0,422.63,329.18,2113.15,467.25,East,Completed
ORD06743,2024-05-08,CUST0381,P0162,2,0.0,46811.03,27452.25,93622.06,38717.56,North,Completed
ORD08396,2024-05-09,CUST0565,P0130,2,0.15,58219.77,46803.43,98973.61,5366.75,West,Completed
ORD01638,2024-05-09,CUST0563,P0087,1,0.15,11879.48,8267.83,10097.56,1829.73,West,Completed
ORD09368,2024-05-09,CUST0757,P0064,2,0.2,20038.07,13846.76,32060.91,4367.39,West,Completed
ORD00248,2024-05-09,CUST0071,P0030,1,0.05,23508.75,18216.9,22333.31,4116.41,West,Completed
ORD02808,2024-05-09,CUST0035,P0068,2,0.05,41326.98,32432.51,78521.26,13656.24,West,Completed
ORD09163,2024-05-09,CUST0832,P0061,3,0.1,49224.25,33194.34,132905.48,33322.46,South,Completed
ORD07742,2024-05-09,CUST0731,P0093,2,0.15,10189.0,5911.08,17321.3,5499.14,North,Completed
ORD05234,2024-05-09,CUST0434,P0105,3,0.1,17543.79,10886.17,47368.23,14709.72,East,Completed
ORD06013,2024-05-09,CUST0318,P0118,2,0.1,36939.5,23012.67,66491.1,20465.76,West,Completed
ORD00209,2024-05-09,CUST0616,P0095,2,0.1,9513.49,6495.4,17124.28,4133.48,South,Pending
ORD07954,2024-05-09,CUST0700,P0181,1,0.1,8670.4,5624.95,7803.36,2178.41,West,Completed
ORD09702,2024-05-09,CUST0008,P0161,2,0.1,36827.84,23163.81,66290.11,19962.49,West,Completed
ORD04474,2024-05-09,CUST0685,P0107,3,0.1,72638.94,50890.24,196125.14,43454.42,East,Cancelled
ORD09792,2024-05-09,CUST0995,P0073,1,0.05,15561.42,10813.46,14783.35,3969.89,East,Completed
ORD02700,2024-05-09,CUST0940,P0055,2,0.0,6422.29,4812.56,12844.58,3219.46,West,Completed
ORD07960,2024-05-10,CUST0412,P0178,5,0.05,4042.35,3098.18,19201.16,3710.26,East,Completed
ORD07696,2024-05-10,CUST0591,P0198,4,0.0,715.13,510.57,2860.52,818.24,South,Completed
ORD07793,2024-05-10,CUST0138,P0169,3,0.1,12339.56,8305.1,33316.81,8401.51,West,Completed
ORD06150,2024-05-10,CUST0413,P0145,2,0.05,360.46,274.8,684.87,135.27,South,Completed
ORD09078,2024-05-10,CUST0373,P0094,2,0.2,77812.86,47690.34,124500.58,29119.9,North,Completed
ORD07977,2024-05-10,CUST0370,P0014,3,0.2,18597.52,13817.51,44634.05,3181.52,East,Completed
ORD03399,2024-05-10,CUST0522,P0172,1,0.05,53066.45,36105.87,50413.13,14307.26,East,Completed
ORD08268,2024-05-10,CUST0397,P0167,3,0.05,7469.0,4701.25,21286.65,7182.9,East,Completed
ORD00302,2024-05-10,CUST0336,P0161,4,0.1,36827.84,23163.81,132580.22,39924.98,North,Completed
ORD08432,2024-05-10,CUST0104,P0029,2,0.2,1310.65,844.84,2097.04,407.36,West,Completed
ORD02762,2024-05-10,CUST0181,P0069,1,0.1,196.15,126.8,176.54,49.74,East,Completed
ORD00156,2024-05-10,CUST0329,P0133,1,0.1,30154.78,21233.5,27139.3,5905.8,North,Completed
ORD06983,2024-05-11,CUST0111,P0076,2,0.0,20055.1,12211.29,40110.2,15687.62,North,Completed
ORD03471,2024-05-11,CUST0926,P0143,1,0.05,56727.96,35563.32,53891.56,18328.24,West,Completed
ORD08929,2024-05-11,CUST0787,P0014,1,0.1,18597.52,13817.51,16737.77,2920.26,East,Completed
ORD07149,2024-05-11,CUST0204,P0105,1,0.05,17543.79,10886.17,16666.6,5780.43,North,Completed
ORD07035,2024-05-11,CUST0678,P0006,2,0.0,51610.25,30768.51,103220.5,41683.48,East,Completed
ORD08531,2024-05-11,CUST0305,P0013,1,0.0,8923.66,6594.73,8923.66,2328.93,East,Completed
ORD02100,2024-05-11,CUST0504,P0067,1,0.0,5933.02,4559.02,5933.02,1374.0,South,Completed
ORD07861,2024-05-11,CUST0389,P0057,1,0.15,911.67,722.71,774.92,52.21,East,Completed
ORD00984,2024-05-11,CUST0551,P0098,4,0.1,15055.62,11767.46,54200.23,7130.39,North,Completed
ORD01219,2024-05-11,CUST0977,P0129,2,0.0,43850.97,27932.89,87701.94,31836.16,East,Completed
ORD06088,2024-05-11,CUST0235,P0023,1,0.15,29957.89,23747.89,25464.21,1716.32,East,Cancelled
ORD08612,2024-05-11,CUST0132,P0039,5,0.05,1717.54,1277.52,8158.32,1770.72,South,Pending
ORD04283,2024-05-11,CUST0141,P0138,1,0.0,30903.45,21958.56,30903.45,8944.89,East,Completed
ORD00099,2024-05-11,CUST0042,P0172,2,0.0,53066.45,36105.87,106132.9,33921.16,South,Completed
ORD01727,2024-05-11,CUST0166,P0020,1,0.0,14020.39,10682.55,14020.39,3337.84,North,Completed
ORD09799,2024-05-11,CUST0310,P0057,3,0.05,911.67,722.71,2598.26,430.13,East,Completed
ORD07320,2024-05-11,CUST0199,P0052,1,0.05,7440.54,4865.29,7068.51,2203.22,North,Completed
ORD01543,2024-05-11,CUST0773,P0110,2,0.0,30098.59,20298.4,60197.18,19600.38,East,Completed
ORD08255,2024-05-11,CUST0010,P0074,1,0.1,40981.75,23771.65,36883.58,13111.93,West,Completed
ORD08515,2024-05-11,CUST0477,P0049,1,0.05,56396.41,44202.58,53576.59,9374.01,East,Completed
ORD02376,2024-05-11,CUST0257,P0037,2,0.1,58358.81,45854.58,105045.86,13336.7,East,Completed
ORD06052,2024-05-11,CUST0593,P0174,1,0.15,46343.47,28863.63,39391.95,10528.32,East,Completed
ORD04242,2024-05-11,CUST0442,P0073,2,0.0,15561.42,10813.46,31122.84,9495.92,South,Completed
ORD02068,2024-05-12,CUST0496,P0030,1,0.15,23508.75,18216.9,19982.44,1765.54,North,Completed
ORD05631,2024-05-12,CUST0970,P0042,4,0.05,10683.47,6548.45,40597.19,14403.39,North,Completed
ORD00265,2024-05-12,CUST0307,P0094,2,0.05,77812.86,47690.34,147844.43,52463.75,West,Completed
ORD06550,2024-05-12,CUST0308,P0034,1,0.15,143.7,100.11,122.14,22.03,West,Pending
ORD02972,2024-05-12,CUST0411,P0012,2,0.05,4072.78,2687.49,7738.28,2363.3,East,Completed
ORD09509,2024-05-12,CUST0859,P0037,3,0.2,58358.81,45854.58,140061.14,2497.4,South,Pending
ORD01044,2024-05-12,CUST0236,P0104,3,0.0,22437.82,18159.1,67313.46,12836.16,West,Completed
ORD00151,2024-05-12,CUST0016,P0094,2,0.1,77812.86,47690.34,140063.15,44682.47,West,Completed
ORD02989,2024-05-12,CUST0684,P0062,1,0.05,7214.7,5874.11,6853.96,979.85,North,Cancelled
ORD04866,2024-05-12,CUST0004,P0083,1,0.0,374.27,289.15,374.27,85.12,West,Cancelled
ORD02367,2024-05-12,CUST0623,P0172,4,0.0,53066.45,36105.87,212265.8,67842.32,West,Completed
ORD09732,2024-05-12,CUST0749,P0073,3,0.0,15561.42,10813.46,46684.26,14243.88,West,Completed
ORD03522,2024-05-12,CUST0668,P0076,1,0.0,20055.1,12211.29,20055.1,7843.81,West,Completed
ORD04814,2024-05-12,CUST0601,P0194,1,0.1,13118.34,8489.04,11806.51,3317.47,East,Completed
ORD05999,2024-05-12,CUST0836,P0179,2,0.15,12818.17,8758.44,21790.89,4274.01,West,Completed
ORD03207,2024-05-13,CUST0168,P0010,1,0.0,16072.59,10816.67,16072.59,5255.92,West,Completed
ORD03312,2024-05-13,CUST0994,P0051,2,0.1,57445.48,35926.8,103401.86,31548.26,South,Completed
ORD08118,2024-05-13,CUST0624,P0108,1,0.0,673.74,534.39,673.74,139.35,East,Completed
ORD00553,2024-05-13,CUST0283,P0012,1,0.0,4072.78,2687.49,4072.78,1385.29,East,Completed
ORD09839,2024-05-13,CUST0124,P0116,2,0.05,41570.44,24508.05,78983.84,29967.74,North,Completed
ORD00904,2024-05-13,CUST0805,P0125,5,0.2,3155.85,2083.96,12623.4,2203.6,West,Completed
ORD09171,2024-05-13,CUST0332,P0032,1,0.05,39614.35,24714.41,37633.63,12919.22,South,Completed
ORD05319,2024-05-13,CUST0397,P0055,3,0.05,6422.29,4812.56,18303.53,3865.85,East,Completed
ORD09553,2024-05-13,CUST0694,P0134,2,0.05,34117.69,25387.96,64823.61,14047.69,North,Completed
ORD06689,2024-05-13,CUST0489,P0179,1,0.0,12818.17,8758.44,12818.17,4059.73,South,Completed
ORD06376,2024-05-13,CUST0492,P0155,1,0.05,9808.49,7104.6,9318.07,2213.47,South,Completed
ORD02976,2024-05-13,CUST0152,P0134,4,0.05,34117.69,25387.96,129647.22,28095.38,South,Completed
ORD07250,2024-05-14,CUST0821,P0121,2,0.05,975.23,645.82,1852.94,561.3,North,Completed
ORD00731,2024-05-14,CUST0078,P0185,2,0.0,76508.26,54062.35,153016.52,44891.82,South,Completed
ORD06937,2024-05-14,CUST0486,P0073,2,0.0,15561.42,10813.46,31122.84,9495.92,West,Cancelled
ORD06532,2024-05-14,CUST0391,P0006,1,0.1,51610.25,30768.51,46449.22,15680.71,South,Completed
ORD03340,2024-05-14,CUST0639,P0091,3,0.1,49350.46,32483.04,133246.24,35797.12,East,Completed
ORD00354,2024-05-14,CUST0474,P0169,1,0.1,12339.56,8305.1,11105.6,2800.5,North,Completed
ORD01654,2024-05-14,CUST0052,P0177,1,0.05,783.92,493.62,744.72,251.1,West,Completed
ORD09197,2024-05-14,CUST0119,P0114,1,0.05,16683.02,10299.86,15848.87,5549.01,East,Completed
ORD09696,2024-05-14,CUST0606,P0130,1,0.1,58219.77,46803.43,52397.79,5594.36,South,Completed
ORD08405,2024-05-14,CUST0945,P0046,3,0.15,61902.8,37121.36,157852.14,46488.06,West,Completed
ORD04472,2024-05-14,CUST0122,P0074,1,0.05,40981.75,23771.65,38932.66,15161.01,East,Completed
ORD00973,2024-05-15,CUST0064,P0060,3,0.05,32036.99,25220.68,91305.42,15643.38,West,Completed
ORD06817,2024-05-15,CUST0271,P0165,3,0.1,728.57,514.38,1967.14,424.0,East,Completed
ORD06735,2024-05-15,CUST0651,P0185,3,0.1,76508.26,54062.35,206572.3,44385.25,West,Cancelled
ORD06152,2024-05-15,CUST0012,P0133,2,0.1,30154.78,21233.5,54278.6,11811.6,East,Completed
ORD08233,2024-05-15,CUST0439,P0105,3,0.1,17543.79,10886.17,47368.23,14709.72,West,Cancelled
ORD04488,2024-05-15,CUST0913,P0074,1,0.2,40981.75,23771.65,32785.4,9013.75,North,Completed
ORD04712,2024-05-15,CUST0882,P0013,1,0.1,8923.66,6594.73,8031.29,1436.56,East,Cancelled
ORD08124,2024-05-15,CUST0168,P0079,2,0.1,409.51,310.64,737.12,115.84,West,Completed
ORD01187,2024-05-15,CUST0209,P0002,3,0.1,6203.85,4038.58,16750.4,4634.66,West,Completed
ORD01788,2024-05-15,CUST0606,P0053,3,0.0,422.63,329.18,1267.89,280.35,South,Completed
ORD08558,2024-05-15,CUST0304,P0191,2,0.1,8442.75,6441.23,15196.95,2314.49,West,Completed
ORD01612,2024-05-15,CUST0050,P0156,5,0.0,44665.09,34536.09,223325.45,50645.0,South,Completed
ORD02582,2024-05-15,CUST0549,P0052,2,0.05,7440.54,4865.29,14137.03,4406.45,South,Completed
ORD00167,2024-05-15,CUST0693,P0079,1,0.15,409.51,310.64,348.08,37.44,East,Completed
ORD05721,2024-05-15,CUST0514,P0144,3,0.05,501.46,362.98,1429.16,340.22,East,Completed
ORD05354,2024-05-16,CUST0860,P0067,1,0.1,5933.02,4559.02,5339.72,780.7,South,Completed
ORD08218,2024-05-16,CUST0723,P0116,1,0.15,41570.44,24508.05,35334.87,10826.82,West,Completed
ORD06502,2024-05-16,CUST0877,P0011,3,0.1,50761.69,39171.65,137056.56,19541.61,East,Completed
ORD06299,2024-05-16,CUST0525,P0121,1,0.0,975.23,645.82,975.23,329.41,North,Completed
ORD02479,2024-05-16,CUST0218,P0146,3,0.1,11482.27,8693.26,31002.13,4922.35,South,Cancelled
ORD04801,2024-05-16,CUST0387,P0019,2,0.1,27844.42,18931.51,50119.96,12256.94,West,Completed
ORD09161,2024-05-16,CUST0703,P0096,1,0.2,22714.55,15565.72,18171.64,2605.92,North,Completed
ORD08463,2024-05-16,CUST0754,P0009,2,0.05,724.93,490.11,1377.37,397.15,South,Completed
ORD08981,2024-05-16,CUST0076,P0164,1,0.05,8324.94,6438.05,7908.69,1470.64,South,Completed
ORD03543,2024-05-16,CUST0421,P0126,1,0.15,41856.24,33581.85,35577.8,1995.95,North,Cancelled
ORD00332,2024-05-16,CUST0836,P0002,1,0.15,6203.85,4038.58,5273.27,1234.69,West,Completed
ORD07915,2024-05-16,CUST0615,P0029,1,0.1,1310.65,844.84,1179.58,334.74,West,Completed
ORD08906,2024-05-17,CUST0193,P0120,5,0.1,57866.38,42176.37,260398.71,49516.86,East,Completed
ORD07339,2024-05-17,CUST0536,P0182,1,0.1,15590.28,12172.38,14031.25,1858.87,East,Completed
ORD05714,2024-05-17,CUST0095,P0176,3,0.2,9388.62,6512.18,22532.69,2996.15,West,Completed
ORD00755,2024-05-17,CUST0600,P0024,4,0.05,792.84,470.21,3012.79,1131.95,East,Completed
ORD02859,2024-05-17,CUST0510,P0006,1,0.15,51610.25,30768.51,43868.71,13100.2,West,Completed
ORD08762,2024-05-17,CUST0164,P0024,3,0.0,792.84,470.21,2378.52,967.89,East,Completed
ORD01518,2024-05-17,CUST0100,P0034,1,0.05,143.7,100.11,136.51,36.4,North,Completed
ORD09166,2024-05-17,CUST0511,P0014,1,0.0,18597.52,13817.51,18597.52,4780.01,West,Completed
ORD08417,2024-05-17,CUST0467,P0022,1,0.05,68945.25,50670.94,65497.99,14827.05,West,Completed
ORD08779,2024-05-17,CUST0808,P0079,2,0.0,409.51,310.64,819.02,197.74,East,Cancelled
ORD02734,2024-05-17,CUST0830,P0187,4,0.0,184.91,120.68,739.64,256.92,West,Completed
ORD06809,2024-05-17,CUST0428,P0092,1,0.2,41737.72,32410.53,33390.18,979.65,East,Completed
ORD00476,2024-05-17,CUST0095,P0118,2,0.15,36939.5,23012.67,62797.15,16771.81,West,Cancelled
ORD09633,2024-05-17,CUST0494,P0073,2,0.1,15561.42,10813.46,28010.56,6383.64,South,Completed
ORD00642,2024-05-17,CUST0428,P0117,1,0.1,62915.52,50890.59,56623.97,5733.38,East,Completed
ORD08904,2024-05-17,CUST0619,P0103,4,0.15,585.19,454.75,1989.65,170.65,West,Completed
ORD07672,2024-05-17,CUST0373,P0087,2,0.0,11879.48,8267.83,23758.96,7223.3,North,Completed
ORD06897,2024-05-17,CUST0763,P0127,2,0.0,37425.34,27064.21,74850.68,20722.26,South,Completed
ORD03203,2024-05-17,CUST0565,P0003,1,0.05,15581.84,9713.54,14802.75,5089.21,West,Completed
ORD05749,2024-05-18,CUST0088,P0100,1,0.15,36262.87,22462.27,30823.44,8361.17,West,Completed
ORD02447,2024-05-18,CUST0853,P0157,2,0.15,1290.11,764.14,2193.19,664.91,South,Completed
ORD00428,2024-05-18,CUST0453,P0155,1,0.15,9808.49,7104.6,8337.22,1232.62,East,Completed
ORD00926,2024-05-18,CUST0909,P0130,3,0.15,58219.77,46803.43,148460.41,8050.12,East,Completed
ORD03529,2024-05-18,CUST0416,P0146,3,0.15,11482.27,8693.26,29279.79,3200.01,South,Completed
ORD03859,2024-05-18,CUST0320,P0150,3,0.0,53462.03,36715.83,160386.09,50238.6,West,Completed
ORD07950,2024-05-18,CUST0721,P0166,5,0.1,47059.67,34982.34,211768.52,36856.82,South,Completed
ORD09730,2024-05-18,CUST0724,P0068,3,0.15,41326.98,32432.51,105383.8,8086.27,South,Completed
ORD09783,2024-05-18,CUST0719,P0143,1,0.0,56727.96,35563.32,56727.96,21164.64,West,Completed
ORD09059,2024-05-18,CUST0195,P0103,1,0.0,585.19,454.75,585.19,130.44,North,Cancelled
ORD03467,2024-05-18,CUST0178,P0039,2,0.1,1717.54,1277.52,3091.57,536.53,West,Completed
ORD03613,2024-05-18,CUST0948,P0095,1,0.05,9513.49,6495.4,9037.82,2542.42,South,Completed
ORD02728,2024-05-18,CUST0512,P0124,1,0.0,38907.93,29071.02,38907.93,9836.91,South,Pending
ORD07595,2024-05-18,CUST0993,P0146,1,0.1,11482.27,8693.26,10334.04,1640.78,South,Completed
ORD06962,2024-05-18,CUST0231,P0060,1,0.1,32036.99,25220.68,28833.29,3612.61,South,Completed
ORD00728,2024-05-18,CUST0418,P0050,1,0.2,8890.7,6907.47,7112.56,205.09,South,Completed
ORD05007,2024-05-19,CUST0612,P0148,1,0.05,15484.78,9786.06,14710.54,4924.48,South,Completed
ORD05423,2024-05-19,CUST0525,P0192,2,0.15,20821.66,13717.57,35396.82,7961.68,North,Completed
ORD04953,2024-05-19,CUST0885,P0186,1,0.2,36288.91,28203.52,29031.13,827.61,North,Completed
ORD03556,2024-05-19,CUST0396,P0190,5,0.0,2296.71,1653.27,11483.55,3217.2,West,Completed
ORD02158,2024-05-19,CUST0243,P0137,1,0.1,3327.18,2091.19,2994.46,903.27,North,Pending
ORD01194,2024-05-19,CUST0105,P0042,3,0.05,10683.47,6548.45,30447.89,10802.54,South,Completed
ORD02791,2024-05-19,CUST0536,P0053,1,0.05,422.63,329.18,401.5,72.32,East,Completed
ORD09127,2024-05-19,CUST0538,P0085,1,0.0,73872.61,56554.21,73872.61,17318.4,North,Completed
ORD02091,2024-05-19,CUST0214,P0023,4,0.1,29957.89,23747.89,107848.4,12856.84,South,Completed
ORD06453,2024-05-19,CUST0166,P0001,2,0.05,796.95,617.19,1514.2,279.82,North,Completed
ORD01060,2024-05-19,CUST0888,P0189,1,0.1,38312.77,25713.12,34481.49,8768.37,North,Completed
ORD01005,2024-05-19,CUST0486,P0020,2,0.1,14020.39,10682.55,25236.7,3871.6,West,Cancelled
ORD01047,2024-05-20,CUST0261,P0122,1,0.05,17942.76,13133.8,17045.62,3911.82,North,Completed
ORD01995,2024-05-20,CUST0437,P0109,1,0.15,17118.52,11998.2,14550.74,2552.54,West,Completed
ORD09586,2024-05-20,CUST0792,P0060,3,0.05,32036.99,25220.68,91305.42,15643.38,East,Completed
ORD02926,2024-05-20,CUST0006,P0194,1,0.0,13118.34,8489.04,13118.34,4629.3,South,Completed
ORD09155,2024-05-20,CUST0204,P0089,5,0.15,74892.61,50603.0,318293.59,65278.59,North,Completed
ORD06352,2024-05-20,CUST0855,P0107,2,0.05,72638.94,50890.24,138013.99,36233.51,East,Cancelled
ORD03503,2024-05-20,CUST0711,P0035,4,0.1,56932.8,34147.01,204958.08,68370.04,East,Cancelled
ORD06769,2024-05-20,CUST0488,P0188,1,0.0,5272.37,3130.49,5272.37,2141.88,East,Completed
ORD05808,2024-05-20,CUST0923,P0086,4,0.1,519.82,398.56,1871.35,277.11,South,Pending
ORD02507,2024-05-20,CUST0570,P0034,1,0.1,143.7,100.11,129.33,29.22,West,Completed
ORD07563,2024-05-20,CUST0294,P0062,4,0.1,7214.7,5874.11,25972.92,2476.48,East,Completed
ORD08215,2024-05-20,CUST0976,P0050,2,0.1,8890.7,6907.47,16003.26,2188.32,East,Completed
ORD02689,2024-05-20,CUST0039,P0161,1,0.15,36827.84,23163.81,31303.66,8139.85,East,Completed
ORD08445,2024-05-20,CUST0868,P0004,2,0.05,20696.25,15931.27,39322.88,7460.34,South,Completed
ORD03071,2024-05-20,CUST0386,P0152,2,0.2,5896.48,4498.55,9434.37,437.27,West,Completed
ORD02474,2024-05-20,CUST0446,P0193,2,0.05,8422.11,6102.6,16002.01,3796.81,South,Cancelled
ORD05435,2024-05-20,CUST0658,P0136,2,0.0,3029.54,2200.52,6059.08,1658.04,North,Completed
ORD04917,2024-05-21,CUST0457,P0010,3,0.1,16072.59,10816.67,43395.99,10945.98,North,Completed
ORD06694,2024-05-21,CUST0372,P0182,5,0.0,15590.28,12172.38,77951.4,17089.5,North,Cancelled
ORD09253,2024-05-21,CUST0480,P0139,1,0.0,26827.4,18117.75,26827.4,8709.65,West,Completed
ORD04346,2024-05-21,CUST0902,P0170,2,0.15,750.66,462.97,1276.12,350.18,South,Completed
ORD01114,2024-05-21,CUST0425,P0189,1,0.05,38312.77,25713.12,36397.13,10684.01,West,Completed
ORD09772,2024-05-21,CUST0979,P0013,3,0.1,8923.66,6594.73,24093.88,4309.69,East,Completed
ORD06370,2024-05-21,CUST0094,P0169,1,0.05,12339.56,8305.1,11722.58,3417.48,East,Completed
ORD06218,2024-05-21,CUST0899,P0132,1,0.05,235.21,163.03,223.45,60.42,South,Completed
ORD04260,2024-05-21,CUST0207,P0110,1,0.0,30098.59,20298.4,30098.59,9800.19,South,Completed
ORD02959,2024-05-21,CUST0598,P0155,1,0.15,9808.49,7104.6,8337.22,1232.62,South,Completed
ORD09747,2024-05-21,CUST0200,P0100,1,0.1,36262.87,22462.27,32636.58,10174.31,North,Completed
ORD03367,2024-05-21,CUST0694,P0144,2,0.0,501.46,362.98,1002.92,276.96,North,Completed
ORD05765,2024-05-22,CUST0902,P0003,1,0.05,15581.84,9713.54,14802.75,5089.21,South,Completed
ORD04943,2024-05-22,CUST0136,P0130,4,0.0,58219.77,46803.43,232879.08,45665.36,West,Completed
ORD00261,2024-05-22,CUST0773,P0158,2,0.1,33125.35,22293.09,59625.63,15039.45,East,Completed
ORD04118,2024-05-22,CUST0211,P0179,2,0.05,12818.17,8758.44,24354.52,6837.64,West,Completed
ORD03542,2024-05-22,CUST0156,P0165,2,0.1,728.57,514.38,1311.43,282.67,West,Cancelled
ORD04037,2024-05-22,CUST0359,P0174,1,0.15,46343.47,28863.63,39391.95,10528.32,South,Completed
ORD08101,2024-05-22,CUST0579,P0042,1,0.0,10683.47,6548.45,10683.47,4135.02,North,Completed
ORD08091,2024-05-22,CUST0967,P0026,1,0.1,53440.86,40308.66,48096.77,7788.11,South,Completed
ORD07279,2024-05-22,CUST0186,P0050,2,0.05,8890.7,6907.47,16892.33,3077.39,North,Pending
ORD09325,2024-05-22,CUST0898,P0087,4,0.05,11879.48,8267.83,45142.02,12070.7,South,Completed
ORD00316,2024-05-22,CUST0856,P0006,1,0.0,51610.25,30768.51,51610.25,20841.74,West,Completed
ORD01572,2024-05-23,CUST0647,P0090,2,0.0,446.05,334.33,892.1,223.44,East,Completed
ORD06497,2024-05-23,CUST0281,P0159,1,0.05,54205.42,36083.24,51495.15,15411.91,East,Completed
ORD05217,2024-05-23,CUST0469,P0110,1,0.0,30098.59,20298.4,30098.59,9800.19,South,Completed
ORD05823,2024-05-23,CUST0815,P0044,3,0.1,59463.82,38619.72,160552.31,44693.15,South,Completed
ORD04224,2024-05-23,CUST0274,P0150,1,0.1,53462.03,36715.83,48115.83,11400.0,East,Completed
ORD09403,2024-05-23,CUST0954,P0155,1,0.1,9808.49,7104.6,8827.64,1723.04,East,Completed
ORD03612,2024-05-23,CUST0715,P0029,2,0.05,1310.65,844.84,2490.24,800.56,South,Completed
ORD02697,2024-05-23,CUST0799,P0088,2,0.05,58121.47,37608.48,110430.79,35213.83,East,Completed
ORD08532,2024-05-23,CUST0269,P0122,2,0.05,17942.76,13133.8,34091.24,7823.64,East,Completed
ORD03873,2024-05-23,CUST0281,P0073,2,0.15,15561.42,10813.46,26454.41,4827.49,East,Completed
ORD03182,2024-05-23,CUST0385,P0165,2,0.15,728.57,514.38,1238.57,209.81,East,Completed
ORD02778,2024-05-23,CUST0881,P0105,2,0.05,17543.79,10886.17,33333.2,11560.86,East,Completed
ORD07965,2024-05-23,CUST0242,P0047,1,0.1,1004.63,793.19,904.17,110.98,West,Completed
ORD09937,2024-05-23,CUST0136,P0128,3,0.1,7160.91,4568.96,19334.46,5627.58,West,Completed
ORD00470,2024-05-23,CUST0555,P0185,1,0.2,76508.26,54062.35,61206.61,7144.26,West,Completed
ORD01013,2024-05-23,CUST0492,P0137,1,0.15,3327.18,2091.19,2828.1,736.91,South,Completed
ORD05287,2024-05-23,CUST0022,P0146,1,0.0,11482.27,8693.26,11482.27,2789.01,West,Cancelled
ORD09825,2024-05-23,CUST0718,P0052,1,0.1,7440.54,4865.29,6696.49,1831.2,West,Completed
ORD05505,2024-05-23,CUST0092,P0186,1,0.1,36288.91,28203.52,32660.02,4456.5,West,Completed
ORD01661,2024-05-24,CUST0034,P0101,1,0.15,51632.3,38843.18,43887.46,5044.28,North,Completed
ORD08479,2024-05-24,CUST0950,P0100,1,0.05,36262.87,22462.27,34449.73,11987.46,East,Completed
ORD03178,2024-05-24,CUST0426,P0072,1,0.1,28334.52,18780.23,25501.07,6720.84,East,Completed
ORD09966,2024-05-24,CUST0764,P0169,2,0.15,12339.56,8305.1,20977.25,4367.05,East,Completed
ORD07407,2024-05-24,CUST0462,P0102,2,0.1,4149.23,2427.22,7468.61,2614.17,North,Completed
ORD04355,2024-05-24,CUST0049,P0015,2,0.15,18890.43,14292.88,32113.73,3527.97,North,Completed
ORD04323,2024-05-24,CUST0801,P0052,1,0.0,7440.54,4865.29,7440.54,2575.25,East,Completed
ORD08442,2024-05-24,CUST0987,P0054,1,0.05,34828.61,21081.63,33087.18,12005.55,North,Completed
ORD04425,2024-05-24,CUST0739,P0014,2,0.1,18597.52,13817.51,33475.54,5840.52,North,Completed
ORD09767,2024-05-25,CUST0621,P0143,1,0.0,56727.96,35563.32,56727.96,21164.64,West,Completed
ORD04771,2024-05-25,CUST0200,P0107,2,0.05,72638.94,50890.24,138013.99,36233.51,North,Completed
ORD03149,2024-05-25,CUST0336,P0055,2,0.05,6422.29,4812.56,12202.35,2577.23,North,Completed
ORD00664,2024-05-25,CUST0398,P0126,2,0.2,41856.24,33581.85,66969.98,-193.72,West,Completed
ORD05159,2024-05-25,CUST0900,P0167,1,0.1,7469.0,4701.25,6722.1,2020.85,South,Completed
ORD05083,2024-05-25,CUST0912,P0132,1,0.1,235.21,163.03,211.69,48.66,East,Cancelled
ORD06723,2024-05-25,CUST0774,P0073,1,0.0,15561.42,10813.46,15561.42,4747.96,East,Completed
ORD08912,2024-05-25,CUST0422,P0083,2,0.05,374.27,289.15,711.11,132.81,West,Completed
ORD08502,2024-05-25,CUST0309,P0184,1,0.1,20719.38,13335.4,18647.44,5312.04,South,Completed
ORD06991,2024-05-25,CUST0013,P0142,2,0.0,4782.08,3282.92,9564.16,2998.32,East,Completed
ORD02042,2024-05-25,CUST0288,P0156,1,0.1,44665.09,34536.09,40198.58,5662.49,South,Cancelled
ORD02279,2024-05-25,CUST0835,P0138,3,0.0,30903.45,21958.56,92710.35,26834.67,West,Completed
ORD09911,2024-05-26,CUST0230,P0072,5,0.0,28334.52,18780.23,141672.6,47771.45,North,Completed
ORD03275,2024-05-26,CUST0833,P0033,2,0.05,54569.41,31985.14,103681.88,39711.6,North,Completed
ORD08386,2024-05-26,CUST0051,P0019,3,0.0,27844.42,18931.51,83533.26,26738.73,West,Completed
ORD08506,2024-05-26,CUST0345,P0187,1,0.0,184.91,120.68,184.91,64.23,North,Completed
ORD08449,2024-05-26,CUST0155,P0061,4,0.15,49224.25,33194.34,167362.45,34585.09,East,Completed
ORD03456,2024-05-26,CUST0147,P0196,1,0.1,385.78,231.62,347.2,115.58,East,Completed
ORD09971,2024-05-26,CUST0201,P0158,1,0.05,33125.35,22293.09,31469.08,9175.99,West,Completed
ORD01832,2024-05-26,CUST0908,P0012,1,0.1,4072.78,2687.49,3665.5,978.01,East,Completed
ORD07352,2024-05-26,CUST0045,P0010,5,0.1,16072.59,10816.67,72326.66,18243.31,South,Completed
ORD08096,2024-05-26,CUST0643,P0142,3,0.05,4782.08,3282.92,13628.93,3780.17,South,Completed
ORD08959,2024-05-26,CUST0344,P0033,1,0.1,54569.41,31985.14,49112.47,17127.33,East,Completed
ORD05005,2024-05-26,CUST0039,P0015,2,0.0,18890.43,14292.88,37780.86,9195.1,East,Completed
ORD02289,2024-05-26,CUST0872,P0198,1,0.0,715.13,510.57,715.13,204.56,South,Completed
ORD03991,2024-05-26,CUST0295,P0128,2,0.1,7160.91,4568.96,12889.64,3751.72,South,Completed
ORD00267,2024-05-26,CUST0396,P0094,1,0.0,77812.86,47690.34,77812.86,30122.52,West,Cancelled
ORD08857,2024-05-26,CUST0552,P0027,1,0.05,20926.64,14284.36,19880.31,5595.95,East,Completed
ORD05531,2024-05-27,CUST0870,P0001,1,0.15,796.95,617.19,677.41,60.22,West,Completed
ORD03822,2024-05-27,CUST0191,P0128,2,0.1,7160.91,4568.96,12889.64,3751.72,East,Completed
ORD05813,2024-05-27,CUST0192,P0107,2,0.05,72638.94,50890.24,138013.99,36233.51,North,Completed
ORD03722,2024-05-27,CUST0064,P0183,3,0.0,66902.29,49511.88,200706.87,52171.23,West,Completed
ORD08684,2024-05-27,CUST0594,P0034,3,0.15,143.7,100.11,366.43,66.1,West,Completed
ORD06555,2024-05-27,CUST0208,P0018,2,0.05,4596.19,2818.15,8732.76,3096.46,South,Completed
ORD05670,2024-05-27,CUST0541,P0152,2,0.05,5896.48,4498.55,11203.31,2206.21,South,Completed
ORD01388,2024-05-27,CUST0861,P0015,1,0.1,18890.43,14292.88,17001.39,2708.51,North,Completed
ORD04209,2024-05-27,CUST0013,P0097,2,0.1,11100.34,7751.47,19980.61,4477.67,East,Completed
ORD07801,2024-05-27,CUST0631,P0017,1,0.1,17284.69,10596.05,15556.22,4960.17,North,Cancelled
ORD08556,2024-05-27,CUST0805,P0188,2,0.05,5272.37,3130.49,10017.5,3756.52,West,Completed
ORD06332,2024-05-28,CUST0812,P0151,2,0.1,5830.9,4665.5,10495.62,1164.62,North,Pending
ORD00474,2024-05-28,CUST0620,P0090,2,0.15,446.05,334.33,758.28,89.62,North,Completed
ORD05281,2024-05-28,CUST0781,P0042,2,0.05,10683.47,6548.45,20298.59,7201.69,South,Completed
ORD00708,2024-05-28,CUST0108,P0064,2,0.0,20038.07,13846.76,40076.14,12382.62,South,Completed
ORD05183,2024-05-28,CUST0845,P0144,2,0.05,501.46,362.98,952.77,226.81,West,Cancelled
ORD02259,2024-05-28,CUST0092,P0099,4,0.15,908.9,743.94,3090.26,114.5,West,Completed
ORD00931,2024-05-28,CUST0375,P0031,5,0.05,12553.48,9544.5,59629.03,11906.53,North,Completed
ORD05096,2024-05-28,CUST0154,P0026,2,0.2,53440.86,40308.66,85505.38,4888.06,South,Completed
ORD02769,2024-05-28,CUST0200,P0026,1,0.1,53440.86,40308.66,48096.77,7788.11,North,Completed
ORD08710,2024-05-28,CUST0209,P0091,1,0.0,49350.46,32483.04,49350.46,16867.42,West,Completed
ORD02649,2024-05-28,CUST0226,P0194,3,0.15,13118.34,8489.04,33451.77,7984.65,East,Completed
ORD04003,2024-05-28,CUST0056,P0195,3,0.05,15240.21,11813.53,43434.6,7994.01,North,Completed
ORD02936,2024-05-28,CUST0468,P0174,3,0.0,46343.47,28863.63,139030.41,52439.52,North,Pending
ORD07237,2024-05-29,CUST0905,P0052,1,0.0,7440.54,4865.29,7440.54,2575.25,South,Completed
ORD09760,2024-05-29,CUST0823,P0018,1,0.15,4596.19,2818.15,3906.76,1088.61,West,Completed
ORD09259,2024-05-29,CUST0596,P0120,1,0.1,57866.38,42176.37,52079.74,9903.37,South,Completed
ORD08330,2024-05-29,CUST0272,P0109,1,0.05,17118.52,11998.2,16262.59,4264.39,South,Completed
ORD05842,2024-05-29,CUST0435,P0164,1,0.1,8324.94,6438.05,7492.45,1054.4,South,Cancelled
ORD06970,2024-05-29,CUST0417,P0200,2,0.1,37954.59,28614.99,68318.26,11088.28,North,Completed
ORD08339,2024-05-29,CUST0582,P0057,1,0.1,911.67,722.71,820.5,97.79,West,Completed
ORD03416,2024-05-29,CUST0897,P0114,1,0.05,16683.02,10299.86,15848.87,5549.01,North,Completed
ORD05175,2024-05-29,CUST0165,P0099,2,0.0,908.9,743.94,1817.8,329.92,West,Pending
ORD09286,2024-05-29,CUST0555,P0184,2,0.05,20719.38,13335.4,39366.82,12696.02,West,Completed
ORD07673,2024-05-29,CUST0273,P0053,4,0.05,422.63,329.18,1605.99,289.27,East,Completed
ORD07367,2024-05-29,CUST0365,P0029,1,0.1,1310.65,844.84,1179.58,334.74,North,Completed
ORD02650,2024-05-30,CUST0230,P0126,3,0.15,41856.24,33581.85,106733.41,5987.86,North,Pending
ORD03599,2024-05-30,CUST0521,P0199,5,0.15,404.58,321.41,1719.46,112.41,North,Completed
ORD00031,2024-05-30,CUST0018,P0112,1,0.1,20043.19,13117.75,18038.87,4921.12,West,Completed
ORD02247,2024-05-30,CUST0286,P0197,2,0.05,15133.72,11886.63,28754.07,4980.81,South,Completed
ORD02382,2024-05-30,CUST0800,P0103,4,0.0,585.19,454.75,2340.76,521.76,North,Completed
ORD09002,2024-05-30,CUST0899,P0173,2,0.0,4259.82,3133.66,8519.64,2252.32,South,Completed
ORD03664,2024-05-30,CUST0737,P0016,2,0.0,20196.29,11952.43,40392.58,16487.72,East,Completed
ORD08982,2024-05-30,CUST0494,P0136,2,0.1,3029.54,2200.52,5453.17,1052.13,South,Completed
ORD06390,2024-05-30,CUST0701,P0004,1,0.05,20696.25,15931.27,19661.44,3730.17,West,Completed
ORD06507,2024-05-30,CUST0740,P0116,1,0.05,41570.44,24508.05,39491.92,14983.87,East,Completed
ORD00487,2024-05-30,CUST0824,P0094,1,0.2,77812.86,47690.34,62250.29,14559.95,South,Completed
ORD04144,2024-05-30,CUST0710,P0045,4,0.05,2217.01,1355.93,8424.64,3000.92,West,Completed
ORD01722,2024-05-30,CUST0755,P0190,2,0.05,2296.71,1653.27,4363.75,1057.21,East,Completed
ORD05028,2024-05-30,CUST0845,P0186,5,0.15,36288.91,28203.52,154227.87,13210.27,West,Cancelled
ORD01523,2024-05-30,CUST0278,P0135,4,0.15,644.55,462.91,2191.47,339.83,West,Completed
ORD07062,2024-05-30,CUST0599,P0155,1,0.15,9808.49,7104.6,8337.22,1232.62,West,Completed
ORD04654,2024-05-30,CUST0213,P0140,3,0.05,12142.58,7367.6,34606.35,12503.55,North,Cancelled
ORD04656,2024-05-30,CUST0041,P0021,1,0.0,6878.25,5112.71,6878.25,1765.54,South,Completed
ORD06958,2024-05-30,CUST0989,P0190,4,0.15,2296.71,1653.27,7808.81,1195.73,South,Completed
ORD07313,2024-05-31,CUST0133,P0187,2,0.05,184.91,120.68,351.33,109.97,South,Completed
ORD05980,2024-05-31,CUST0429,P0074,5,0.05,40981.75,23771.65,194663.31,75805.06,West,Completed
ORD05409,2024-05-31,CUST0175,P0059,2,0.0,1247.06,804.27,2494.12,885.58,West,Completed
ORD08658,2024-05-31,CUST0500,P0176,1,0.0,9388.62,6512.18,9388.62,2876.44,North,Completed
ORD04735,2024-05-31,CUST0493,P0154,1,0.1,693.93,462.98,624.54,161.56,East,Completed
ORD06111,2024-05-31,CUST0958,P0060,3,0.1,32036.99,25220.68,86499.87,10837.83,South,Completed
ORD01998,2024-05-31,CUST0259,P0067,3,0.15,5933.02,4559.02,15129.2,1452.14,South,Completed
ORD02151,2024-05-31,CUST0419,P0183,1,0.15,66902.29,49511.88,56866.95,7355.07,North,Pending
ORD02939,2024-05-31,CUST0056,P0081,4,0.05,11112.68,6733.47,42228.18,15294.3,North,Cancelled
ORD01075,2024-05-31,CUST0907,P0022,2,0.1,68945.25,50670.94,124101.45,22759.57,South,Completed
ORD07019,2024-06-01,CUST0474,P0016,2,0.15,20196.29,11952.43,34333.69,10428.83,North,Cancelled
ORD07818,2024-06-01,CUST0959,P0068,1,0.0,41326.98,32432.51,41326.98,8894.47,East,Completed
ORD00724,2024-06-01,CUST0045,P0164,5,0.15,8324.94,6438.05,35381.0,3190.75,South,Completed
ORD07158,2024-06-01,CUST0188,P0111,5,0.1,32818.12,23699.05,147681.54,29186.29,East,Completed
ORD07807,2024-06-01,CUST0870,P0190,1,0.1,2296.71,1653.27,2067.04,413.77,West,Completed
ORD04681,2024-06-01,CUST0865,P0087,3,0.1,11879.48,8267.83,32074.6,7271.11,South,Completed
ORD05225,2024-06-01,CUST0624,P0177,1,0.2,783.92,493.62,627.14,133.52,East,Completed
ORD09801,2024-06-01,CUST0014,P0005,1,0.05,759.62,541.79,721.64,179.85,East,Completed
ORD03787,2024-06-01,CUST0376,P0053,4,0.1,422.63,329.18,1521.47,204.75,West,Completed
ORD06625,2024-06-01,CUST0457,P0109,2,0.1,17118.52,11998.2,30813.34,6816.94,North,Cancelled
ORD06482,2024-06-01,CUST0589,P0091,1,0.1,49350.46,32483.04,44415.41,11932.37,East,Completed
ORD03608,2024-06-01,CUST0291,P0153,1,0.0,318.53,240.18,318.53,78.35,South,Completed
ORD05789,2024-06-01,CUST0071,P0148,2,0.0,15484.78,9786.06,30969.56,11397.44,West,Completed
ORD03704,2024-06-01,CUST0955,P0175,2,0.15,791.76,614.23,1345.99,117.53,East,Completed
ORD09287,2024-06-01,CUST0057,P0011,3,0.0,50761.69,39171.65,152285.07,34770.12,West,Completed
ORD09214,2024-06-02,CUST0107,P0036,3,0.05,1008.83,797.09,2875.17,483.9,East,Completed
ORD07028,2024-06-02,CUST0187,P0119,4,0.1,11965.18,9132.35,43074.65,6545.25,North,Completed
ORD03143,2024-06-02,CUST0792,P0105,1,0.05,17543.79,10886.17,16666.6,5780.43,East,Completed
ORD07760,2024-06-02,CUST0317,P0200,3,0.0,37954.59,28614.99,113863.77,28018.8,West,Completed
ORD03241,2024-06-02,CUST0957,P0060,2,0.05,32036.99,25220.68,60870.28,10428.92,North,Completed
ORD07961,2024-06-02,CUST0097,P0137,4,0.0,3327.18,2091.19,13308.72,4943.96,East,Completed
ORD01537,2024-06-02,CUST0329,P0045,5,0.0,2217.01,1355.93,11085.05,4305.4,North,Pending
ORD07746,2024-06-02,CUST0760,P0126,1,0.05,41856.24,33581.85,39763.43,6181.58,South,Completed
ORD05665,2024-06-02,CUST0133,P0032,2,0.1,39614.35,24714.41,71305.83,21877.01,South,Cancelled
ORD02705,2024-06-02,CUST0113,P0141,2,0.15,1748.75,1100.65,2972.88,771.58,West,Pending
ORD05278,2024-06-02,CUST0567,P0025,1,0.1,49570.32,37427.29,44613.29,7186.0,North,Completed
ORD00287,2024-06-02,CUST0510,P0025,1,0.15,49570.32,37427.29,42134.77,4707.48,West,Completed
ORD03018,2024-06-02,CUST0749,P0025,2,0.05,49570.32,37427.29,94183.61,19329.03,West,Completed
ORD09995,2024-06-02,CUST0768,P0167,2,0.05,7469.0,4701.25,14191.1,4788.6,East,Completed
ORD06873,2024-06-02,CUST0256,P0176,1,0.2,9388.62,6512.18,7510.9,998.72,North,Completed
ORD07641,2024-06-02,CUST0926,P0174,1,0.05,46343.47,28863.63,44026.3,15162.67,West,Completed
ORD06579,2024-06-02,CUST0767,P0115,2,0.1,9526.21,7338.52,17147.18,2470.14,West,Completed
ORD00710,2024-06-03,CUST0017,P0056,2,0.0,312.97,191.98,625.94,241.98,South,Completed
ORD00391,2024-06-03,CUST0668,P0053,3,0.15,422.63,329.18,1077.71,90.17,West,Completed
ORD03630,2024-06-03,CUST0836,P0130,1,0.0,58219.77,46803.43,58219.77,11416.34,West,Completed
ORD06716,2024-06-03,CUST0950,P0148,4,0.1,15484.78,9786.06,55745.21,16600.97,East,Completed
ORD00100,2024-06-03,CUST0915,P0083,2,0.1,374.27,289.15,673.69,95.39,East,Completed
ORD02867,2024-06-03,CUST0979,P0118,2,0.1,36939.5,23012.67,66491.1,20465.76,East,Completed
ORD08724,2024-06-03,CUST0428,P0062,1,0.05,7214.7,5874.11,6853.96,979.85,East,Cancelled
ORD02833,2024-06-03,CUST0359,P0084,2,0.05,52737.3,39276.81,100200.87,21647.25,South,Completed
ORD01256,2024-06-03,CUST0591,P0021,3,0.0,6878.25,5112.71,20634.75,5296.62,South,Completed
ORD06015,2024-06-03,CUST0901,P0195,1,0.05,15240.21,11813.53,14478.2,2664.67,North,Completed
ORD07029,2024-06-03,CUST0949,P0198,1,0.15,715.13,510.57,607.86,97.29,West,Pending
ORD00743,2024-06-04,CUST0509,P0059,1,0.0,1247.06,804.27,1247.06,442.79,West,Completed
ORD02851,2024-06-04,CUST0531,P0139,2,0.15,26827.4,18117.75,45606.58,9371.08,South,Completed
ORD00791,2024-06-04,CUST0667,P0141,2,0.1,1748.75,1100.65,3147.75,946.45,South,Completed
ORD05977,2024-06-04,CUST0959,P0107,3,0.15,72638.94,50890.24,185229.3,32558.58,East,Completed
ORD08698,2024-06-04,CUST0614,P0105,3,0.05,17543.79,10886.17,49999.8,17341.29,East,Completed
ORD02737,2024-06-04,CUST0228,P0012,5,0.0,4072.78,2687.49,20363.9,6926.45,South,Completed
ORD03324,2024-06-04,CUST0548,P0110,2,0.2,30098.59,20298.4,48157.74,7560.94,West,Completed
ORD09342,2024-06-04,CUST0320,P0179,4,0.05,12818.17,8758.44,48709.05,13675.29,West,Completed
ORD09045,2024-06-04,CUST0003,P0016,1,0.15,20196.29,11952.43,17166.85,5214.42,West,Completed
ORD03882,2024-06-04,CUST0521,P0113,2,0.05,26426.25,19479.69,50209.88,11250.5,North,Completed
ORD00512,2024-06-04,CUST0227,P0068,2,0.15,41326.98,32432.51,70255.87,5390.85,East,Completed
ORD06277,2024-06-04,CUST0095,P0037,2,0.1,58358.81,45854.58,105045.86,13336.7,West,Completed
ORD09893,2024-06-04,CUST0424,P0012,1,0.2,4072.78,2687.49,3258.22,570.73,West,Completed
ORD00076,2024-06-04,CUST0622,P0106,2,0.0,526.46,370.01,1052.92,312.9,East,Completed
ORD04020,2024-06-05,CUST0435,P0085,2,0.15,73872.61,56554.21,125583.44,12475.02,South,Completed
ORD01987,2024-06-05,CUST0134,P0133,4,0.05,30154.78,21233.5,114588.16,29654.16,East,Completed
ORD07530,2024-06-05,CUST0573,P0151,2,0.05,5830.9,4665.5,11078.71,1747.71,North,Completed
ORD02937,2024-06-05,CUST0161,P0160,2,0.05,680.29,502.6,1292.55,287.35,North,Completed
ORD07654,2024-06-05,CUST0173,P0001,2,0.05,796.95,617.19,1514.2,279.82,West,Completed
ORD03867,2024-06-05,CUST0628,P0084,2,0.15,52737.3,39276.81,89653.41,11099.79,North,Completed
ORD08213,2024-06-05,CUST0463,P0112,1,0.05,20043.19,13117.75,19041.03,5923.28,South,Completed
ORD02443,2024-06-05,CUST0989,P0019,3,0.15,27844.42,18931.51,71003.27,14208.74,South,Completed
ORD03289,2024-06-05,CUST0553,P0065,3,0.0,21598.4,14583.7,64795.2,21044.1,East,Completed
ORD01790,2024-06-05,CUST0677,P0081,4,0.05,11112.68,6733.47,42228.18,15294.3,North,Completed
ORD08589,2024-06-05,CUST0016,P0056,1,0.0,312.97,191.98,312.97,120.99,West,Completed
ORD06303,2024-06-05,CUST0458,P0007,2,0.05,8223.62,4942.96,15624.88,5738.96,West,Completed
ORD04923,2024-06-06,CUST0208,P0113,3,0.0,26426.25,19479.69,79278.75,20839.68,South,Completed
ORD06813,2024-06-06,CUST0363,P0005,1,0.15,759.62,541.79,645.68,103.89,South,Completed
ORD01036,2024-06-06,CUST0970,P0009,3,0.1,724.93,490.11,1957.31,486.98,North,Completed
ORD04525,2024-06-06,CUST0770,P0182,1,0.1,15590.28,12172.38,14031.25,1858.87,North,Completed
ORD09631,2024-06-06,CUST0416,P0100,5,0.2,36262.87,22462.27,145051.48,32740.13,South,Completed
ORD03450,2024-06-06,CUST0940,P0063,1,0.0,12786.65,8472.2,12786.65,4314.45,West,Completed
ORD09793,2024-06-06,CUST0815,P0046,2,0.1,61902.8,37121.36,111425.04,37182.32,South,Completed
ORD09096,2024-06-06,CUST0913,P0072,3,0.05,28334.52,18780.23,80753.38,24412.69,North,Completed
ORD02922,2024-06-06,CUST0854,P0012,3,0.1,4072.78,2687.49,10996.51,2934.04,North,Completed
ORD01197,2024-06-06,CUST0046,P0009,5,0.0,724.93,490.11,3624.65,1174.1,North,Completed
ORD09823,2024-06-06,CUST0142,P0188,2,0.0,5272.37,3130.49,10544.74,4283.76,South,Completed
ORD03645,2024-06-06,CUST0551,P0034,5,0.05,143.7,100.11,682.58,182.03,North,Completed
ORD07928,2024-06-06,CUST0567,P0077,1,0.0,50047.7,37709.36,50047.7,12338.34,North,Completed
ORD01384,2024-06-06,CUST0632,P0071,2,0.0,35759.59,27998.22,71519.18,15522.74,South,Completed
ORD08453,2024-06-06,CUST0833,P0111,1,0.15,32818.12,23699.05,27895.4,4196.35,North,Completed
ORD06969,2024-06-07,CUST0477,P0161,2,0.2,36827.84,23163.81,58924.54,12596.92,East,Completed
ORD05720,2024-06-07,CUST0779,P0105,1,0.1,17543.79,10886.17,15789.41,4903.24,North,Completed
ORD04650,2024-06-07,CUST0277,P0146,2,0.0,11482.27,8693.26,22964.54,5578.02,West,Completed
ORD07520,2024-06-07,CUST0440,P0136,2,0.1,3029.54,2200.52,5453.17,1052.13,East,Completed
ORD07971,2024-06-07,CUST0060,P0080,3,0.15,67342.32,40846.14,171722.92,49184.5,South,Completed
ORD08928,2024-06-07,CUST0163,P0006,2,0.0,51610.25,30768.51,103220.5,41683.48,East,Pending
ORD09442,2024-06-07,CUST0396,P0002,2,0.0,6203.85,4038.58,12407.7,4330.54,West,Completed
ORD02297,2024-06-07,CUST0290,P0129,3,0.1,43850.97,27932.89,118397.62,34598.95,North,Completed
ORD07134,2024-06-07,CUST0044,P0194,1,0.1,13118.34,8489.04,11806.51,3317.47,North,Completed
ORD09682,2024-06-07,CUST0456,P0170,1,0.2,750.66,462.97,600.53,137.56,South,Completed
ORD01464,2024-06-08,CUST0642,P0044,1,0.1,59463.82,38619.72,53517.44,14897.72,East,Cancelled
ORD07441,2024-06-08,CUST0844,P0037,1,0.05,58358.81,45854.58,55440.87,9586.29,West,Completed
ORD09343,2024-06-08,CUST0032,P0113,2,0.05,26426.25,19479.69,50209.88,11250.5,North,Completed
ORD04008,2024-06-08,CUST0743,P0066,1,0.15,15521.48,11472.78,13193.26,1720.48,North,Completed
ORD02741,2024-06-08,CUST0906,P0087,3,0.0,11879.48,8267.83,35638.44,10834.95,South,Completed
ORD02817,2024-06-08,CUST0229,P0074,1,0.1,40981.75,23771.65,36883.58,13111.93,West,Completed
ORD08950,2024-06-08,CUST0259,P0193,1,0.0,8422.11,6102.6,8422.11,2319.51,South,Completed
ORD04235,2024-06-08,CUST0668,P0021,1,0.2,6878.25,5112.71,5502.6,389.89,West,Cancelled
ORD03719,2024-06-08,CUST0271,P0079,1,0.05,409.51,310.64,389.03,78.39,East,Completed
ORD06764,2024-06-08,CUST0987,P0110,1,0.0,30098.59,20298.4,30098.59,9800.19,North,Completed
ORD04515,2024-06-08,CUST0275,P0089,2,0.1,74892.61,50603.0,134806.7,33600.7,East,Completed
ORD00852,2024-06-08,CUST0579,P0123,1,0.0,77212.89,61788.48,77212.89,15424.41,North,Completed
ORD02517,2024-06-09,CUST0574,P0023,2,0.0,29957.89,23747.89,59915.78,12420.0,East,Completed
ORD06608,2024-06-09,CUST0737,P0042,2,0.15,10683.47,6548.45,18161.9,5065.0,East,Completed
ORD08870,2024-06-09,CUST0286,P0197,2,0.05,15133.72,11886.63,28754.07,4980.81,South,Completed
ORD04913,2024-06-09,CUST0661,P0120,3,0.05,57866.38,42176.37,164919.18,38390.07,North,Completed
ORD04086,2024-06-09,CUST0390,P0178,3,0.05,4042.35,3098.18,11520.7,2226.16,North,Completed
ORD08924,2024-06-09,CUST0525,P0114,2,0.05,16683.02,10299.86,31697.74,11098.02,North,Completed
ORD01702,2024-06-09,CUST0406,P0155,3,0.15,9808.49,7104.6,25011.65,3697.85,West,Completed
ORD08592,2024-06-09,CUST0956,P0176,3,0.1,9388.62,6512.18,25349.27,5812.73,West,Completed
ORD07189,2024-06-09,CUST0460,P0022,2,0.05,68945.25,50670.94,130995.98,29654.1,East,Completed
ORD09527,2024-06-09,CUST0444,P0196,1,0.0,385.78,231.62,385.78,154.16,South,Completed
ORD00308,2024-06-09,CUST0513,P0028,4,0.1,1126.53,825.36,4055.51,754.07,North,Completed
ORD06280,2024-06-09,CUST0749,P0069,1,0.1,196.15,126.8,176.54,49.74,West,Completed
ORD07317,2024-06-09,CUST0892,P0079,2,0.0,409.51,310.64,819.02,197.74,South,Completed
ORD03076,2024-06-09,CUST0415,P0068,3,0.0,41326.98,32432.51,123980.94,26683.41,North,Completed
ORD09490,2024-06-09,CUST0698,P0071,1,0.0,35759.59,27998.22,35759.59,7761.37,North,Completed
ORD03635,2024-06-09,CUST0516,P0120,3,0.05,57866.38,42176.37,164919.18,38390.07,East,Completed
ORD09511,2024-06-09,CUST0528,P0086,2,0.1,519.82,398.56,935.68,138.56,South,Completed
ORD09168,2024-06-09,CUST0717,P0077,1,0.1,50047.7,37709.36,45042.93,7333.57,South,Completed
ORD03208,2024-06-09,CUST0557,P0061,2,0.0,49224.25,33194.34,98448.5,32059.82,West,Completed
ORD08061,2024-06-09,CUST0627,P0025,3,0.05,49570.32,37427.29,141275.41,28993.54,West,Completed
ORD03609,2024-06-10,CUST0053,P0094,2,0.0,77812.86,47690.34,155625.72,60245.04,East,Completed
ORD01595,2024-06-10,CUST0754,P0175,1,0.0,791.76,614.23,791.76,177.53,South,Completed
ORD04052,2024-06-10,CUST0803,P0181,1,0.15,8670.4,5624.95,7369.84,1744.89,East,Completed
ORD01382,2024-06-10,CUST0143,P0145,2,0.1,360.46,274.8,648.83,99.23,West,Completed
ORD01615,2024-06-10,CUST0216,P0181,2,0.05,8670.4,5624.95,16473.76,5223.86,South,Completed
ORD09186,2024-06-10,CUST0257,P0034,3,0.05,143.7,100.11,409.54,109.21,East,Completed
ORD06036,2024-06-10,CUST0099,P0071,2,0.0,35759.59,27998.22,71519.18,15522.74,South,Completed
ORD00274,2024-06-10,CUST0281,P0078,3,0.0,66750.32,43644.61,200250.96,69317.13,East,Cancelled
ORD07549,2024-06-10,CUST0654,P0097,1,0.15,11100.34,7751.47,9435.29,1683.82,South,Completed
ORD09346,2024-06-10,CUST0079,P0157,5,0.0,1290.11,764.14,6450.55,2629.85,North,Cancelled
ORD09377,2024-06-10,CUST0130,P0147,3,0.05,22737.01,13458.16,64800.48,24426.0,North,Completed
ORD02481,2024-06-10,CUST0999,P0127,2,0.05,37425.34,27064.21,71108.15,16979.73,North,Completed
ORD04802,2024-06-11,CUST0226,P0068,1,0.1,41326.98,32432.51,37194.28,4761.77,East,Completed
ORD06155,2024-06-11,CUST0724,P0050,1,0.1,8890.7,6907.47,8001.63,1094.16,South,Completed
ORD09630,2024-06-11,CUST0675,P0123,3,0.15,77212.89,61788.48,196892.87,11527.43,North,Completed
ORD00804,2024-06-11,CUST0820,P0106,2,0.1,526.46,370.01,947.63,207.61,West,Completed
ORD07975,2024-06-11,CUST0581,P0153,1,0.15,318.53,240.18,270.75,30.57,West,Completed
ORD05771,2024-06-11,CUST0234,P0071,1,0.15,35759.59,27998.22,30395.65,2397.43,South,Cancelled
ORD08701,2024-06-11,CUST0812,P0084,1,0.0,52737.3,39276.81,52737.3,13460.49,North,Completed
ORD01621,2024-06-11,CUST0842,P0192,2,0.05,20821.66,13717.57,39561.15,12126.01,North,Completed
ORD04123,2024-06-11,CUST0238,P0027,1,0.05,20926.64,14284.36,19880.31,5595.95,South,Completed
ORD09146,2024-06-11,CUST0485,P0117,1,0.15,62915.52,50890.59,53478.19,2587.6,South,Completed
ORD08321,2024-06-11,CUST0337,P0120,1,0.0,57866.38,42176.37,57866.38,15690.01,East,Completed
ORD08866,2024-06-11,CUST0870,P0123,1,0.15,77212.89,61788.48,65630.96,3842.48,West,Completed
ORD02140,2024-06-11,CUST0818,P0116,3,0.0,41570.44,24508.05,124711.32,51187.17,North,Completed
ORD00863,2024-06-12,CUST0532,P0144,2,0.1,501.46,362.98,902.63,176.67,West,Completed
ORD05457,2024-06-12,CUST0491,P0060,1,0.0,32036.99,25220.68,32036.99,6816.31,North,Completed
ORD06787,2024-06-12,CUST0596,P0031,2,0.1,12553.48,9544.5,22596.26,3507.26,South,Completed
ORD02970,2024-06-12,CUST0730,P0146,1,0.05,11482.27,8693.26,10908.16,2214.9,East,Completed
ORD01636,2024-06-12,CUST0910,P0122,1,0.1,17942.76,13133.8,16148.48,3014.68,North,Completed
ORD02795,2024-06-12,CUST0639,P0133,1,0.0,30154.78,21233.5,30154.78,8921.28,East,Completed
ORD06465,2024-06-12,CUST0798,P0151,1,0.1,5830.9,4665.5,5247.81,582.31,North,Completed
ORD08555,2024-06-12,CUST0342,P0169,1,0.2,12339.56,8305.1,9871.65,1566.55,South,Completed
ORD09010,2024-06-12,CUST0044,P0024,1,0.1,792.84,470.21,713.56,243.35,North,Completed
ORD00599,2024-06-12,CUST0279,P0178,1,0.0,4042.35,3098.18,4042.35,944.17,West,Completed
ORD02830,2024-06-12,CUST0909,P0194,3,0.1,13118.34,8489.04,35419.52,9952.4,East,Completed
ORD03917,2024-06-12,CUST0535,P0029,3,0.1,1310.65,844.84,3538.76,1004.24,West,Completed
ORD01069,2024-06-12,CUST0090,P0118,4,0.1,36939.5,23012.67,132982.2,40931.52,East,Completed
ORD05915,2024-06-12,CUST0766,P0091,1,0.05,49350.46,32483.04,46882.94,14399.9,South,Completed
ORD09714,2024-06-12,CUST0219,P0181,5,0.15,8670.4,5624.95,36849.2,8724.45,West,Cancelled
ORD01632,2024-06-13,CUST0538,P0003,2,0.1,15581.84,9713.54,28047.31,8620.23,North,Completed
ORD00927,2024-06-13,CUST0681,P0059,2,0.0,1247.06,804.27,2494.12,885.58,North,Completed
ORD04335,2024-06-13,CUST0569,P0119,1,0.0,11965.18,9132.35,11965.18,2832.83,West,Completed
ORD02987,2024-06-13,CUST0012,P0116,2,0.0,41570.44,24508.05,83140.88,34124.78,East,Completed
ORD08397,2024-06-13,CUST0442,P0192,4,0.05,20821.66,13717.57,79122.31,24252.03,South,Completed
ORD06557,2024-06-13,CUST0131,P0175,2,0.0,791.76,614.23,1583.52,355.06,North,Completed
ORD09809,2024-06-13,CUST0795,P0103,2,0.0,585.19,454.75,1170.38,260.88,North,Completed
ORD01482,2024-06-13,CUST0768,P0126,2,0.15,41856.24,33581.85,71155.61,3991.91,East,Completed
ORD05653,2024-06-13,CUST0762,P0135,2,0.15,644.55,462.91,1095.73,169.91,South,Completed
ORD00841,2024-06-13,CUST0517,P0025,2,0.15,49570.32,37427.29,84269.54,9414.96,East,Cancelled
ORD04558,2024-06-13,CUST0849,P0188,1,0.1,5272.37,3130.49,4745.13,1614.64,West,Pending
ORD01266,2024-06-13,CUST0800,P0186,1,0.0,36288.91,28203.52,36288.91,8085.39,North,Completed
ORD04947,2024-06-14,CUST0325,P0146,1,0.15,11482.27,8693.26,9759.93,1066.67,North,Cancelled
ORD08730,2024-06-14,CUST0730,P0015,1,0.15,18890.43,14292.88,16056.87,1763.99,East,Completed
ORD06042,2024-06-14,CUST0366,P0102,2,0.05,4149.23,2427.22,7883.54,3029.1,East,Completed
ORD00292,2024-06-14,CUST0974,P0026,3,0.15,53440.86,40308.66,136274.19,15348.21,South,Cancelled
ORD07170,2024-06-14,CUST0071,P0172,1,0.1,53066.45,36105.87,47759.8,11653.93,West,Completed
ORD02114,2024-06-14,CUST0905,P0190,1,0.0,2296.71,1653.27,2296.71,643.44,South,Completed
ORD06703,2024-06-14,CUST0257,P0032,4,0.05,39614.35,24714.41,150534.53,51676.89,East,Completed
ORD03759,2024-06-14,CUST0317,P0131,1,0.05,896.08,597.69,851.28,253.59,West,Pending
ORD06048,2024-06-14,CUST0473,P0154,1,0.15,693.93,462.98,589.84,126.86,West,Completed
ORD08992,2024-06-14,CUST0764,P0050,1,0.1,8890.7,6907.47,8001.63,1094.16,East,Completed
ORD06711,2024-06-14,CUST0449,P0012,4,0.05,4072.78,2687.49,15476.56,4726.6,North,Completed
ORD00635,2024-06-15,CUST0027,P0130,1,0.0,58219.77,46803.43,58219.77,11416.34,South,Completed
ORD04333,2024-06-15,CUST0809,P0174,1,0.1,46343.47,28863.63,41709.12,12845.49,North,Completed
ORD02619,2024-06-15,CUST0550,P0079,1,0.15,409.51,310.64,348.08,37.44,South,Completed
ORD08090,2024-06-15,CUST0143,P0168,5,0.0,1780.85,1042.33,8904.25,3692.6,West,Completed
ORD06208,2024-06-15,CUST0322,P0035,3,0.15,56932.8,34147.01,145178.64,42737.61,West,Completed
ORD00488,2024-06-15,CUST0238,P0113,1,0.1,26426.25,19479.69,23783.62,4303.93,South,Completed
ORD04347,2024-06-15,CUST0601,P0200,4,0.1,37954.59,28614.99,136636.52,22176.56,East,Completed
ORD01982,2024-06-15,CUST0939,P0148,3,0.0,15484.78,9786.06,46454.34,17096.16,North,Completed
ORD03603,2024-06-15,CUST0972,P0001,1,0.0,796.95,617.19,796.95,179.76,West,Completed
ORD00818,2024-06-15,CUST0581,P0178,3,0.15,4042.35,3098.18,10307.99,1013.45,West,Completed
ORD01592,2024-06-15,CUST0865,P0005,2,0.2,759.62,541.79,1215.39,131.81,South,Completed
ORD06355,2024-06-15,CUST0601,P0148,3,0.0,15484.78,9786.06,46454.34,17096.16,East,Pending
ORD02156,2024-06-15,CUST0865,P0112,3,0.2,20043.19,13117.75,48103.66,8750.41,South,Completed
ORD01290,2024-06-15,CUST0372,P0191,3,0.0,8442.75,6441.23,25328.25,6004.56,North,Cancelled
ORD03592,2024-06-15,CUST0236,P0133,2,0.15,30154.78,21233.5,51263.13,8796.13,West,Completed
ORD06824,2024-06-15,CUST0708,P0189,1,0.0,38312.77,25713.12,38312.77,12599.65,East,Completed
ORD04359,2024-06-15,CUST0434,P0034,1,0.1,143.7,100.11,129.33,29.22,East,Completed
ORD06387,2024-06-15,CUST0877,P0054,5,0.1,34828.61,21081.63,156728.74,51320.59,East,Completed
ORD01568,2024-06-15,CUST0609,P0078,2,0.05,66750.32,43644.61,126825.61,39536.39,North,Completed
ORD09100,2024-06-15,CUST0698,P0150,2,0.0,53462.03,36715.83,106924.06,33492.4,North,Completed
ORD04330,2024-06-16,CUST0417,P0024,1,0.05,792.84,470.21,753.2,282.99,North,Completed
ORD05727,2024-06-16,CUST0336,P0138,3,0.05,30903.45,21958.56,88074.83,22199.15,North,Completed
ORD02655,2024-06-16,CUST0210,P0056,2,0.05,312.97,191.98,594.64,210.68,East,Completed
ORD00098,2024-06-16,CUST0836,P0045,2,0.1,2217.01,1355.93,3990.62,1278.76,West,Completed
ORD01119,2024-06-16,CUST0412,P0088,2,0.1,58121.47,37608.48,104618.65,29401.69,East,Completed
ORD02107,2024-06-16,CUST0274,P0045,3,0.05,2217.01,1355.93,6318.48,2250.69,East,Completed
ORD09669,2024-06-16,CUST0494,P0116,2,0.0,41570.44,24508.05,83140.88,34124.78,South,Completed
ORD08332,2024-06-16,CUST0005,P0095,1,0.1,9513.49,6495.4,8562.14,2066.74,East,Completed
ORD07329,2024-06-16,CUST0812,P0187,1,0.2,184.91,120.68,147.93,27.25,North,Completed
ORD06865,2024-06-16,CUST0212,P0109,5,0.0,17118.52,11998.2,85592.6,25601.6,South,Completed
ORD03206,2024-06-16,CUST0892,P0073,2,0.1,15561.42,10813.46,28010.56,6383.64,South,Completed
ORD04954,2024-06-16,CUST0095,P0042,3,0.0,10683.47,6548.45,32050.41,12405.06,West,Pending
ORD04370,2024-06-16,CUST0844,P0079,1,0.0,409.51,310.64,409.51,98.87,West,Completed
ORD03404,2024-06-16,CUST0946,P0001,3,0.1,796.95,617.19,2151.77,300.2,West,Completed
ORD08361,2024-06-16,CUST0117,P0009,1,0.0,724.93,490.11,724.93,234.82,South,Completed
ORD05626,2024-06-17,CUST0748,P0107,3,0.1,72638.94,50890.24,196125.14,43454.42,West,Completed
ORD03190,2024-06-17,CUST0376,P0104,3,0.15,22437.82,18159.1,57216.44,2739.14,West,Completed
ORD00128,2024-06-17,CUST0616,P0098,5,0.1,15055.62,11767.46,67750.29,8912.99,South,Completed
ORD00396,2024-06-17,CUST0145,P0114,2,0.05,16683.02,10299.86,31697.74,11098.02,South,Completed
ORD04631,2024-06-17,CUST0417,P0013,4,0.05,8923.66,6594.73,33909.91,7530.99,North,Completed
ORD02718,2024-06-17,CUST0113,P0179,1,0.05,12818.17,8758.44,12177.26,3418.82,West,Completed
ORD02475,2024-06-17,CUST0630,P0097,1,0.1,11100.34,7751.47,9990.31,2238.84,North,Pending
ORD06124,2024-06-17,CUST0480,P0096,2,0.1,22714.55,15565.72,40886.19,9754.75,West,Completed
ORD01992,2024-06-17,CUST0066,P0088,4,0.1,58121.47,37608.48,209237.29,58803.37,West,Completed
ORD08690,2024-06-17,CUST0165,P0158,5,0.05,33125.35,22293.09,157345.41,45879.96,West,Cancelled
ORD05239,2024-06-17,CUST0492,P0110,1,0.1,30098.59,20298.4,27088.73,6790.33,South,Completed
ORD08047,2024-06-18,CUST0944,P0163,1,0.15,3768.33,3060.43,3203.08,142.65,East,Completed
ORD06154,2024-06-18,CUST0816,P0088,1,0.1,58121.47,37608.48,52309.32,14700.84,East,Cancelled
ORD09215,2024-06-18,CUST0290,P0082,2,0.0,14583.87,9123.23,29167.74,10921.28,North,Completed
ORD04217,2024-06-18,CUST0221,P0102,1,0.1,4149.23,2427.22,3734.31,1307.09,West,Completed
ORD01806,2024-06-18,CUST0533,P0046,2,0.05,61902.8,37121.36,117615.32,43372.6,East,Completed
ORD01223,2024-06-18,CUST0912,P0110,1,0.1,30098.59,20298.4,27088.73,6790.33,East,Completed
ORD02824,2024-06-18,CUST0455,P0025,3,0.2,49570.32,37427.29,118968.77,6686.9,North,Completed
ORD04575,2024-06-18,CUST0657,P0176,1,0.15,9388.62,6512.18,7980.33,1468.15,South,Completed
ORD06247,2024-06-18,CUST0570,P0184,3,0.1,20719.38,13335.4,55942.33,15936.13,West,Pending
ORD08244,2024-06-18,CUST0932,P0174,1,0.05,46343.47,28863.63,44026.3,15162.67,East,Completed
ORD03284,2024-06-18,CUST0837,P0074,1,0.0,40981.75,23771.65,40981.75,17210.1,West,Completed
ORD04907,2024-06-18,CUST0848,P0058,1,0.1,7347.4,4878.31,6612.66,1734.35,East,Completed
ORD08385,2024-06-18,CUST0144,P0143,1,0.2,56727.96,35563.32,45382.37,9819.05,South,Completed
ORD00877,2024-06-18,CUST0919,P0052,2,0.1,7440.54,4865.29,13392.97,3662.39,East,Completed
ORD07364,2024-06-18,CUST0318,P0167,1,0.1,7469.0,4701.25,6722.1,2020.85,West,Completed
ORD00533,2024-06-18,CUST0373,P0069,1,0.0,196.15,126.8,196.15,69.35,North,Cancelled
ORD03918,2024-06-18,CUST0580,P0106,4,0.05,526.46,370.01,2000.55,520.51,West,Completed
ORD02684,2024-06-18,CUST0520,P0004,3,0.0,20696.25,15931.27,62088.75,14294.94,East,Completed
ORD04892,2024-06-18,CUST0628,P0148,1,0.1,15484.78,9786.06,13936.3,4150.24,North,Completed
ORD04827,2024-06-19,CUST0810,P0046,1,0.15,61902.8,37121.36,52617.38,15496.02,North,Completed
ORD03782,2024-06-19,CUST0625,P0045,1,0.0,2217.01,1355.93,2217.01,861.08,West,Completed
ORD06600,2024-06-19,CUST0757,P0037,1,0.1,58358.81,45854.58,52522.93,6668.35,West,Completed
ORD06168,2024-06-19,CUST0546,P0130,5,0.0,58219.77,46803.43,291098.85,57081.7,North,Completed
ORD07664,2024-06-19,CUST0012,P0173,2,0.15,4259.82,3133.66,7241.69,974.37,East,Completed
ORD07331,2024-06-19,CUST0879,P0048,1,0.05,1114.29,876.19,1058.58,182.39,East,Completed
ORD00882,2024-06-19,CUST0642,P0084,3,0.0,52737.3,39276.81,158211.9,40381.47,East,Completed
ORD04553,2024-06-19,CUST0134,P0157,2,0.0,1290.11,764.14,2580.22,1051.94,East,Completed
ORD03400,2024-06-19,CUST0520,P0097,2,0.0,11100.34,7751.47,22200.68,6697.74,East,Completed
ORD06742,2024-06-19,CUST0560,P0003,2,0.1,15581.84,9713.54,28047.31,8620.23,West,Completed
ORD06900,2024-06-19,CUST0193,P0141,1,0.05,1748.75,1100.65,1661.31,560.66,East,Completed
ORD08261,2024-06-19,CUST0044,P0010,2,0.1,16072.59,10816.67,28930.66,7297.32,North,Completed
ORD02812,2024-06-19,CUST0220,P0172,1,0.15,53066.45,36105.87,45106.48,9000.61,West,Completed
ORD08788,2024-06-19,CUST0382,P0176,2,0.1,9388.62,6512.18,16899.52,3875.16,North,Completed
ORD05549,2024-06-20,CUST0600,P0197,2,0.05,15133.72,11886.63,28754.07,4980.81,East,Completed
ORD03212,2024-06-20,CUST0150,P0001,1,0.05,796.95,617.19,757.1,139.91,West,Cancelled
ORD07373,2024-06-20,CUST0616,P0097,2,0.1,11100.34,7751.47,19980.61,4477.67,South,Completed
ORD02410,2024-06-20,CUST0278,P0014,1,0.1,18597.52,13817.51,16737.77,2920.26,West,Pending
ORD07109,2024-06-20,CUST0214,P0112,4,0.05,20043.19,13117.75,76164.12,23693.12,South,Completed
ORD09686,2024-06-20,CUST0267,P0102,3,0.15,4149.23,2427.22,10580.54,3298.88,North,Completed
ORD03773,2024-06-20,CUST0010,P0187,1,0.15,184.91,120.68,157.17,36.49,West,Completed
ORD05983,2024-06-20,CUST0889,P0096,5,0.1,22714.55,15565.72,102215.48,24386.88,West,Completed
ORD02004,2024-06-20,CUST0769,P0087,4,0.1,11879.48,8267.83,42766.13,9694.81,South,Completed
ORD05632,2024-06-20,CUST0311,P0095,1,0.1,9513.49,6495.4,8562.14,2066.74,North,Completed
ORD09470,2024-06-20,CUST0032,P0063,1,0.2,12786.65,8472.2,10229.32,1757.12,North,Completed
ORD06258,2024-06-20,CUST0357,P0015,1,0.05,18890.43,14292.88,17945.91,3653.03,North,Completed
ORD04857,2024-06-21,CUST0264,P0147,1,0.1,22737.01,13458.16,20463.31,7005.15,North,Completed
ORD07311,2024-06-21,CUST0020,P0095,3,0.05,9513.49,6495.4,27113.45,7627.25,West,Completed
ORD05949,2024-06-21,CUST0818,P0120,3,0.05,57866.38,42176.37,164919.18,38390.07,North,Completed
ORD03963,2024-06-21,CUST0831,P0115,1,0.1,9526.21,7338.52,8573.59,1235.07,West,Completed
ORD05715,2024-06-21,CUST0553,P0067,2,0.0,5933.02,4559.02,11866.04,2748.0,East,Completed
ORD03975,2024-06-21,CUST0053,P0003,1,0.15,15581.84,9713.54,13244.56,3531.02,East,Completed
ORD03652,2024-06-21,CUST0077,P0153,3,0.05,318.53,240.18,907.81,187.27,East,Completed
ORD09438,2024-06-21,CUST0560,P0137,1,0.05,3327.18,2091.19,3160.82,1069.63,West,Completed
ORD01895,2024-06-21,CUST0169,P0138,4,0.1,30903.45,21958.56,111252.42,23418.18,West,Completed
ORD07063,2024-06-21,CUST0020,P0184,1,0.05,20719.38,13335.4,19683.41,6348.01,West,Completed
ORD05835,2024-06-21,CUST0032,P0078,3,0.0,66750.32,43644.61,200250.96,69317.13,North,Completed
ORD00573,2024-06-21,CUST0388,P0060,1,0.1,32036.99,25220.68,28833.29,3612.61,East,Cancelled
ORD04422,2024-06-22,CUST0032,P0079,1,0.0,409.51,310.64,409.51,98.87,North,Cancelled
ORD07335,2024-06-22,CUST0240,P0041,3,0.0,4003.54,2383.24,12010.62,4860.9,North,Cancelled
ORD00905,2024-06-22,CUST0478,P0019,1,0.0,27844.42,18931.51,27844.42,8912.91,West,Completed
ORD05639,2024-06-22,CUST0666,P0015,1,0.0,18890.43,14292.88,18890.43,4597.55,North,Completed
ORD08593,2024-06-22,CUST0253,P0116,4,0.1,41570.44,24508.05,149653.58,51621.38,South,Completed
ORD05684,2024-06-22,CUST0775,P0153,3,0.05,318.53,240.18,907.81,187.27,South,Completed
ORD06023,2024-06-22,CUST0367,P0077,4,0.15,50047.7,37709.36,170162.18,19324.74,North,Completed
ORD03297,2024-06-22,CUST0617,P0086,2,0.1,519.82,398.56,935.68,138.56,South,Completed
ORD04056,2024-06-22,CUST0351,P0029,3,0.1,1310.65,844.84,3538.76,1004.24,West,Completed
ORD03847,2024-06-22,CUST0702,P0168,3,0.15,1780.85,1042.33,4541.17,1414.18,West,Completed
ORD07554,2024-06-22,CUST0828,P0035,1,0.05,56932.8,34147.01,54086.16,19939.15,North,Completed
ORD07371,2024-06-22,CUST0845,P0140,2,0.05,12142.58,7367.6,23070.9,8335.7,West,Completed
ORD03107,2024-06-22,CUST0810,P0073,1,0.05,15561.42,10813.46,14783.35,3969.89,North,Completed
ORD02651,2024-06-22,CUST0182,P0032,3,0.05,39614.35,24714.41,112900.9,38757.67,North,Completed
ORD01241,2024-06-22,CUST0103,P0081,1,0.1,11112.68,6733.47,10001.41,3267.94,South,Completed
ORD03102,2024-06-22,CUST0043,P0089,1,0.15,74892.61,50603.0,63658.72,13055.72,East,Cancelled
ORD04340,2024-06-23,CUST0431,P0086,1,0.1,519.82,398.56,467.84,69.28,South,Completed
ORD01807,2024-06-23,CUST0058,P0166,2,0.0,47059.67,34982.34,94119.34,24154.66,West,Completed
ORD08080,2024-06-23,CUST0248,P0073,1,0.2,15561.42,10813.46,12449.14,1635.68,East,Completed
ORD05142,2024-06-23,CUST0164,P0042,3,0.1,10683.47,6548.45,28845.37,9200.02,East,Completed
ORD06929,2024-06-23,CUST0949,P0065,5,0.15,21598.4,14583.7,91793.2,18874.7,West,Completed
ORD04451,2024-06-23,CUST0739,P0075,1,0.0,6740.18,4364.5,6740.18,2375.68,North,Completed
ORD04405,2024-06-23,CUST0382,P0004,1,0.1,20696.25,15931.27,18626.62,2695.35,North,Completed
ORD08292,2024-06-23,CUST0987,P0117,1,0.1,62915.52,50890.59,56623.97,5733.38,North,Completed
ORD06251,2024-06-23,CUST0620,P0152,2,0.1,5896.48,4498.55,10613.66,1616.56,North,Cancelled
ORD02921,2024-06-23,CUST0503,P0027,2,0.1,20926.64,14284.36,37667.95,9099.23,South,Completed
ORD08307,2024-06-23,CUST0640,P0169,1,0.0,12339.56,8305.1,12339.56,4034.46,West,Completed
ORD04728,2024-06-23,CUST0067,P0069,1,0.0,196.15,126.8,196.15,69.35,West,Completed
ORD06269,2024-06-23,CUST0714,P0146,1,0.0,11482.27,8693.26,11482.27,2789.01,North,Completed
ORD00163,2024-06-23,CUST0330,P0149,1,0.15,2427.19,1691.68,2063.11,371.43,West,Completed
ORD00551,2024-06-23,CUST0329,P0131,2,0.15,896.08,597.69,1523.34,327.96,North,Completed
ORD06244,2024-06-23,CUST0638,P0143,2,0.05,56727.96,35563.32,107783.12,36656.48,West,Completed
ORD02324,2024-06-24,CUST0147,P0155,2,0.15,9808.49,7104.6,16674.43,2465.23,East,Completed
ORD01108,2024-06-24,CUST0365,P0019,1,0.05,27844.42,18931.51,26452.2,7520.69,North,Completed
ORD09944,2024-06-24,CUST0590,P0193,1,0.15,8422.11,6102.6,7158.79,1056.19,North,Completed
ORD07308,2024-06-24,CUST0622,P0148,3,0.0,15484.78,9786.06,46454.34,17096.16,East,Completed
ORD09066,2024-06-24,CUST0003,P0121,3,0.05,975.23,645.82,2779.41,841.95,West,Completed
ORD06732,2024-06-24,CUST0341,P0107,2,0.05,72638.94,50890.24,138013.99,36233.51,West,Completed
ORD09779,2024-06-24,CUST0821,P0027,1,0.2,20926.64,14284.36,16741.31,2456.95,North,Completed
ORD09118,2024-06-24,CUST0773,P0150,1,0.05,53462.03,36715.83,50788.93,14073.1,East,Pending
ORD01472,2024-06-24,CUST0130,P0120,4,0.0,57866.38,42176.37,231465.52,62760.04,North,Pending
ORD01710,2024-06-24,CUST0496,P0013,2,0.15,8923.66,6594.73,15170.22,1980.76,North,Completed
ORD09542,2024-06-24,CUST0861,P0103,1,0.05,585.19,454.75,555.93,101.18,North,Completed
ORD04789,2024-06-25,CUST0841,P0130,1,0.15,58219.77,46803.43,49486.8,2683.37,East,Completed
ORD01410,2024-06-25,CUST0532,P0199,2,0.05,404.58,321.41,768.7,125.88,West,Completed
ORD07148,2024-06-25,CUST0286,P0177,2,0.05,783.92,493.62,1489.45,502.21,South,Completed
ORD03582,2024-06-25,CUST0281,P0059,2,0.15,1247.06,804.27,2120.0,511.46,East,Completed
ORD06671,2024-06-25,CUST0353,P0108,2,0.0,673.74,534.39,1347.48,278.7,East,Completed
ORD03287,2024-06-25,CUST0918,P0093,1,0.1,10189.0,5911.08,9170.1,3259.02,West,Completed
ORD02351,2024-06-25,CUST0222,P0081,1,0.1,11112.68,6733.47,10001.41,3267.94,South,Completed
ORD04223,2024-06-25,CUST0504,P0146,1,0.05,11482.27,8693.26,10908.16,2214.9,South,Completed
ORD05628,2024-06-25,CUST0158,P0112,1,0.05,20043.19,13117.75,19041.03,5923.28,South,Completed
ORD01116,2024-06-25,CUST0093,P0098,2,0.1,15055.62,11767.46,27100.12,3565.2,East,Completed
ORD00497,2024-06-25,CUST0632,P0018,1,0.05,4596.19,2818.15,4366.38,1548.23,South,Completed
ORD02101,2024-06-25,CUST0706,P0071,2,0.0,35759.59,27998.22,71519.18,15522.74,East,Completed
ORD06982,2024-06-25,CUST0395,P0182,2,0.0,15590.28,12172.38,31180.56,6835.8,North,Completed
ORD03532,2024-06-25,CUST0456,P0057,1,0.0,911.67,722.71,911.67,188.96,South,Completed
ORD00959,2024-06-25,CUST0154,P0157,1,0.15,1290.11,764.14,1096.59,332.45,South,Completed
ORD07895,2024-06-26,CUST0099,P0138,1,0.0,30903.45,21958.56,30903.45,8944.89,South,Completed
ORD02466,2024-06-26,CUST0907,P0048,1,0.15,1114.29,876.19,947.15,70.96,South,Completed
ORD03514,2024-06-26,CUST0023,P0069,2,0.1,196.15,126.8,353.07,99.47,South,Completed
ORD06182,2024-06-26,CUST0763,P0171,2,0.0,39010.06,29472.11,78020.12,19075.9,South,Completed
ORD05910,2024-06-26,CUST0758,P0100,1,0.1,36262.87,22462.27,32636.58,10174.31,West,Completed
ORD02551,2024-06-26,CUST0968,P0196,1,0.05,385.78,231.62,366.49,134.87,South,Completed
ORD02871,2024-06-26,CUST0875,P0133,3,0.0,30154.78,21233.5,90464.34,26763.84,South,Completed
ORD03196,2024-06-26,CUST0534,P0051,5,0.05,57445.48,35926.8,272866.03,93232.03,West,Completed
ORD03480,2024-06-27,CUST0445,P0100,1,0.0,36262.87,22462.27,36262.87,13800.6,North,Completed
ORD09877,2024-06-27,CUST0659,P0134,1,0.2,34117.69,25387.96,27294.15,1906.19,East,Completed
ORD06899,2024-06-27,CUST0165,P0063,2,0.05,12786.65,8472.2,24294.64,7350.24,West,Completed
ORD00810,2024-06-27,CUST0107,P0103,1,0.0,585.19,454.75,585.19,130.44,East,Completed
ORD05609,2024-06-27,CUST0205,P0194,1,0.0,13118.34,8489.04,13118.34,4629.3,North,Completed
ORD04184,2024-06-27,CUST0692,P0067,1,0.15,5933.02,4559.02,5043.07,484.05,North,Completed
ORD01795,2024-06-27,CUST0523,P0061,2,0.05,49224.25,33194.34,93526.08,27137.4,North,Completed
ORD03159,2024-06-27,CUST0165,P0049,2,0.1,56396.41,44202.58,101513.54,13108.38,West,Pending
ORD02800,2024-06-27,CUST0327,P0031,3,0.1,12553.48,9544.5,33894.4,5260.9,West,Completed
ORD08116,2024-06-27,CUST0288,P0038,2,0.1,25137.53,20080.78,45247.55,5085.99,South,Completed
ORD06701,2024-06-27,CUST0382,P0174,1,0.1,46343.47,28863.63,41709.12,12845.49,North,Pending
ORD05389,2024-06-27,CUST0245,P0038,1,0.05,25137.53,20080.78,23880.65,3799.87,North,Completed
ORD09604,2024-06-27,CUST0015,P0125,3,0.0,3155.85,2083.96,9467.55,3215.67,West,Completed
ORD07933,2024-06-27,CUST0734,P0053,2,0.05,422.63,329.18,803.0,144.64,South,Completed
ORD05267,2024-06-27,CUST0456,P0010,2,0.1,16072.59,10816.67,28930.66,7297.32,South,Cancelled
ORD00434,2024-06-27,CUST0444,P0146,1,0.1,11482.27,8693.26,10334.04,1640.78,South,Completed
ORD04125,2024-06-27,CUST0082,P0116,1,0.1,41570.44,24508.05,37413.4,12905.35,South,Completed
ORD00279,2024-06-27,CUST0101,P0066,3,0.15,15521.48,11472.78,39579.77,5161.43,East,Completed
ORD08703,2024-06-28,CUST0683,P0046,4,0.0,61902.8,37121.36,247611.2,99125.76,North,Completed
ORD02774,2024-06-28,CUST0683,P0126,1,0.0,41856.24,33581.85,41856.24,8274.39,North,Completed
ORD09013,2024-06-28,CUST0828,P0179,2,0.05,12818.17,8758.44,24354.52,6837.64,North,Completed
ORD00004,2024-06-28,CUST0556,P0015,1,0.1,18890.43,14292.88,17001.39,2708.51,North,Completed
ORD02904,2024-06-28,CUST0466,P0093,3,0.1,10189.0,5911.08,27510.3,9777.06,South,Completed
ORD05682,2024-06-28,CUST0122,P0059,1,0.05,1247.06,804.27,1184.71,380.44,East,Completed
ORD03126,2024-06-28,CUST0404,P0131,1,0.0,896.08,597.69,896.08,298.39,North,Completed
ORD07757,2024-06-28,CUST0758,P0103,1,0.1,585.19,454.75,526.67,71.92,West,Completed
ORD04740,2024-06-28,CUST0914,P0177,2,0.15,783.92,493.62,1332.66,345.42,East,Completed
ORD07174,2024-06-28,CUST0889,P0070,1,0.1,56679.56,41863.05,51011.6,9148.55,West,Completed
ORD04976,2024-06-28,CUST0912,P0041,3,0.15,4003.54,2383.24,10209.03,3059.31,East,Completed
ORD00177,2024-06-28,CUST0416,P0023,2,0.0,29957.89,23747.89,59915.78,12420.0,South,Completed
ORD03319,2024-06-28,CUST0420,P0004,2,0.0,20696.25,15931.27,41392.5,9529.96,South,Completed
ORD06603,2024-06-29,CUST0348,P0019,1,0.1,27844.42,18931.51,25059.98,6128.47,East,Completed
ORD06095,2024-06-29,CUST0417,P0097,5,0.15,11100.34,7751.47,47176.44,8419.09,North,Pending
ORD01912,2024-06-29,CUST0663,P0154,4,0.0,693.93,462.98,2775.72,923.8,North,Completed
ORD06305,2024-06-29,CUST0562,P0163,1,0.1,3768.33,3060.43,3391.5,331.07,West,Completed
ORD00383,2024-06-29,CUST0415,P0164,1,0.1,8324.94,6438.05,7492.45,1054.4,North,Completed
ORD09000,2024-06-29,CUST0036,P0131,2,0.2,896.08,597.69,1433.73,238.35,West,Completed
ORD05191,2024-06-29,CUST0022,P0103,1,0.1,585.19,454.75,526.67,71.92,West,Completed
ORD00305,2024-06-29,CUST0069,P0038,1,0.0,25137.53,20080.78,25137.53,5056.75,West,Cancelled
ORD07396,2024-06-29,CUST0661,P0172,1,0.05,53066.45,36105.87,50413.13,14307.26,North,Completed
ORD03755,2024-06-30,CUST0272,P0189,4,0.05,38312.77,25713.12,145588.53,42736.05,South,Completed
ORD06021,2024-06-30,CUST0187,P0127,1,0.05,37425.34,27064.21,35554.07,8489.86,North,Cancelled
ORD06944,2024-06-30,CUST0501,P0198,1,0.05,715.13,510.57,679.37,168.8,North,Completed
ORD07183,2024-06-30,CUST0302,P0175,3,0.05,791.76,614.23,2256.52,413.83,South,Completed
ORD01916,2024-06-30,CUST0433,P0125,3,0.0,3155.85,2083.96,9467.55,3215.67,South,Completed
ORD05171,2024-06-30,CUST0822,P0136,5,0.1,3029.54,2200.52,13632.93,2630.33,North,Completed
ORD05643,2024-06-30,CUST0643,P0053,1,0.0,422.63,329.18,422.63,93.45,South,Completed
ORD07132,2024-06-30,CUST0999,P0029,3,0.2,1310.65,844.84,3145.56,611.04,North,Completed
ORD04091,2024-07-01,CUST0866,P0047,3,0.1,1004.63,793.19,2712.5,332.93,West,Completed
ORD01685,2024-07-01,CUST0965,P0149,1,0.0,2427.19,1691.68,2427.19,735.51,North,Completed
ORD03192,2024-07-01,CUST0967,P0087,1,0.05,11879.48,8267.83,11285.51,3017.68,South,Completed
ORD08845,2024-07-01,CUST0171,P0045,4,0.0,2217.01,1355.93,8868.04,3444.32,South,Completed
ORD01009,2024-07-01,CUST0051,P0051,4,0.05,57445.48,35926.8,218292.82,74585.62,West,Completed
ORD01888,2024-07-01,CUST0992,P0116,1,0.0,41570.44,24508.05,41570.44,17062.39,East,Completed
ORD05697,2024-07-01,CUST0221,P0034,2,0.15,143.7,100.11,244.29,44.07,West,Completed
ORD06419,2024-07-01,CUST0620,P0199,1,0.1,404.58,321.41,364.12,42.71,North,Completed
ORD04615,2024-07-01,CUST0786,P0191,3,0.15,8442.75,6441.23,21529.01,2205.32,South,Completed
ORD08899,2024-07-01,CUST0045,P0124,1,0.1,38907.93,29071.02,35017.14,5946.12,South,Completed
ORD05359,2024-07-01,CUST0155,P0152,2,0.15,5896.48,4498.55,10024.02,1026.92,East,Completed
ORD04927,2024-07-01,CUST0033,P0054,5,0.0,34828.61,21081.63,174143.05,68734.9,North,Completed
ORD05595,2024-07-01,CUST0481,P0088,1,0.05,58121.47,37608.48,55215.4,17606.92,West,Completed
ORD03331,2024-07-01,CUST0470,P0015,1,0.05,18890.43,14292.88,17945.91,3653.03,West,Completed
ORD09012,2024-07-01,CUST0929,P0045,3,0.0,2217.01,1355.93,6651.03,2583.24,South,Pending
ORD00012,2024-07-01,CUST0657,P0194,3,0.15,13118.34,8489.04,33451.77,7984.65,South,Completed
ORD02995,2024-07-01,CUST0341,P0135,2,0.05,644.55,462.91,1224.64,298.82,West,Completed
ORD08947,2024-07-01,CUST0458,P0145,1,0.15,360.46,274.8,306.39,31.59,West,Completed
ORD04117,2024-07-02,CUST0122,P0097,3,0.1,11100.34,7751.47,29970.92,6716.51,East,Completed
ORD04616,2024-07-02,CUST0129,P0102,3,0.15,4149.23,2427.22,10580.54,3298.88,West,Pending
ORD06319,2024-07-02,CUST0178,P0043,2,0.1,528.82,390.77,951.88,170.34,West,Completed
ORD08963,2024-07-02,CUST0962,P0174,2,0.1,46343.47,28863.63,83418.25,25690.99,North,Completed
ORD08078,2024-07-02,CUST0134,P0033,1,0.05,54569.41,31985.14,51840.94,19855.8,East,Cancelled
ORD00229,2024-07-02,CUST0312,P0049,1,0.05,56396.41,44202.58,53576.59,9374.01,West,Completed
ORD08689,2024-07-02,CUST0209,P0094,1,0.1,77812.86,47690.34,70031.57,22341.23,West,Completed
ORD09888,2024-07-02,CUST0768,P0091,4,0.05,49350.46,32483.04,187531.75,57599.59,East,Completed
ORD01589,2024-07-02,CUST0673,P0129,3,0.1,43850.97,27932.89,118397.62,34598.95,South,Cancelled
ORD04915,2024-07-02,CUST0265,P0042,3,0.15,10683.47,6548.45,27242.85,7597.5,South,Completed
ORD08487,2024-07-02,CUST0771,P0019,2,0.1,27844.42,18931.51,50119.96,12256.94,West,Completed
ORD02337,2024-07-02,CUST0869,P0102,1,0.15,4149.23,2427.22,3526.85,1099.63,South,Completed
ORD00199,2024-07-02,CUST0487,P0195,3,0.05,15240.21,11813.53,43434.6,7994.01,North,Completed
ORD05656,2024-07-02,CUST0484,P0178,3,0.05,4042.35,3098.18,11520.7,2226.16,East,Completed
ORD08782,2024-07-03,CUST0065,P0127,2,0.0,37425.34,27064.21,74850.68,20722.26,South,Completed
ORD04925,2024-07-03,CUST0637,P0112,2,0.05,20043.19,13117.75,38082.06,11846.56,North,Completed
ORD01433,2024-07-03,CUST0649,P0051,1,0.0,57445.48,35926.8,57445.48,21518.68,East,Completed
ORD01618,2024-07-03,CUST0425,P0082,2,0.05,14583.87,9123.23,27709.35,9462.89,West,Completed
ORD09587,2024-07-03,CUST0422,P0140,2,0.05,12142.58,7367.6,23070.9,8335.7,West,Completed
ORD01648,2024-07-03,CUST0394,P0029,2,0.1,1310.65,844.84,2359.17,669.49,South,Completed
ORD00932,2024-07-03,CUST0092,P0099,1,0.1,908.9,743.94,818.01,74.07,West,Completed
ORD00392,2024-07-03,CUST0528,P0038,2,0.1,25137.53,20080.78,45247.55,5085.99,South,Completed
ORD07382,2024-07-03,CUST0478,P0079,2,0.0,409.51,310.64,819.02,197.74,West,Completed
ORD03091,2024-07-03,CUST0071,P0133,2,0.1,30154.78,21233.5,54278.6,11811.6,West,Completed
ORD05731,2024-07-03,CUST0249,P0160,2,0.05,680.29,502.6,1292.55,287.35,West,Completed
ORD06923,2024-07-03,CUST0330,P0011,1,0.0,50761.69,39171.65,50761.69,11590.04,West,Cancelled
ORD07602,2024-07-03,CUST0263,P0032,1,0.0,39614.35,24714.41,39614.35,14899.94,North,Cancelled
ORD02897,2024-07-03,CUST0449,P0038,3,0.0,25137.53,20080.78,75412.59,15170.25,North,Completed
ORD00903,2024-07-03,CUST0373,P0181,1,0.15,8670.4,5624.95,7369.84,1744.89,North,Completed
ORD02722,2024-07-03,CUST0158,P0175,2,0.1,791.76,614.23,1425.17,196.71,South,Pending
ORD09131,2024-07-04,CUST0868,P0023,1,0.05,29957.89,23747.89,28460.0,4712.11,South,Completed
ORD03268,2024-07-04,CUST0467,P0057,2,0.0,911.67,722.71,1823.34,377.92,West,Completed
ORD04216,2024-07-04,CUST0792,P0134,2,0.0,34117.69,25387.96,68235.38,17459.46,East,Completed
ORD05153,2024-07-04,CUST0104,P0143,1,0.0,56727.96,35563.32,56727.96,21164.64,West,Completed
ORD07966,2024-07-04,CUST0304,P0005,2,0.05,759.62,541.79,1443.28,359.7,West,Completed
ORD04910,2024-07-04,CUST0097,P0113,3,0.0,26426.25,19479.69,79278.75,20839.68,East,Completed
ORD00312,2024-07-04,CUST0785,P0124,2,0.1,38907.93,29071.02,70034.27,11892.23,East,Completed
ORD07892,2024-07-04,CUST0582,P0053,1,0.1,422.63,329.18,380.37,51.19,West,Completed
ORD05052,2024-07-04,CUST0171,P0102,4,0.1,4149.23,2427.22,14937.23,5228.35,South,Completed
ORD00662,2024-07-04,CUST0594,P0173,1,0.15,4259.82,3133.66,3620.85,487.19,West,Completed
ORD08088,2024-07-04,CUST0586,P0108,1,0.15,673.74,534.39,572.68,38.29,North,Cancelled
ORD07475,2024-07-04,CUST0260,P0020,1,0.0,14020.39,10682.55,14020.39,3337.84,East,Completed
ORD06288,2024-07-04,CUST0019,P0144,1,0.1,501.46,362.98,451.31,88.33,West,Completed
ORD00638,2024-07-04,CUST0679,P0045,1,0.15,2217.01,1355.93,1884.46,528.53,East,Completed
ORD04415,2024-07-04,CUST0061,P0015,1,0.1,18890.43,14292.88,17001.39,2708.51,West,Completed
ORD03377,2024-07-04,CUST0735,P0025,1,0.0,49570.32,37427.29,49570.32,12143.03,West,Completed
ORD01386,2024-07-04,CUST0157,P0125,1,0.15,3155.85,2083.96,2682.47,598.51,South,Completed
ORD02532,2024-07-04,CUST0130,P0030,2,0.2,23508.75,18216.9,37614.0,1180.2,North,Completed
ORD07688,2024-07-04,CUST0621,P0126,3,0.1,41856.24,33581.85,113011.85,12266.3,West,Completed
ORD04632,2024-07-04,CUST0100,P0142,2,0.1,4782.08,3282.92,8607.74,2041.9,North,Completed
ORD08039,2024-07-04,CUST0003,P0148,2,0.0,15484.78,9786.06,30969.56,11397.44,West,Completed
ORD04071,2024-07-04,CUST0436,P0052,4,0.05,7440.54,4865.29,28274.05,8812.89,South,Completed
ORD09376,2024-07-04,CUST0910,P0146,1,0.05,11482.27,8693.26,10908.16,2214.9,North,Completed
ORD00210,2024-07-05,CUST0336,P0013,1,0.1,8923.66,6594.73,8031.29,1436.56,North,Completed
ORD04163,2024-07-05,CUST0520,P0145,2,0.2,360.46,274.8,576.74,27.14,East,Completed
ORD07192,2024-07-05,CUST0308,P0141,4,0.1,1748.75,1100.65,6295.5,1892.9,West,Completed
ORD03994,2024-07-05,CUST0549,P0189,1,0.05,38312.77,25713.12,36397.13,10684.01,South,Cancelled
ORD00095,2024-07-05,CUST0525,P0123,1,0.15,77212.89,61788.48,65630.96,3842.48,North,Completed
ORD00853,2024-07-05,CUST0712,P0034,1,0.05,143.7,100.11,136.51,36.4,West,Completed
ORD02643,2024-07-05,CUST0518,P0070,1,0.0,56679.56,41863.05,56679.56,14816.51,North,Completed
ORD06904,2024-07-05,CUST0065,P0077,1,0.15,50047.7,37709.36,42540.54,4831.18,South,Completed
ORD05415,2024-07-05,CUST0320,P0021,1,0.0,6878.25,5112.71,6878.25,1765.54,West,Completed
ORD01904,2024-07-06,CUST0453,P0031,4,0.15,12553.48,9544.5,42681.83,4503.83,East,Completed
ORD09188,2024-07-06,CUST0272,P0112,1,0.0,20043.19,13117.75,20043.19,6925.44,South,Completed
ORD00424,2024-07-06,CUST0042,P0136,1,0.05,3029.54,2200.52,2878.06,677.54,South,Completed
ORD00174,2024-07-06,CUST0775,P0072,3,0.1,28334.52,18780.23,76503.2,20162.51,South,Completed
ORD04642,2024-07-06,CUST0918,P0099,1,0.1,908.9,743.94,818.01,74.07,West,Completed
ORD01490,2024-07-06,CUST0071,P0065,5,0.1,21598.4,14583.7,97192.8,24274.3,West,Completed
ORD05696,2024-07-06,CUST0197,P0194,1,0.1,13118.34,8489.04,11806.51,3317.47,East,Completed
ORD07543,2024-07-06,CUST0272,P0072,2,0.05,28334.52,18780.23,53835.59,16275.13,South,Completed
ORD09111,2024-07-06,CUST0395,P0061,4,0.15,49224.25,33194.34,167362.45,34585.09,North,Completed
ORD01175,2024-07-07,CUST0599,P0115,1,0.05,9526.21,7338.52,9049.9,1711.38,West,Completed
ORD09340,2024-07-07,CUST0503,P0138,2,0.05,30903.45,21958.56,58716.56,14799.44,South,Completed
ORD01714,2024-07-07,CUST0554,P0199,4,0.2,404.58,321.41,1294.66,9.02,North,Completed
ORD07018,2024-07-07,CUST0887,P0078,1,0.15,66750.32,43644.61,56737.77,13093.16,North,Completed
ORD03585,2024-07-07,CUST0019,P0126,2,0.0,41856.24,33581.85,83712.48,16548.78,West,Completed
ORD05044,2024-07-07,CUST0948,P0165,2,0.15,728.57,514.38,1238.57,209.81,South,Completed
ORD04504,2024-07-07,CUST0427,P0075,5,0.05,6740.18,4364.5,32015.86,10193.36,North,Completed
ORD08564,2024-07-07,CUST0878,P0006,1,0.1,51610.25,30768.51,46449.22,15680.71,North,Completed
ORD07245,2024-07-07,CUST0342,P0016,5,0.1,20196.29,11952.43,90883.3,31121.15,South,Completed
ORD03394,2024-07-07,CUST0320,P0097,1,0.1,11100.34,7751.47,9990.31,2238.84,West,Completed
ORD02671,2024-07-07,CUST0582,P0172,1,0.1,53066.45,36105.87,47759.8,11653.93,West,Completed
ORD00832,2024-07-07,CUST0057,P0175,1,0.05,791.76,614.23,752.17,137.94,West,Completed
ORD09026,2024-07-07,CUST0376,P0153,1,0.05,318.53,240.18,302.6,62.42,West,Completed
ORD09589,2024-07-07,CUST0924,P0132,3,0.1,235.21,163.03,635.07,145.98,South,Completed
ORD07456,2024-07-07,CUST0653,P0182,2,0.0,15590.28,12172.38,31180.56,6835.8,West,Completed
ORD02334,2024-07-08,CUST0798,P0045,1,0.1,2217.01,1355.93,1995.31,639.38,North,Completed
ORD06426,2024-07-08,CUST0586,P0115,2,0.1,9526.21,7338.52,17147.18,2470.14,North,Completed
ORD05688,2024-07-08,CUST0841,P0112,3,0.0,20043.19,13117.75,60129.57,20776.32,East,Completed
ORD04587,2024-07-08,CUST0338,P0078,1,0.1,66750.32,43644.61,60075.29,16430.68,North,Completed
ORD03495,2024-07-08,CUST0477,P0104,1,0.1,22437.82,18159.1,20194.04,2034.94,East,Completed
ORD05577,2024-07-08,CUST0481,P0091,1,0.05,49350.46,32483.04,46882.94,14399.9,West,Completed
ORD05408,2024-07-08,CUST0703,P0045,5,0.1,2217.01,1355.93,9976.55,3196.9,North,Completed
ORD03148,2024-07-08,CUST0706,P0055,1,0.0,6422.29,4812.56,6422.29,1609.73,East,Cancelled
ORD00971,2024-07-08,CUST0894,P0182,3,0.2,15590.28,12172.38,37416.67,899.53,South,Completed
ORD07853,2024-07-08,CUST0358,P0021,1,0.05,6878.25,5112.71,6534.34,1421.63,North,Cancelled
ORD00449,2024-07-08,CUST0145,P0191,1,0.1,8442.75,6441.23,7598.48,1157.25,South,Completed
ORD01082,2024-07-08,CUST0486,P0173,2,0.05,4259.82,3133.66,8093.66,1826.34,West,Completed
ORD02494,2024-07-08,CUST0415,P0153,5,0.15,318.53,240.18,1353.75,152.85,North,Completed
ORD03871,2024-07-08,CUST0257,P0149,2,0.15,2427.19,1691.68,4126.22,742.86,East,Completed
ORD06587,2024-07-08,CUST0984,P0107,2,0.1,72638.94,50890.24,130750.09,28969.61,West,Completed
ORD07127,2024-07-09,CUST0117,P0094,2,0.05,77812.86,47690.34,147844.43,52463.75,South,Completed
ORD04882,2024-07-09,CUST0011,P0050,2,0.15,8890.7,6907.47,15114.19,1299.25,North,Completed
ORD09756,2024-07-09,CUST0077,P0139,1,0.1,26827.4,18117.75,24144.66,6026.91,East,Completed
ORD03097,2024-07-09,CUST0600,P0149,2,0.1,2427.19,1691.68,4368.94,985.58,East,Completed
ORD07370,2024-07-09,CUST0503,P0074,2,0.1,40981.75,23771.65,73767.15,26223.85,South,Completed
ORD01951,2024-07-09,CUST0995,P0012,1,0.0,4072.78,2687.49,4072.78,1385.29,East,Completed
ORD04815,2024-07-09,CUST0815,P0030,1,0.05,23508.75,18216.9,22333.31,4116.41,South,Completed
ORD01076,2024-07-09,CUST0456,P0162,1,0.05,46811.03,27452.25,44470.48,17018.23,South,Pending
ORD07560,2024-07-10,CUST0226,P0013,1,0.1,8923.66,6594.73,8031.29,1436.56,East,Completed
ORD06907,2024-07-10,CUST0794,P0139,2,0.1,26827.4,18117.75,48289.32,12053.82,West,Completed
ORD07326,2024-07-10,CUST0172,P0109,2,0.15,17118.52,11998.2,29101.48,5105.08,South,Pending
ORD07941,2024-07-10,CUST0205,P0167,1,0.1,7469.0,4701.25,6722.1,2020.85,North,Completed
ORD00412,2024-07-10,CUST0007,P0026,2,0.1,53440.86,40308.66,96193.55,15576.23,South,Cancelled
ORD09791,2024-07-10,CUST0578,P0100,2,0.05,36262.87,22462.27,68899.45,23974.91,South,Completed
ORD09229,2024-07-10,CUST0891,P0050,2,0.0,8890.7,6907.47,17781.4,3966.46,West,Completed
ORD06205,2024-07-10,CUST0626,P0043,1,0.05,528.82,390.77,502.38,111.61,South,Completed
ORD07533,2024-07-10,CUST0241,P0182,2,0.0,15590.28,12172.38,31180.56,6835.8,South,Completed
ORD09092,2024-07-10,CUST0573,P0108,1,0.05,673.74,534.39,640.05,105.66,North,Completed
ORD02394,2024-07-10,CUST0754,P0150,2,0.1,53462.03,36715.83,96231.65,22799.99,South,Completed
ORD09203,2024-07-10,CUST0520,P0142,2,0.05,4782.08,3282.92,9085.95,2520.11,East,Completed
ORD04038,2024-07-10,CUST0919,P0199,3,0.0,404.58,321.41,1213.74,249.51,East,Completed
ORD07155,2024-07-11,CUST0756,P0044,1,0.1,59463.82,38619.72,53517.44,14897.72,North,Completed
ORD09309,2024-07-11,CUST0349,P0110,1,0.05,30098.59,20298.4,28593.66,8295.26,South,Completed
ORD06855,2024-07-11,CUST0707,P0101,2,0.0,51632.3,38843.18,103264.6,25578.24,East,Completed
ORD03785,2024-07-11,CUST0083,P0019,2,0.0,27844.42,18931.51,55688.84,17825.82,North,Completed
ORD07680,2024-07-11,CUST0132,P0036,3,0.15,1008.83,797.09,2572.52,181.25,South,Completed
ORD04044,2024-07-11,CUST0365,P0111,1,0.1,32818.12,23699.05,29536.31,5837.26,North,Completed
ORD01997,2024-07-11,CUST0934,P0089,1,0.05,74892.61,50603.0,71147.98,20544.98,East,Completed
ORD05139,2024-07-11,CUST0365,P0073,1,0.05,15561.42,10813.46,14783.35,3969.89,North,Completed
ORD06412,2024-07-11,CUST0368,P0168,5,0.1,1780.85,1042.33,8013.82,2802.17,North,Completed
ORD01089,2024-07-11,CUST0248,P0135,1,0.0,644.55,462.91,644.55,181.64,East,Completed
ORD08693,2024-07-11,CUST0911,P0127,1,0.0,37425.34,27064.21,37425.34,10361.13,West,Completed
ORD07399,2024-07-11,CUST0689,P0158,2,0.2,33125.35,22293.09,53000.56,8414.38,East,Completed
ORD01216,2024-07-11,CUST1000,P0153,1,0.05,318.53,240.18,302.6,62.42,East,Completed
ORD00775,2024-07-12,CUST0324,P0081,1,0.0,11112.68,6733.47,11112.68,4379.21,East,Completed
ORD09449,2024-07-12,CUST0080,P0125,1,0.0,3155.85,2083.96,3155.85,1071.89,West,Completed
ORD00230,2024-07-12,CUST0099,P0078,1,0.1,66750.32,43644.61,60075.29,16430.68,South,Completed
ORD09707,2024-07-12,CUST0763,P0190,2,0.15,2296.71,1653.27,3904.41,597.87,South,Completed
ORD02834,2024-07-12,CUST0527,P0157,1,0.1,1290.11,764.14,1161.1,396.96,East,Completed
ORD01869,2024-07-12,CUST0551,P0161,4,0.05,36827.84,23163.81,139945.79,47290.55,North,Completed
ORD02390,2024-07-12,CUST0137,P0044,2,0.0,59463.82,38619.72,118927.64,41688.2,East,Completed
ORD08655,2024-07-12,CUST0465,P0162,1,0.1,46811.03,27452.25,42129.93,14677.68,West,Completed
ORD06279,2024-07-12,CUST0649,P0120,1,0.15,57866.38,42176.37,49186.42,7010.05,East,Completed
ORD08934,2024-07-12,CUST0379,P0027,3,0.1,20926.64,14284.36,56501.93,13648.85,North,Completed
ORD09562,2024-07-12,CUST0179,P0122,3,0.05,17942.76,13133.8,51136.87,11735.47,West,Completed
ORD02621,2024-07-12,CUST0861,P0176,2,0.0,9388.62,6512.18,18777.24,5752.88,North,Pending
ORD05551,2024-07-12,CUST0409,P0043,1,0.05,528.82,390.77,502.38,111.61,East,Completed
ORD02676,2024-07-12,CUST0314,P0097,3,0.05,11100.34,7751.47,31635.97,8381.56,East,Cancelled
ORD00605,2024-07-12,CUST0265,P0038,1,0.1,25137.53,20080.78,22623.78,2543.0,South,Completed
ORD05993,2024-07-13,CUST0446,P0125,1,0.05,3155.85,2083.96,2998.06,914.1,South,Completed
ORD04232,2024-07-13,CUST0329,P0088,1,0.05,58121.47,37608.48,55215.4,17606.92,North,Completed
ORD03185,2024-07-13,CUST0634,P0136,1,0.1,3029.54,2200.52,2726.59,526.07,West,Completed
ORD00515,2024-07-13,CUST0323,P0151,1,0.1,5830.9,4665.5,5247.81,582.31,East,Pending
ORD09616,2024-07-13,CUST0895,P0083,1,0.2,374.27,289.15,299.42,10.27,East,Completed
ORD08183,2024-07-13,CUST0789,P0033,2,0.1,54569.41,31985.14,98224.94,34254.66,South,Completed
ORD00663,2024-07-13,CUST0389,P0137,3,0.05,3327.18,2091.19,9482.46,3208.89,East,Completed
ORD01347,2024-07-13,CUST0594,P0172,2,0.05,53066.45,36105.87,100826.25,28614.51,West,Completed
ORD05059,2024-07-13,CUST0260,P0170,2,0.2,750.66,462.97,1201.06,275.12,East,Completed
ORD04855,2024-07-13,CUST0740,P0008,1,0.2,68633.55,51583.32,54906.84,3323.52,East,Completed
ORD00234,2024-07-14,CUST0226,P0122,2,0.0,17942.76,13133.8,35885.52,9617.92,East,Completed
ORD05641,2024-07-14,CUST0367,P0161,1,0.0,36827.84,23163.81,36827.84,13664.03,North,Completed
ORD01199,2024-07-14,CUST0331,P0114,1,0.0,16683.02,10299.86,16683.02,6383.16,West,Completed
ORD00807,2024-07-14,CUST0474,P0091,3,0.1,49350.46,32483.04,133246.24,35797.12,North,Completed
ORD08868,2024-07-14,CUST0727,P0054,2,0.1,34828.61,21081.63,62691.5,20528.24,East,Completed
ORD05498,2024-07-14,CUST0902,P0003,1,0.1,15581.84,9713.54,14023.66,4310.12,South,Completed
ORD02850,2024-07-14,CUST0636,P0133,2,0.05,30154.78,21233.5,57294.08,14827.08,West,Completed
ORD02387,2024-07-14,CUST0569,P0027,1,0.1,20926.64,14284.36,18833.98,4549.62,West,Pending
ORD09578,2024-07-14,CUST0723,P0164,1,0.0,8324.94,6438.05,8324.94,1886.89,West,Completed
ORD08880,2024-07-15,CUST0196,P0111,2,0.1,32818.12,23699.05,59072.62,11674.52,East,Completed
ORD02064,2024-07-15,CUST0959,P0112,4,0.05,20043.19,13117.75,76164.12,23693.12,East,Completed
ORD07956,2024-07-15,CUST0430,P0098,2,0.1,15055.62,11767.46,27100.12,3565.2,North,Completed
ORD02652,2024-07-15,CUST0249,P0141,1,0.0,1748.75,1100.65,1748.75,648.1,West,Completed
ORD00472,2024-07-15,CUST0804,P0051,2,0.05,57445.48,35926.8,109146.41,37292.81,North,Completed
ORD05099,2024-07-15,CUST0353,P0097,2,0.05,11100.34,7751.47,21090.65,5587.71,East,Completed
ORD04715,2024-07-15,CUST0433,P0141,1,0.05,1748.75,1100.65,1661.31,560.66,South,Completed
ORD05490,2024-07-15,CUST0110,P0073,1,0.0,15561.42,10813.46,15561.42,4747.96,West,Pending
ORD07701,2024-07-15,CUST0719,P0056,1,0.0,312.97,191.98,312.97,120.99,West,Completed
ORD05616,2024-07-15,CUST0151,P0199,2,0.0,404.58,321.41,809.16,166.34,North,Completed
ORD05592,2024-07-15,CUST0757,P0126,2,0.15,41856.24,33581.85,71155.61,3991.91,West,Completed
ORD08566,2024-07-15,CUST0930,P0025,3,0.0,49570.32,37427.29,148710.96,36429.09,West,Completed
ORD05033,2024-07-15,CUST0640,P0018,1,0.0,4596.19,2818.15,4596.19,1778.04,West,Completed
ORD01068,2024-07-15,CUST0678,P0113,4,0.05,26426.25,19479.69,100419.75,22500.99,East,Completed
ORD06478,2024-07-16,CUST0423,P0177,3,0.05,783.92,493.62,2234.17,753.31,West,Completed
ORD09817,2024-07-16,CUST0409,P0089,1,0.05,74892.61,50603.0,71147.98,20544.98,East,Completed
ORD09638,2024-07-16,CUST0103,P0055,3,0.05,6422.29,4812.56,18303.53,3865.85,South,Cancelled
ORD03763,2024-07-16,CUST0131,P0052,3,0.1,7440.54,4865.29,20089.46,5493.59,North,Completed
ORD09699,2024-07-16,CUST0987,P0054,1,0.0,34828.61,21081.63,34828.61,13746.98,North,Completed
ORD01227,2024-07-17,CUST0779,P0077,2,0.1,50047.7,37709.36,90085.86,14667.14,North,Completed
ORD03114,2024-07-17,CUST0467,P0111,2,0.1,32818.12,23699.05,59072.62,11674.52,West,Completed
ORD06259,2024-07-17,CUST0304,P0098,4,0.05,15055.62,11767.46,57211.36,10141.52,West,Completed
ORD07050,2024-07-17,CUST0579,P0129,3,0.05,43850.97,27932.89,124975.26,41176.59,North,Completed
ORD05198,2024-07-17,CUST0695,P0082,2,0.05,14583.87,9123.23,27709.35,9462.89,North,Completed
ORD07265,2024-07-17,CUST0565,P0116,1,0.2,41570.44,24508.05,33256.35,8748.3,West,Completed
ORD06313,2024-07-17,CUST0140,P0177,2,0.15,783.92,493.62,1332.66,345.42,South,Completed
ORD06322,2024-07-17,CUST0871,P0100,1,0.05,36262.87,22462.27,34449.73,11987.46,East,Completed
ORD04736,2024-07-17,CUST0701,P0125,1,0.0,3155.85,2083.96,3155.85,1071.89,West,Completed
ORD03286,2024-07-17,CUST0506,P0180,3,0.05,23838.69,16889.32,67940.27,17272.31,North,Completed
ORD04737,2024-07-17,CUST0663,P0005,1,0.0,759.62,541.79,759.62,217.83,North,Completed
ORD09378,2024-07-17,CUST0456,P0182,1,0.15,15590.28,12172.38,13251.74,1079.36,South,Completed
ORD06839,2024-07-17,CUST0647,P0075,1,0.0,6740.18,4364.5,6740.18,2375.68,East,Pending
ORD01937,2024-07-17,CUST0750,P0068,5,0.05,41326.98,32432.51,196303.16,34140.61,East,Completed
ORD00992,2024-07-17,CUST0111,P0052,2,0.15,7440.54,4865.29,12648.92,2918.34,North,Completed
ORD09749,2024-07-17,CUST0419,P0186,2,0.0,36288.91,28203.52,72577.82,16170.78,North,Completed
ORD06156,2024-07-17,CUST0282,P0103,3,0.05,585.19,454.75,1667.79,303.54,West,Completed
ORD03100,2024-07-17,CUST0084,P0131,2,0.15,896.08,597.69,1523.34,327.96,West,Completed
ORD04963,2024-07-17,CUST0495,P0200,1,0.05,37954.59,28614.99,36056.86,7441.87,North,Completed
ORD04543,2024-07-18,CUST0047,P0128,2,0.05,7160.91,4568.96,13605.73,4467.81,East,Completed
ORD05258,2024-07-18,CUST0345,P0041,1,0.1,4003.54,2383.24,3603.19,1219.95,North,Completed
ORD05976,2024-07-18,CUST0793,P0061,2,0.05,49224.25,33194.34,93526.08,27137.4,South,Completed
ORD01155,2024-07-18,CUST0885,P0010,1,0.0,16072.59,10816.67,16072.59,5255.92,North,Completed
ORD02057,2024-07-18,CUST0086,P0029,3,0.2,1310.65,844.84,3145.56,611.04,West,Completed
ORD05853,2024-07-18,CUST0180,P0187,3,0.1,184.91,120.68,499.26,137.22,East,Completed
ORD02534,2024-07-18,CUST0415,P0073,3,0.15,15561.42,10813.46,39681.62,7241.24,North,Completed
ORD01305,2024-07-18,CUST0066,P0093,1,0.15,10189.0,5911.08,8660.65,2749.57,West,Completed
ORD03977,2024-07-18,CUST0940,P0028,1,0.0,1126.53,825.36,1126.53,301.17,West,Completed
ORD09489,2024-07-19,CUST0249,P0150,1,0.15,53462.03,36715.83,45442.73,8726.9,West,Completed
ORD06806,2024-07-19,CUST0919,P0180,2,0.1,23838.69,16889.32,42909.64,9131.0,East,Cancelled
ORD04403,2024-07-19,CUST0204,P0065,1,0.1,21598.4,14583.7,19438.56,4854.86,North,Completed
ORD00648,2024-07-19,CUST0839,P0179,1,0.0,12818.17,8758.44,12818.17,4059.73,North,Completed
ORD05466,2024-07-19,CUST0428,P0096,5,0.15,22714.55,15565.72,96536.84,18708.24,East,Completed
ORD01351,2024-07-19,CUST0541,P0052,1,0.0,7440.54,4865.29,7440.54,2575.25,South,Completed
ORD00936,2024-07-19,CUST0660,P0015,1,0.0,18890.43,14292.88,18890.43,4597.55,North,Completed
ORD08957,2024-07-19,CUST0931,P0093,4,0.0,10189.0,5911.08,40756.0,17111.68,West,Pending
ORD09333,2024-07-19,CUST0278,P0184,2,0.0,20719.38,13335.4,41438.76,14767.96,West,Completed
ORD08792,2024-07-19,CUST0865,P0048,1,0.1,1114.29,876.19,1002.86,126.67,South,Completed
ORD02986,2024-07-19,CUST0462,P0012,1,0.15,4072.78,2687.49,3461.86,774.37,North,Completed
ORD03403,2024-07-19,CUST0315,P0092,2,0.05,41737.72,32410.53,79301.67,14480.61,East,Completed
ORD02097,2024-07-19,CUST0883,P0157,1,0.05,1290.11,764.14,1225.6,461.46,East,Completed
ORD09712,2024-07-19,CUST0599,P0095,3,0.05,9513.49,6495.4,27113.45,7627.25,West,Pending
ORD04388,2024-07-20,CUST0247,P0002,5,0.05,6203.85,4038.58,29468.29,9275.39,East,Completed
ORD06369,2024-07-20,CUST0933,P0113,1,0.1,26426.25,19479.69,23783.62,4303.93,South,Completed
ORD05555,2024-07-20,CUST0303,P0063,2,0.05,12786.65,8472.2,24294.64,7350.24,West,Completed
ORD05568,2024-07-20,CUST0713,P0009,2,0.0,724.93,490.11,1449.86,469.64,West,Completed
ORD09522,2024-07-20,CUST0161,P0149,1,0.1,2427.19,1691.68,2184.47,492.79,North,Completed
ORD02244,2024-07-20,CUST0993,P0013,1,0.0,8923.66,6594.73,8923.66,2328.93,South,Completed
ORD06300,2024-07-20,CUST0908,P0030,3,0.05,23508.75,18216.9,66999.94,12349.24,East,Completed
ORD07949,2024-07-20,CUST0916,P0099,2,0.0,908.9,743.94,1817.8,329.92,East,Completed
ORD05884,2024-07-20,CUST0892,P0113,5,0.1,26426.25,19479.69,118918.12,21519.67,South,Completed
ORD06822,2024-07-20,CUST0234,P0118,4,0.0,36939.5,23012.67,147758.0,55707.32,South,Completed
ORD01814,2024-07-20,CUST0255,P0097,2,0.05,11100.34,7751.47,21090.65,5587.71,South,Completed
ORD02979,2024-07-20,CUST0627,P0127,5,0.05,37425.34,27064.21,177770.36,42449.31,West,Completed
ORD00727,2024-07-20,CUST0894,P0065,2,0.2,21598.4,14583.7,34557.44,5390.04,South,Completed
ORD08985,2024-07-20,CUST0975,P0160,2,0.05,680.29,502.6,1292.55,287.35,North,Completed
ORD08728,2024-07-21,CUST0091,P0111,5,0.05,32818.12,23699.05,155886.07,37390.82,North,Completed
ORD09004,2024-07-21,CUST0728,P0135,2,0.1,644.55,462.91,1160.19,234.37,West,Completed
ORD05080,2024-07-21,CUST0213,P0079,2,0.1,409.51,310.64,737.12,115.84,North,Completed
ORD04858,2024-07-21,CUST0977,P0051,2,0.05,57445.48,35926.8,109146.41,37292.81,East,Completed
ORD08630,2024-07-21,CUST0956,P0059,5,0.1,1247.06,804.27,5611.77,1590.42,West,Completed
ORD08496,2024-07-21,CUST0470,P0019,1,0.05,27844.42,18931.51,26452.2,7520.69,West,Completed
ORD01459,2024-07-21,CUST0300,P0033,2,0.15,54569.41,31985.14,92768.0,28797.72,North,Completed
ORD06938,2024-07-21,CUST0652,P0145,1,0.05,360.46,274.8,342.44,67.64,North,Completed
ORD04730,2024-07-21,CUST0956,P0038,3,0.1,25137.53,20080.78,67871.33,7628.99,West,Completed
ORD05860,2024-07-21,CUST0952,P0002,2,0.2,6203.85,4038.58,9926.16,1849.0,East,Completed
ORD03654,2024-07-21,CUST0442,P0142,3,0.05,4782.08,3282.92,13628.93,3780.17,South,Completed
ORD01986,2024-07-21,CUST0809,P0086,1,0.05,519.82,398.56,493.83,95.27,North,Completed
ORD06340,2024-07-21,CUST0707,P0125,2,0.15,3155.85,2083.96,5364.94,1197.02,East,Completed
ORD09156,2024-07-21,CUST0172,P0186,2,0.1,36288.91,28203.52,65320.04,8913.0,South,Completed
ORD04277,2024-07-21,CUST0676,P0123,1,0.2,77212.89,61788.48,61770.31,-18.17,South,Completed
ORD08427,2024-07-22,CUST0688,P0188,2,0.1,5272.37,3130.49,9490.27,3229.29,West,Completed
ORD06498,2024-07-22,CUST0364,P0137,1,0.0,3327.18,2091.19,3327.18,1235.99,North,Cancelled
ORD09876,2024-07-22,CUST0941,P0187,4,0.1,184.91,120.68,665.68,182.96,South,Completed
ORD06217,2024-07-22,CUST0485,P0165,3,0.05,728.57,514.38,2076.42,533.28,South,Completed
ORD05361,2024-07-22,CUST0922,P0110,1,0.0,30098.59,20298.4,30098.59,9800.19,West,Completed
ORD08031,2024-07-22,CUST0901,P0111,2,0.1,32818.12,23699.05,59072.62,11674.52,North,Completed
ORD05026,2024-07-22,CUST0138,P0173,5,0.05,4259.82,3133.66,20234.14,4565.84,West,Completed
ORD09612,2024-07-22,CUST0162,P0167,1,0.0,7469.0,4701.25,7469.0,2767.75,West,Completed
ORD04431,2024-07-22,CUST0080,P0001,1,0.1,796.95,617.19,717.26,100.07,West,Completed
ORD01516,2024-07-22,CUST0658,P0055,5,0.1,6422.29,4812.56,28900.3,4837.5,North,Cancelled
ORD00735,2024-07-22,CUST0416,P0086,5,0.0,519.82,398.56,2599.1,606.3,South,Completed
ORD08811,2024-07-22,CUST0474,P0186,1,0.1,36288.91,28203.52,32660.02,4456.5,North,Completed
ORD01232,2024-07-22,CUST0580,P0075,3,0.05,6740.18,4364.5,19209.51,6116.01,West,Completed
ORD05219,2024-07-22,CUST0571,P0063,1,0.1,12786.65,8472.2,11507.98,3035.78,West,Completed
ORD01196,2024-07-22,CUST0771,P0110,2,0.05,30098.59,20298.4,57187.32,16590.52,West,Completed
ORD06528,2024-07-23,CUST0743,P0127,2,0.1,37425.34,27064.21,67365.61,13237.19,North,Completed
ORD08635,2024-07-23,CUST0720,P0035,2,0.05,56932.8,34147.01,108172.32,39878.3,North,Completed
ORD02668,2024-07-23,CUST0844,P0177,1,0.1,783.92,493.62,705.53,211.91,West,Completed
ORD06589,2024-07-23,CUST0718,P0101,2,0.05,51632.3,38843.18,98101.37,20415.01,West,Completed
ORD03220,2024-07-23,CUST0723,P0193,1,0.1,8422.11,6102.6,7579.9,1477.3,West,Completed
ORD03779,2024-07-23,CUST0569,P0157,2,0.1,1290.11,764.14,2322.2,793.92,West,Completed
ORD00501,2024-07-23,CUST0710,P0144,2,0.0,501.46,362.98,1002.92,276.96,West,Completed
ORD03894,2024-07-23,CUST0400,P0181,4,0.1,8670.4,5624.95,31213.44,8713.64,West,Completed
ORD01747,2024-07-23,CUST0599,P0082,3,0.1,14583.87,9123.23,39376.45,12006.76,West,Pending
ORD05903,2024-07-24,CUST0097,P0169,1,0.0,12339.56,8305.1,12339.56,4034.46,East,Completed
ORD07010,2024-07-24,CUST0078,P0133,3,0.0,30154.78,21233.5,90464.34,26763.84,South,Cancelled
ORD03104,2024-07-24,CUST0839,P0177,2,0.0,783.92,493.62,1567.84,580.6,North,Completed
ORD03614,2024-07-24,CUST0648,P0018,2,0.0,4596.19,2818.15,9192.38,3556.08,West,Pending
ORD05839,2024-07-24,CUST0845,P0190,2,0.0,2296.71,1653.27,4593.42,1286.88,West,Completed
ORD02577,2024-07-24,CUST0480,P0159,3,0.0,54205.42,36083.24,162616.26,54366.54,West,Completed
ORD03818,2024-07-24,CUST0550,P0120,1,0.1,57866.38,42176.37,52079.74,9903.37,South,Completed
ORD08975,2024-07-24,CUST0221,P0120,1,0.0,57866.38,42176.37,57866.38,15690.01,West,Completed
ORD02419,2024-07-24,CUST0038,P0117,2,0.1,62915.52,50890.59,113247.94,11466.76,North,Completed
ORD07924,2024-07-24,CUST0300,P0115,2,0.2,9526.21,7338.52,15241.94,564.9,North,Completed
ORD06381,2024-07-24,CUST0574,P0083,2,0.15,374.27,289.15,636.26,57.96,East,Completed
ORD06814,2024-07-24,CUST0382,P0116,1,0.1,41570.44,24508.05,37413.4,12905.35,North,Pending
ORD06935,2024-07-24,CUST0462,P0084,2,0.0,52737.3,39276.81,105474.6,26920.98,North,Completed
ORD06444,2024-07-24,CUST0400,P0142,3,0.05,4782.08,3282.92,13628.93,3780.17,West,Completed
ORD02750,2024-07-24,CUST0996,P0184,2,0.1,20719.38,13335.4,37294.88,10624.08,South,Completed
ORD04150,2024-07-25,CUST0146,P0037,2,0.15,58358.81,45854.58,99209.98,7500.82,West,Completed
ORD04981,2024-07-25,CUST0657,P0073,3,0.2,15561.42,10813.46,37347.41,4907.03,South,Completed
ORD05280,2024-07-25,CUST0441,P0092,2,0.05,41737.72,32410.53,79301.67,14480.61,South,Completed
ORD09563,2024-07-25,CUST0047,P0120,4,0.0,57866.38,42176.37,231465.52,62760.04,East,Completed
ORD06145,2024-07-25,CUST0724,P0172,1,0.1,53066.45,36105.87,47759.8,11653.93,South,Pending
ORD05805,2024-07-25,CUST0879,P0059,2,0.1,1247.06,804.27,2244.71,636.17,East,Completed
ORD07436,2024-07-25,CUST0855,P0145,1,0.05,360.46,274.8,342.44,67.64,East,Completed
ORD08018,2024-07-25,CUST0700,P0022,1,0.15,68945.25,50670.94,58603.46,7932.52,West,Cancelled
ORD04083,2024-07-25,CUST0107,P0166,1,0.1,47059.67,34982.34,42353.7,7371.36,East,Completed
ORD04945,2024-07-25,CUST0025,P0185,1,0.1,76508.26,54062.35,68857.43,14795.08,South,Completed
ORD02520,2024-07-25,CUST0232,P0137,4,0.05,3327.18,2091.19,12643.28,4278.52,East,Completed
ORD07921,2024-07-25,CUST0816,P0119,2,0.0,11965.18,9132.35,23930.36,5665.66,East,Completed
ORD07990,2024-07-26,CUST0999,P0152,3,0.1,5896.48,4498.55,15920.5,2424.85,North,Completed
ORD03371,2024-07-26,CUST0513,P0023,1,0.1,29957.89,23747.89,26962.1,3214.21,North,Completed
ORD00281,2024-07-26,CUST0521,P0068,1,0.2,41326.98,32432.51,33061.58,629.07,North,Completed
ORD01492,2024-07-26,CUST0454,P0034,1,0.05,143.7,100.11,136.51,36.4,West,Completed
ORD02000,2024-07-26,CUST0966,P0178,1,0.0,4042.35,3098.18,4042.35,944.17,West,Completed
ORD06945,2024-07-26,CUST0253,P0158,3,0.05,33125.35,22293.09,94407.25,27527.98,South,Completed
ORD03267,2024-07-26,CUST0570,P0191,1,0.05,8442.75,6441.23,8020.61,1579.38,West,Completed
ORD09058,2024-07-26,CUST0014,P0110,1,0.05,30098.59,20298.4,28593.66,8295.26,East,Completed
ORD06702,2024-07-26,CUST0155,P0143,4,0.1,56727.96,35563.32,204220.66,61967.38,East,Completed
ORD08849,2024-07-26,CUST0826,P0140,1,0.1,12142.58,7367.6,10928.32,3560.72,West,Completed
ORD09324,2024-07-26,CUST0752,P0109,1,0.05,17118.52,11998.2,16262.59,4264.39,East,Completed
ORD09903,2024-07-26,CUST0383,P0025,1,0.05,49570.32,37427.29,47091.8,9664.51,North,Pending
ORD03549,2024-07-26,CUST0867,P0021,2,0.05,6878.25,5112.71,13068.68,2843.26,West,Completed
ORD06490,2024-07-26,CUST0927,P0013,1,0.0,8923.66,6594.73,8923.66,2328.93,South,Completed
ORD09352,2024-07-26,CUST0575,P0138,3,0.2,30903.45,21958.56,74168.28,8292.6,South,Pending
ORD00610,2024-07-27,CUST0419,P0191,2,0.1,8442.75,6441.23,15196.95,2314.49,North,Completed
ORD04080,2024-07-27,CUST0591,P0003,3,0.05,15581.84,9713.54,44408.24,15267.62,South,Completed
ORD09141,2024-07-27,CUST0275,P0031,1,0.1,12553.48,9544.5,11298.13,1753.63,East,Completed
ORD05753,2024-07-27,CUST0505,P0169,3,0.1,12339.56,8305.1,33316.81,8401.51,West,Completed
ORD08842,2024-07-27,CUST0134,P0088,4,0.1,58121.47,37608.48,209237.29,58803.37,East,Completed
ORD02013,2024-07-27,CUST0121,P0014,1,0.0,18597.52,13817.51,18597.52,4780.01,West,Completed
ORD00036,2024-07-27,CUST0352,P0043,2,0.05,528.82,390.77,1004.76,223.22,North,Cancelled
ORD02870,2024-07-27,CUST0669,P0195,3,0.1,15240.21,11813.53,41148.57,5707.98,West,Completed
ORD05907,2024-07-27,CUST0074,P0040,1,0.0,568.55,361.32,568.55,207.23,South,Completed
ORD06439,2024-07-27,CUST0857,P0012,3,0.0,4072.78,2687.49,12218.34,4155.87,South,Completed
ORD08308,2024-07-27,CUST0293,P0012,3,0.05,4072.78,2687.49,11607.42,3544.95,West,Completed
ORD01573,2024-07-27,CUST0538,P0008,1,0.1,68633.55,51583.32,61770.2,10186.88,North,Completed
ORD08965,2024-07-27,CUST0919,P0142,1,0.1,4782.08,3282.92,4303.87,1020.95,East,Completed
ORD04079,2024-07-27,CUST0192,P0187,2,0.05,184.91,120.68,351.33,109.97,North,Completed
ORD05865,2024-07-28,CUST0049,P0065,1,0.0,21598.4,14583.7,21598.4,7014.7,North,Completed
ORD03019,2024-07-28,CUST0805,P0139,1,0.2,26827.4,18117.75,21461.92,3344.17,West,Completed
ORD06647,2024-07-28,CUST0478,P0080,1,0.0,67342.32,40846.14,67342.32,26496.18,West,Completed
ORD05246,2024-07-28,CUST0588,P0167,1,0.05,7469.0,4701.25,7095.55,2394.3,South,Cancelled
ORD06457,2024-07-28,CUST0398,P0098,1,0.1,15055.62,11767.46,13550.06,1782.6,West,Completed
ORD06222,2024-07-28,CUST0983,P0145,1,0.05,360.46,274.8,342.44,67.64,South,Completed
ORD00398,2024-07-28,CUST0333,P0005,3,0.15,759.62,541.79,1937.03,311.66,East,Completed
ORD07392,2024-07-28,CUST0786,P0078,2,0.0,66750.32,43644.61,133500.64,46211.42,South,Cancelled
ORD02703,2024-07-28,CUST0967,P0149,1,0.1,2427.19,1691.68,2184.47,492.79,South,Completed
ORD00596,2024-07-28,CUST0344,P0033,4,0.05,54569.41,31985.14,207363.76,79423.2,East,Completed
ORD01711,2024-07-28,CUST0655,P0122,1,0.05,17942.76,13133.8,17045.62,3911.82,West,Completed
ORD00619,2024-07-28,CUST0433,P0098,1,0.0,15055.62,11767.46,15055.62,3288.16,South,Cancelled
ORD01324,2024-07-28,CUST0974,P0053,1,0.2,422.63,329.18,338.1,8.92,South,Completed
ORD01097,2024-07-28,CUST0605,P0044,1,0.0,59463.82,38619.72,59463.82,20844.1,West,Completed
ORD07943,2024-07-28,CUST0138,P0005,3,0.0,759.62,541.79,2278.86,653.49,West,Completed
ORD01678,2024-07-28,CUST0460,P0198,5,0.15,715.13,510.57,3039.3,486.45,East,Completed
ORD05728,2024-07-29,CUST0435,P0179,2,0.0,12818.17,8758.44,25636.34,8119.46,South,Completed
ORD07814,2024-07-29,CUST0911,P0018,1,0.05,4596.19,2818.15,4366.38,1548.23,West,Completed
ORD08236,2024-07-29,CUST0568,P0144,3,0.0,501.46,362.98,1504.38,415.44,West,Completed
ORD05824,2024-07-29,CUST0607,P0006,3,0.1,51610.25,30768.51,139347.68,47042.15,South,Completed
ORD00579,2024-07-29,CUST0196,P0003,1,0.05,15581.84,9713.54,14802.75,5089.21,East,Completed
ORD04860,2024-07-29,CUST0421,P0185,3,0.15,76508.26,54062.35,195096.06,32909.01,North,Completed
ORD07968,2024-07-29,CUST0027,P0084,2,0.1,52737.3,39276.81,94927.14,16373.52,South,Completed
ORD06174,2024-07-29,CUST0474,P0074,2,0.0,40981.75,23771.65,81963.5,34420.2,North,Completed
ORD06418,2024-07-29,CUST0418,P0153,2,0.0,318.53,240.18,637.06,156.7,South,Completed
ORD06976,2024-07-29,CUST0128,P0032,4,0.1,39614.35,24714.41,142611.66,43754.02,South,Completed
ORD03251,2024-07-29,CUST0505,P0074,2,0.15,40981.75,23771.65,69668.97,22125.67,West,Completed
ORD09224,2024-07-29,CUST0398,P0125,2,0.1,3155.85,2083.96,5680.53,1512.61,West,Completed
ORD05126,2024-07-29,CUST0330,P0077,3,0.15,50047.7,37709.36,127621.63,14493.55,West,Cancelled
ORD07445,2024-07-30,CUST0487,P0068,1,0.2,41326.98,32432.51,33061.58,629.07,North,Completed
ORD05427,2024-07-30,CUST0952,P0135,4,0.05,644.55,462.91,2449.29,597.65,East,Completed
ORD09497,2024-07-30,CUST0015,P0154,4,0.1,693.93,462.98,2498.15,646.23,West,Completed
ORD01590,2024-07-30,CUST0619,P0198,2,0.0,715.13,510.57,1430.26,409.12,West,Completed
ORD00546,2024-07-30,CUST0703,P0196,1,0.0,385.78,231.62,385.78,154.16,North,Completed
ORD08641,2024-07-30,CUST0301,P0070,1,0.0,56679.56,41863.05,56679.56,14816.51,North,Completed
ORD06590,2024-07-30,CUST0387,P0103,1,0.05,585.19,454.75,555.93,101.18,West,Completed
ORD03812,2024-07-30,CUST0924,P0057,4,0.15,911.67,722.71,3099.68,208.84,South,Completed
ORD02580,2024-07-30,CUST0109,P0061,4,0.0,49224.25,33194.34,196897.0,64119.64,South,Completed
ORD07275,2024-07-30,CUST0991,P0044,1,0.1,59463.82,38619.72,53517.44,14897.72,North,Completed
ORD02662,2024-07-30,CUST0756,P0149,1,0.05,2427.19,1691.68,2305.83,614.15,North,Completed
ORD00351,2024-07-30,CUST0728,P0072,1,0.1,28334.52,18780.23,25501.07,6720.84,West,Completed
ORD04302,2024-07-30,CUST0431,P0076,2,0.05,20055.1,12211.29,38104.69,13682.11,South,Completed
ORD03718,2024-07-30,CUST0199,P0173,2,0.05,4259.82,3133.66,8093.66,1826.34,North,Completed
ORD00245,2024-07-30,CUST0836,P0122,1,0.05,17942.76,13133.8,17045.62,3911.82,West,Pending
ORD02745,2024-07-31,CUST0379,P0132,1,0.0,235.21,163.03,235.21,72.18,North,Completed
ORD08824,2024-07-31,CUST0770,P0148,2,0.2,15484.78,9786.06,24775.65,5203.53,North,Completed
ORD09671,2024-07-31,CUST0614,P0127,2,0.1,37425.34,27064.21,67365.61,13237.19,East,Completed
ORD03764,2024-07-31,CUST0102,P0030,1,0.2,23508.75,18216.9,18807.0,590.1,South,Completed
ORD05874,2024-07-31,CUST0929,P0132,4,0.05,235.21,163.03,893.8,241.68,South,Completed
ORD00188,2024-07-31,CUST0620,P0053,1,0.0,422.63,329.18,422.63,93.45,North,Completed
ORD07228,2024-08-01,CUST0922,P0062,1,0.0,7214.7,5874.11,7214.7,1340.59,West,Completed
ORD04823,2024-08-01,CUST0167,P0050,2,0.0,8890.7,6907.47,17781.4,3966.46,South,Completed
ORD06871,2024-08-01,CUST0329,P0044,3,0.0,59463.82,38619.72,178391.46,62532.3,North,Completed
ORD04883,2024-08-01,CUST0344,P0164,2,0.15,8324.94,6438.05,14152.4,1276.3,East,Completed
ORD00251,2024-08-01,CUST0200,P0111,2,0.1,32818.12,23699.05,59072.62,11674.52,North,Completed
ORD00454,2024-08-01,CUST0479,P0072,3,0.0,28334.52,18780.23,85003.56,28662.87,North,Completed
ORD05125,2024-08-01,CUST0413,P0089,2,0.1,74892.61,50603.0,134806.7,33600.7,South,Completed
ORD06684,2024-08-01,CUST0172,P0105,2,0.1,17543.79,10886.17,31578.82,9806.48,South,Completed
ORD01549,2024-08-01,CUST0727,P0086,2,0.05,519.82,398.56,987.66,190.54,East,Completed
ORD09305,2024-08-01,CUST0874,P0193,1,0.2,8422.11,6102.6,6737.69,635.09,North,Completed
ORD00624,2024-08-01,CUST0379,P0043,2,0.0,528.82,390.77,1057.64,276.1,North,Completed
ORD08694,2024-08-01,CUST0519,P0185,1,0.0,76508.26,54062.35,76508.26,22445.91,North,Completed
ORD03734,2024-08-01,CUST0564,P0025,1,0.0,49570.32,37427.29,49570.32,12143.03,East,Completed
ORD08637,2024-08-01,CUST0563,P0081,2,0.05,11112.68,6733.47,21114.09,7647.15,West,Completed
ORD03130,2024-08-02,CUST0382,P0061,2,0.05,49224.25,33194.34,93526.08,27137.4,North,Completed
ORD05104,2024-08-02,CUST0983,P0002,1,0.1,6203.85,4038.58,5583.46,1544.88,South,Completed
ORD09056,2024-08-02,CUST0241,P0182,5,0.05,15590.28,12172.38,74053.83,13191.93,South,Completed
ORD07142,2024-08-02,CUST0856,P0119,5,0.0,11965.18,9132.35,59825.9,14164.15,West,Completed
ORD03914,2024-08-02,CUST0497,P0189,2,0.0,38312.77,25713.12,76625.54,25199.3,East,Completed
ORD07128,2024-08-02,CUST0739,P0114,3,0.1,16683.02,10299.86,45044.15,14144.57,North,Completed
ORD03916,2024-08-02,CUST0988,P0177,1,0.1,783.92,493.62,705.53,211.91,South,Completed
ORD07759,2024-08-02,CUST0777,P0161,3,0.05,36827.84,23163.81,104959.34,35467.91,South,Completed
ORD04140,2024-08-02,CUST0111,P0027,2,0.1,20926.64,14284.36,37667.95,9099.23,North,Completed
ORD03425,2024-08-02,CUST0215,P0097,1,0.1,11100.34,7751.47,9990.31,2238.84,North,Completed
ORD05717,2024-08-02,CUST0470,P0144,4,0.0,501.46,362.98,2005.84,553.92,West,Completed
ORD07239,2024-08-02,CUST0047,P0030,1,0.0,23508.75,18216.9,23508.75,5291.85,East,Completed
ORD06330,2024-08-02,CUST0972,P0140,3,0.05,12142.58,7367.6,34606.35,12503.55,West,Completed
ORD07786,2024-08-02,CUST0469,P0197,1,0.0,15133.72,11886.63,15133.72,3247.09,South,Completed
ORD05437,2024-08-03,CUST0813,P0009,4,0.05,724.93,490.11,2754.73,794.29,East,Completed
ORD05400,2024-08-03,CUST0432,P0131,2,0.15,896.08,597.69,1523.34,327.96,East,Completed
ORD04554,2024-08-03,CUST0619,P0149,2,0.1,2427.19,1691.68,4368.94,985.58,West,Completed
ORD01145,2024-08-03,CUST0647,P0183,2,0.0,66902.29,49511.88,133804.58,34780.82,East,Completed
ORD06775,2024-08-03,CUST0945,P0069,1,0.05,196.15,126.8,186.34,59.54,West,Completed
ORD03791,2024-08-03,CUST0111,P0180,1,0.05,23838.69,16889.32,22646.76,5757.44,North,Completed
ORD01406,2024-08-03,CUST0874,P0034,1,0.05,143.7,100.11,136.51,36.4,North,Completed
ORD07333,2024-08-03,CUST0007,P0064,1,0.0,20038.07,13846.76,20038.07,6191.31,South,Completed
ORD06065,2024-08-03,CUST0580,P0001,2,0.0,796.95,617.19,1593.9,359.52,West,Completed
ORD09619,2024-08-03,CUST0964,P0062,2,0.05,7214.7,5874.11,13707.93,1959.71,East,Completed
ORD01160,2024-08-03,CUST0426,P0015,2,0.15,18890.43,14292.88,32113.73,3527.97,East,Completed
ORD08353,2024-08-03,CUST0285,P0011,2,0.2,50761.69,39171.65,81218.7,2875.4,West,Completed
ORD00598,2024-08-03,CUST0611,P0096,1,0.0,22714.55,15565.72,22714.55,7148.83,West,Completed
ORD02818,2024-08-04,CUST0935,P0049,1,0.15,56396.41,44202.58,47936.95,3734.37,North,Completed
ORD04889,2024-08-04,CUST0342,P0121,4,0.0,975.23,645.82,3900.92,1317.64,South,Completed
ORD04142,2024-08-04,CUST0089,P0117,1,0.2,62915.52,50890.59,50332.42,-558.17,South,Completed
ORD04906,2024-08-04,CUST0427,P0119,4,0.05,11965.18,9132.35,45467.68,8938.28,North,Completed
ORD04571,2024-08-04,CUST0826,P0090,2,0.0,446.05,334.33,892.1,223.44,West,Completed
ORD02627,2024-08-04,CUST0444,P0134,4,0.1,34117.69,25387.96,122823.68,21271.84,South,Completed
ORD03705,2024-08-04,CUST0332,P0030,1,0.0,23508.75,18216.9,23508.75,5291.85,South,Completed
ORD07227,2024-08-04,CUST0884,P0081,3,0.05,11112.68,6733.47,31671.14,11470.73,North,Completed
ORD06372,2024-08-04,CUST0339,P0027,2,0.1,20926.64,14284.36,37667.95,9099.23,West,Completed
ORD05523,2024-08-04,CUST0163,P0120,1,0.1,57866.38,42176.37,52079.74,9903.37,East,Completed
ORD04050,2024-08-04,CUST0698,P0133,2,0.05,30154.78,21233.5,57294.08,14827.08,North,Completed
ORD02333,2024-08-04,CUST0339,P0174,1,0.0,46343.47,28863.63,46343.47,17479.84,West,Completed
ORD03981,2024-08-04,CUST0276,P0047,1,0.0,1004.63,793.19,1004.63,211.44,South,Completed
ORD06123,2024-08-04,CUST0779,P0182,1,0.0,15590.28,12172.38,15590.28,3417.9,North,Completed
ORD02397,2024-08-04,CUST0437,P0143,2,0.1,56727.96,35563.32,102110.33,30983.69,West,Completed
ORD03103,2024-08-04,CUST0666,P0064,1,0.0,20038.07,13846.76,20038.07,6191.31,North,Completed
ORD05494,2024-08-04,CUST0436,P0142,2,0.1,4782.08,3282.92,8607.74,2041.9,South,Cancelled
ORD07125,2024-08-04,CUST0250,P0162,2,0.0,46811.03,27452.25,93622.06,38717.56,North,Completed
ORD07360,2024-08-05,CUST0332,P0200,1,0.0,37954.59,28614.99,37954.59,9339.6,South,Completed
ORD00513,2024-08-05,CUST0745,P0054,5,0.1,34828.61,21081.63,156728.74,51320.59,East,Completed
ORD04818,2024-08-05,CUST0417,P0034,1,0.0,143.7,100.11,143.7,43.59,North,Completed
ORD07517,2024-08-05,CUST0258,P0193,3,0.1,8422.11,6102.6,22739.7,4431.9,North,Completed
ORD09764,2024-08-05,CUST0164,P0038,3,0.1,25137.53,20080.78,67871.33,7628.99,East,Completed
ORD00706,2024-08-05,CUST0463,P0086,2,0.05,519.82,398.56,987.66,190.54,South,Completed
ORD09596,2024-08-05,CUST0942,P0179,1,0.2,12818.17,8758.44,10254.54,1496.1,South,Completed
ORD08559,2024-08-05,CUST0764,P0189,5,0.1,38312.77,25713.12,172407.46,43841.86,East,Completed
ORD03783,2024-08-05,CUST0133,P0013,3,0.1,8923.66,6594.73,24093.88,4309.69,South,Completed
ORD04511,2024-08-05,CUST0472,P0076,2,0.1,20055.1,12211.29,36099.18,11676.6,North,Completed
ORD04269,2024-08-05,CUST0306,P0088,1,0.1,58121.47,37608.48,52309.32,14700.84,East,Completed
ORD04741,2024-08-05,CUST0608,P0003,2,0.0,15581.84,9713.54,31163.68,11736.6,West,Completed
ORD08280,2024-08-05,CUST0326,P0023,1,0.15,29957.89,23747.89,25464.21,1716.32,North,Completed
ORD05817,2024-08-05,CUST0783,P0001,1,0.2,796.95,617.19,637.56,20.37,East,Completed
ORD09491,2024-08-05,CUST0994,P0004,2,0.05,20696.25,15931.27,39322.88,7460.34,South,Completed
ORD06754,2024-08-05,CUST0574,P0111,3,0.1,32818.12,23699.05,88608.92,17511.77,East,Completed
ORD00436,2024-08-05,CUST0691,P0087,1,0.0,11879.48,8267.83,11879.48,3611.65,East,Completed
ORD08921,2024-08-06,CUST0115,P0004,1,0.2,20696.25,15931.27,16557.0,625.73,North,Completed
ORD07182,2024-08-06,CUST0535,P0077,1,0.1,50047.7,37709.36,45042.93,7333.57,West,Completed
ORD05937,2024-08-06,CUST0584,P0033,3,0.05,54569.41,31985.14,155522.82,59567.4,North,Completed
ORD04175,2024-08-06,CUST0169,P0186,1,0.0,36288.91,28203.52,36288.91,8085.39,West,Completed
ORD05651,2024-08-06,CUST0478,P0158,1,0.2,33125.35,22293.09,26500.28,4207.19,West,Cancelled
ORD01170,2024-08-06,CUST0565,P0114,1,0.1,16683.02,10299.86,15014.72,4714.86,West,Completed
ORD03684,2024-08-06,CUST0224,P0117,2,0.05,62915.52,50890.59,119539.49,17758.31,West,Cancelled
ORD03441,2024-08-06,CUST0716,P0105,1,0.0,17543.79,10886.17,17543.79,6657.62,North,Completed
ORD02025,2024-08-06,CUST0797,P0017,2,0.15,17284.69,10596.05,29383.97,8191.87,East,Completed
ORD01949,2024-08-06,CUST0731,P0099,3,0.0,908.9,743.94,2726.7,494.88,North,Cancelled
ORD05325,2024-08-06,CUST0381,P0120,5,0.0,57866.38,42176.37,289331.9,78450.05,North,Completed
ORD06663,2024-08-06,CUST0813,P0089,1,0.0,74892.61,50603.0,74892.61,24289.61,East,Completed
ORD03009,2024-08-06,CUST0356,P0009,3,0.0,724.93,490.11,2174.79,704.46,West,Completed
ORD01354,2024-08-06,CUST0759,P0120,4,0.0,57866.38,42176.37,231465.52,62760.04,West,Completed
ORD05514,2024-08-06,CUST0146,P0128,1,0.05,7160.91,4568.96,6802.86,2233.9,West,Completed
ORD08133,2024-08-06,CUST0717,P0070,2,0.15,56679.56,41863.05,96355.25,12629.15,South,Completed
ORD03869,2024-08-07,CUST0689,P0037,1,0.0,58358.81,45854.58,58358.81,12504.23,East,Completed
ORD09676,2024-08-07,CUST0560,P0157,3,0.2,1290.11,764.14,3096.26,803.84,West,Completed
ORD00851,2024-08-07,CUST0162,P0010,2,0.0,16072.59,10816.67,32145.18,10511.84,West,Pending
ORD00939,2024-08-07,CUST0859,P0016,1,0.05,20196.29,11952.43,19186.48,7234.05,South,Completed
ORD04495,2024-08-07,CUST0459,P0145,1,0.0,360.46,274.8,360.46,85.66,South,Completed
ORD02049,2024-08-07,CUST0137,P0075,2,0.0,6740.18,4364.5,13480.36,4751.36,East,Completed
ORD03587,2024-08-07,CUST0732,P0143,5,0.0,56727.96,35563.32,283639.8,105823.2,East,Completed
ORD09007,2024-08-07,CUST0206,P0100,3,0.05,36262.87,22462.27,103349.18,35962.37,East,Completed
ORD00538,2024-08-07,CUST0849,P0173,2,0.0,4259.82,3133.66,8519.64,2252.32,West,Completed
ORD00505,2024-08-07,CUST0384,P0098,2,0.1,15055.62,11767.46,27100.12,3565.2,South,Completed
ORD08317,2024-08-07,CUST0693,P0106,3,0.1,526.46,370.01,1421.44,311.41,East,Completed
ORD07039,2024-08-07,CUST0535,P0018,1,0.2,4596.19,2818.15,3676.95,858.8,West,Completed
ORD03136,2024-08-07,CUST0715,P0178,5,0.1,4042.35,3098.18,18190.58,2699.68,South,Completed
ORD05133,2024-08-07,CUST0811,P0091,2,0.0,49350.46,32483.04,98700.92,33734.84,South,Completed
ORD08257,2024-08-08,CUST0036,P0194,1,0.05,13118.34,8489.04,12462.42,3973.38,West,Completed
ORD01375,2024-08-08,CUST0574,P0126,2,0.1,41856.24,33581.85,75341.23,8177.53,East,Completed
ORD03530,2024-08-08,CUST0694,P0125,1,0.2,3155.85,2083.96,2524.68,440.72,North,Cancelled
ORD03378,2024-08-08,CUST0535,P0008,4,0.05,68633.55,51583.32,260807.49,54474.21,West,Completed
ORD03919,2024-08-08,CUST0910,P0120,1,0.1,57866.38,42176.37,52079.74,9903.37,North,Completed
ORD04207,2024-08-08,CUST0591,P0048,3,0.15,1114.29,876.19,2841.44,212.87,South,Completed
ORD02370,2024-08-08,CUST0127,P0103,2,0.1,585.19,454.75,1053.34,143.84,North,Completed
ORD04103,2024-08-08,CUST0699,P0014,1,0.0,18597.52,13817.51,18597.52,4780.01,North,Completed
ORD05263,2024-08-08,CUST0628,P0080,3,0.15,67342.32,40846.14,171722.92,49184.5,North,Completed
ORD00586,2024-08-08,CUST0014,P0110,3,0.05,30098.59,20298.4,85780.98,24885.78,East,Completed
ORD03099,2024-08-08,CUST0872,P0193,5,0.0,8422.11,6102.6,42110.55,11597.55,South,Completed
ORD06681,2024-08-08,CUST0676,P0167,4,0.05,7469.0,4701.25,28382.2,9577.2,South,Pending
ORD05094,2024-08-08,CUST0888,P0097,2,0.1,11100.34,7751.47,19980.61,4477.67,North,Completed
ORD08327,2024-08-09,CUST0658,P0052,1,0.0,7440.54,4865.29,7440.54,2575.25,North,Completed
ORD07706,2024-08-09,CUST0497,P0026,2,0.0,53440.86,40308.66,106881.72,26264.4,East,Completed
ORD06586,2024-08-09,CUST0032,P0096,1,0.0,22714.55,15565.72,22714.55,7148.83,North,Completed
ORD09044,2024-08-09,CUST0013,P0028,2,0.05,1126.53,825.36,2140.41,489.69,East,Completed
ORD07058,2024-08-09,CUST0849,P0151,1,0.1,5830.9,4665.5,5247.81,582.31,West,Completed
ORD09607,2024-08-09,CUST0677,P0058,1,0.15,7347.4,4878.31,6245.29,1366.98,North,Completed
ORD07874,2024-08-09,CUST0277,P0178,1,0.0,4042.35,3098.18,4042.35,944.17,West,Completed
ORD01287,2024-08-09,CUST0728,P0081,1,0.0,11112.68,6733.47,11112.68,4379.21,West,Completed
ORD05706,2024-08-09,CUST0269,P0078,2,0.05,66750.32,43644.61,126825.61,39536.39,East,Completed
ORD09134,2024-08-09,CUST0003,P0067,3,0.0,5933.02,4559.02,17799.06,4122.0,West,Completed
ORD09483,2024-08-09,CUST0273,P0145,2,0.0,360.46,274.8,720.92,171.32,East,Completed
ORD06437,2024-08-10,CUST0454,P0141,4,0.2,1748.75,1100.65,5596.0,1193.4,West,Completed
ORD04524,2024-08-10,CUST0599,P0067,5,0.1,5933.02,4559.02,26698.59,3903.49,West,Completed
ORD05070,2024-08-10,CUST0511,P0076,1,0.0,20055.1,12211.29,20055.1,7843.81,West,Completed
ORD06561,2024-08-10,CUST0654,P0083,2,0.0,374.27,289.15,748.54,170.24,South,Completed
ORD06781,2024-08-10,CUST0431,P0112,3,0.0,20043.19,13117.75,60129.57,20776.32,South,Completed
ORD07005,2024-08-10,CUST0044,P0090,1,0.1,446.05,334.33,401.44,67.11,North,Completed
ORD06719,2024-08-10,CUST0246,P0125,1,0.05,3155.85,2083.96,2998.06,914.1,South,Completed
ORD07259,2024-08-10,CUST0447,P0138,1,0.05,30903.45,21958.56,29358.28,7399.72,South,Completed
ORD08704,2024-08-10,CUST0077,P0164,3,0.05,8324.94,6438.05,23726.08,4411.93,East,Completed
ORD07501,2024-08-10,CUST0763,P0140,1,0.1,12142.58,7367.6,10928.32,3560.72,South,Completed
ORD09909,2024-08-10,CUST0462,P0085,1,0.1,73872.61,56554.21,66485.35,9931.14,North,Completed
ORD09358,2024-08-10,CUST0873,P0162,1,0.1,46811.03,27452.25,42129.93,14677.68,South,Completed
ORD06214,2024-08-11,CUST0899,P0168,1,0.0,1780.85,1042.33,1780.85,738.52,South,Completed
ORD04272,2024-08-11,CUST0395,P0081,4,0.0,11112.68,6733.47,44450.72,17516.84,North,Completed
ORD07689,2024-08-11,CUST0785,P0008,1,0.05,68633.55,51583.32,65201.87,13618.55,East,Cancelled
ORD03408,2024-08-11,CUST0479,P0031,1,0.15,12553.48,9544.5,10670.46,1125.96,North,Completed
ORD05156,2024-08-11,CUST0339,P0044,3,0.05,59463.82,38619.72,169471.89,53612.73,West,Completed
ORD00169,2024-08-11,CUST0178,P0081,2,0.05,11112.68,6733.47,21114.09,7647.15,West,Completed
ORD03699,2024-08-11,CUST0561,P0172,2,0.0,53066.45,36105.87,106132.9,33921.16,South,Completed
ORD09025,2024-08-11,CUST0228,P0055,2,0.1,6422.29,4812.56,11560.12,1935.0,South,Cancelled
ORD02528,2024-08-11,CUST0345,P0148,5,0.0,15484.78,9786.06,77423.9,28493.6,North,Completed
ORD06413,2024-08-11,CUST0559,P0076,1,0.1,20055.1,12211.29,18049.59,5838.3,West,Cancelled
ORD00117,2024-08-11,CUST0057,P0009,2,0.05,724.93,490.11,1377.37,397.15,West,Completed
ORD01771,2024-08-12,CUST0248,P0149,3,0.1,2427.19,1691.68,6553.41,1478.37,East,Completed
ORD09295,2024-08-12,CUST0640,P0062,1,0.05,7214.7,5874.11,6853.96,979.85,West,Completed
ORD02242,2024-08-12,CUST0100,P0162,1,0.15,46811.03,27452.25,39789.38,12337.13,North,Completed
ORD09742,2024-08-12,CUST0863,P0124,1,0.05,38907.93,29071.02,36962.53,7891.51,South,Completed
ORD00600,2024-08-12,CUST0209,P0148,2,0.1,15484.78,9786.06,27872.6,8300.48,West,Completed
ORD08902,2024-08-12,CUST0796,P0130,1,0.05,58219.77,46803.43,55308.78,8505.35,South,Completed
ORD07300,2024-08-12,CUST0723,P0073,1,0.0,15561.42,10813.46,15561.42,4747.96,West,Completed
ORD08651,2024-08-12,CUST0163,P0120,1,0.1,57866.38,42176.37,52079.74,9903.37,East,Completed
ORD09175,2024-08-12,CUST0642,P0056,1,0.1,312.97,191.98,281.67,89.69,East,Completed
ORD02963,2024-08-12,CUST0662,P0197,2,0.05,15133.72,11886.63,28754.07,4980.81,East,Completed
ORD02212,2024-08-12,CUST0363,P0142,1,0.0,4782.08,3282.92,4782.08,1499.16,South,Completed
ORD02365,2024-08-12,CUST0444,P0102,1,0.0,4149.23,2427.22,4149.23,1722.01,South,Completed
ORD08420,2024-08-12,CUST0066,P0186,1,0.2,36288.91,28203.52,29031.13,827.61,West,Completed
ORD08023,2024-08-12,CUST0379,P0063,2,0.1,12786.65,8472.2,23015.97,6071.57,North,Completed
ORD01405,2024-08-12,CUST0429,P0148,1,0.15,15484.78,9786.06,13162.06,3376.0,West,Completed
ORD09433,2024-08-12,CUST0474,P0169,3,0.05,12339.56,8305.1,35167.75,10252.45,North,Completed
ORD09775,2024-08-12,CUST0857,P0101,2,0.0,51632.3,38843.18,103264.6,25578.24,South,Completed
ORD02342,2024-08-13,CUST0770,P0131,2,0.0,896.08,597.69,1792.16,596.78,North,Completed
ORD07797,2024-08-13,CUST0754,P0041,3,0.05,4003.54,2383.24,11410.09,4260.37,South,Completed
ORD01574,2024-08-13,CUST0864,P0152,2,0.0,5896.48,4498.55,11792.96,2795.86,South,Completed
ORD09083,2024-08-13,CUST0923,P0002,1,0.15,6203.85,4038.58,5273.27,1234.69,South,Completed
ORD02533,2024-08-13,CUST0141,P0108,2,0.05,673.74,534.39,1280.11,211.33,East,Completed
ORD06396,2024-08-13,CUST0529,P0200,1,0.1,37954.59,28614.99,34159.13,5544.14,South,Completed
ORD04412,2024-08-13,CUST0539,P0054,4,0.15,34828.61,21081.63,118417.27,34090.75,East,Completed
ORD04156,2024-08-13,CUST0899,P0052,2,0.05,7440.54,4865.29,14137.03,4406.45,South,Cancelled
ORD05380,2024-08-13,CUST0191,P0148,2,0.15,15484.78,9786.06,26324.13,6752.01,East,Completed
ORD02294,2024-08-13,CUST0701,P0045,4,0.05,2217.01,1355.93,8424.64,3000.92,West,Completed
ORD00584,2024-08-13,CUST0307,P0083,1,0.0,374.27,289.15,374.27,85.12,West,Pending
ORD07082,2024-08-13,CUST0353,P0046,1,0.15,61902.8,37121.36,52617.38,15496.02,East,Completed
ORD00299,2024-08-13,CUST0207,P0120,2,0.05,57866.38,42176.37,109946.12,25593.38,South,Completed
ORD05837,2024-08-13,CUST0012,P0154,3,0.1,693.93,462.98,1873.61,484.67,East,Completed
ORD03472,2024-08-13,CUST0201,P0006,2,0.05,51610.25,30768.51,98059.48,36522.46,West,Completed
ORD04296,2024-08-13,CUST0805,P0090,4,0.0,446.05,334.33,1784.2,446.88,West,Completed
ORD09948,2024-08-14,CUST0539,P0085,1,0.2,73872.61,56554.21,59098.09,2543.88,East,Pending
ORD03962,2024-08-14,CUST0650,P0058,3,0.1,7347.4,4878.31,19837.98,5203.05,South,Completed
ORD00127,2024-08-14,CUST0090,P0106,2,0.0,526.46,370.01,1052.92,312.9,East,Completed
ORD00096,2024-08-14,CUST0808,P0134,4,0.1,34117.69,25387.96,122823.68,21271.84,East,Completed
ORD05827,2024-08-14,CUST0456,P0008,5,0.1,68633.55,51583.32,308850.98,50934.38,South,Completed
ORD01011,2024-08-14,CUST0210,P0020,1,0.0,14020.39,10682.55,14020.39,3337.84,East,Completed
ORD02031,2024-08-14,CUST0420,P0134,2,0.1,34117.69,25387.96,61411.84,10635.92,South,Completed
ORD05711,2024-08-14,CUST0438,P0042,3,0.0,10683.47,6548.45,32050.41,12405.06,West,Completed
ORD07732,2024-08-14,CUST0650,P0166,1,0.15,47059.67,34982.34,40000.72,5018.38,South,Completed
ORD06638,2024-08-14,CUST0685,P0002,3,0.1,6203.85,4038.58,16750.4,4634.66,East,Completed
ORD04887,2024-08-14,CUST0166,P0029,1,0.2,1310.65,844.84,1048.52,203.68,North,Completed
ORD05027,2024-08-14,CUST0473,P0119,1,0.1,11965.18,9132.35,10768.66,1636.31,West,Completed
ORD04491,2024-08-14,CUST0597,P0166,1,0.15,47059.67,34982.34,40000.72,5018.38,West,Completed
ORD05926,2024-08-14,CUST0700,P0071,1,0.05,35759.59,27998.22,33971.61,5973.39,West,Completed
ORD06422,2024-08-14,CUST0272,P0122,1,0.05,17942.76,13133.8,17045.62,3911.82,South,Completed
ORD04849,2024-08-14,CUST0387,P0076,4,0.15,20055.1,12211.29,68187.34,19342.18,West,Cancelled
ORD02306,2024-08-14,CUST0816,P0103,2,0.2,585.19,454.75,936.3,26.8,East,Completed
ORD04850,2024-08-14,CUST0087,P0015,2,0.15,18890.43,14292.88,32113.73,3527.97,North,Completed
ORD07717,2024-08-14,CUST0145,P0155,1,0.15,9808.49,7104.6,8337.22,1232.62,South,Completed
ORD06905,2024-08-14,CUST0387,P0190,2,0.1,2296.71,1653.27,4134.08,827.54,West,Completed
ORD05718,2024-08-15,CUST0661,P0083,4,0.1,374.27,289.15,1347.37,190.77,North,Completed
ORD04572,2024-08-15,CUST0216,P0092,1,0.15,41737.72,32410.53,35477.06,3066.53,South,Cancelled
ORD04492,2024-08-15,CUST0957,P0137,1,0.05,3327.18,2091.19,3160.82,1069.63,North,Completed
ORD04033,2024-08-15,CUST0602,P0042,3,0.05,10683.47,6548.45,30447.89,10802.54,South,Completed
ORD04128,2024-08-15,CUST0925,P0089,2,0.0,74892.61,50603.0,149785.22,48579.22,South,Completed
ORD06195,2024-08-15,CUST0800,P0150,4,0.05,53462.03,36715.83,203155.71,56292.39,North,Completed
ORD03537,2024-08-15,CUST0230,P0192,4,0.2,20821.66,13717.57,66629.31,11759.03,North,Completed
ORD09076,2024-08-15,CUST0417,P0042,1,0.0,10683.47,6548.45,10683.47,4135.02,North,Completed
ORD09084,2024-08-15,CUST0142,P0091,1,0.05,49350.46,32483.04,46882.94,14399.9,South,Completed
ORD00966,2024-08-15,CUST0182,P0129,1,0.05,43850.97,27932.89,41658.42,13725.53,North,Completed
ORD06870,2024-08-15,CUST0131,P0178,1,0.15,4042.35,3098.18,3436.0,337.82,North,Completed
ORD02230,2024-08-15,CUST0206,P0146,1,0.0,11482.27,8693.26,11482.27,2789.01,East,Cancelled
ORD00379,2024-08-15,CUST0824,P0130,3,0.1,58219.77,46803.43,157193.38,16783.09,South,Completed
ORD00388,2024-08-16,CUST0084,P0038,2,0.1,25137.53,20080.78,45247.55,5085.99,West,Completed
ORD00510,2024-08-16,CUST0426,P0190,4,0.0,2296.71,1653.27,9186.84,2573.76,East,Completed
ORD08734,2024-08-16,CUST0556,P0027,2,0.0,20926.64,14284.36,41853.28,13284.56,North,Completed
ORD02302,2024-08-16,CUST0304,P0184,1,0.15,20719.38,13335.4,17611.47,4276.07,West,Completed
ORD05396,2024-08-16,CUST0812,P0161,1,0.15,36827.84,23163.81,31303.66,8139.85,North,Completed
ORD05868,2024-08-16,CUST0340,P0182,2,0.0,15590.28,12172.38,31180.56,6835.8,West,Completed
ORD01796,2024-08-16,CUST0343,P0192,2,0.1,20821.66,13717.57,37478.99,10043.85,South,Completed
ORD06499,2024-08-16,CUST0179,P0073,1,0.15,15561.42,10813.46,13227.21,2413.75,West,Completed
ORD02159,2024-08-16,CUST0753,P0015,1,0.1,18890.43,14292.88,17001.39,2708.51,East,Completed
ORD09776,2024-08-16,CUST0658,P0038,5,0.1,25137.53,20080.78,113118.88,12714.98,North,Completed
ORD05358,2024-08-16,CUST0044,P0180,1,0.0,23838.69,16889.32,23838.69,6949.37,North,Completed
ORD07750,2024-08-16,CUST0112,P0196,1,0.1,385.78,231.62,347.2,115.58,North,Completed
ORD02670,2024-08-16,CUST0604,P0058,3,0.15,7347.4,4878.31,18735.87,4100.94,South,Completed
ORD04316,2024-08-16,CUST0926,P0133,2,0.0,30154.78,21233.5,60309.56,17842.56,West,Completed
ORD05432,2024-08-16,CUST0307,P0040,3,0.1,568.55,361.32,1535.08,451.12,West,Completed
ORD05433,2024-08-16,CUST0950,P0076,2,0.1,20055.1,12211.29,36099.18,11676.6,East,Completed
ORD03397,2024-08-16,CUST0495,P0082,2,0.05,14583.87,9123.23,27709.35,9462.89,North,Completed
ORD06241,2024-08-16,CUST0128,P0083,1,0.0,374.27,289.15,374.27,85.12,South,Completed
ORD02635,2024-08-16,CUST0688,P0045,2,0.1,2217.01,1355.93,3990.62,1278.76,West,Completed
ORD01792,2024-08-16,CUST0220,P0066,1,0.1,15521.48,11472.78,13969.33,2496.55,West,Completed
ORD00756,2024-08-17,CUST0529,P0026,1,0.0,53440.86,40308.66,53440.86,13132.2,South,Completed
ORD09374,2024-08-17,CUST0422,P0162,1,0.0,46811.03,27452.25,46811.03,19358.78,West,Completed
ORD04938,2024-08-17,CUST0850,P0004,3,0.1,20696.25,15931.27,55879.88,8086.07,West,Completed
ORD07556,2024-08-17,CUST0908,P0024,1,0.05,792.84,470.21,753.2,282.99,East,Completed
ORD02326,2024-08-17,CUST0284,P0143,1,0.1,56727.96,35563.32,51055.16,15491.84,West,Completed
ORD01931,2024-08-17,CUST0359,P0073,1,0.0,15561.42,10813.46,15561.42,4747.96,South,Completed
ORD07135,2024-08-17,CUST0509,P0185,1,0.1,76508.26,54062.35,68857.43,14795.08,West,Completed
ORD00271,2024-08-17,CUST0848,P0098,2,0.0,15055.62,11767.46,30111.24,6576.32,East,Completed
ORD05710,2024-08-17,CUST0061,P0166,2,0.2,47059.67,34982.34,75295.47,5330.79,West,Completed
ORD04198,2024-08-17,CUST0203,P0048,2,0.0,1114.29,876.19,2228.58,476.2,East,Completed
ORD07630,2024-08-17,CUST0496,P0066,1,0.0,15521.48,11472.78,15521.48,4048.7,North,Completed
ORD07802,2024-08-17,CUST0655,P0183,2,0.0,66902.29,49511.88,133804.58,34780.82,West,Completed
ORD04531,2024-08-18,CUST0462,P0060,3,0.05,32036.99,25220.68,91305.42,15643.38,North,Cancelled
ORD08497,2024-08-18,CUST0350,P0141,3,0.0,1748.75,1100.65,5246.25,1944.3,North,Completed
ORD09852,2024-08-18,CUST0484,P0139,1,0.15,26827.4,18117.75,22803.29,4685.54,East,Completed
ORD06260,2024-08-18,CUST0233,P0063,2,0.0,12786.65,8472.2,25573.3,8628.9,East,Completed
ORD08005,2024-08-18,CUST0217,P0186,2,0.1,36288.91,28203.52,65320.04,8913.0,West,Completed
ORD00116,2024-08-18,CUST0530,P0159,2,0.1,54205.42,36083.24,97569.76,25403.28,North,Completed
ORD01407,2024-08-18,CUST0722,P0164,1,0.1,8324.94,6438.05,7492.45,1054.4,North,Completed
ORD03001,2024-08-18,CUST0697,P0002,1,0.05,6203.85,4038.58,5893.66,1855.08,West,Completed
ORD00697,2024-08-18,CUST0178,P0163,2,0.1,3768.33,3060.43,6782.99,662.13,West,Completed
ORD02732,2024-08-18,CUST0219,P0018,2,0.0,4596.19,2818.15,9192.38,3556.08,West,Cancelled
ORD09039,2024-08-18,CUST0644,P0181,1,0.05,8670.4,5624.95,8236.88,2611.93,North,Completed
ORD04576,2024-08-18,CUST0935,P0125,1,0.0,3155.85,2083.96,3155.85,1071.89,North,Completed
ORD07867,2024-08-18,CUST0352,P0036,1,0.05,1008.83,797.09,958.39,161.3,North,Completed
ORD01093,2024-08-18,CUST0302,P0085,3,0.15,73872.61,56554.21,188375.16,18712.53,South,Completed
ORD04920,2024-08-18,CUST0940,P0056,1,0.1,312.97,191.98,281.67,89.69,West,Completed
ORD01473,2024-08-18,CUST0352,P0100,3,0.1,36262.87,22462.27,97909.75,30522.94,North,Completed
ORD01653,2024-08-18,CUST0079,P0091,1,0.0,49350.46,32483.04,49350.46,16867.42,North,Cancelled
ORD08243,2024-08-19,CUST0623,P0052,1,0.2,7440.54,4865.29,5952.43,1087.14,West,Completed
ORD00219,2024-08-19,CUST0256,P0040,1,0.0,568.55,361.32,568.55,207.23,North,Completed
ORD04894,2024-08-19,CUST0184,P0109,2,0.0,17118.52,11998.2,34237.04,10240.64,West,Completed
ORD03738,2024-08-19,CUST0851,P0188,2,0.1,5272.37,3130.49,9490.27,3229.29,West,Completed
ORD06556,2024-08-19,CUST0937,P0071,3,0.15,35759.59,27998.22,91186.95,7192.29,East,Completed
ORD08509,2024-08-19,CUST0020,P0183,3,0.1,66902.29,49511.88,180636.18,32100.54,West,Cancelled
ORD03579,2024-08-19,CUST0128,P0189,1,0.1,38312.77,25713.12,34481.49,8768.37,South,Completed
ORD05300,2024-08-19,CUST0675,P0186,3,0.0,36288.91,28203.52,108866.73,24256.17,North,Completed
ORD05535,2024-08-19,CUST0533,P0047,2,0.1,1004.63,793.19,1808.33,221.95,East,Cancelled
ORD06323,2024-08-19,CUST0618,P0097,1,0.05,11100.34,7751.47,10545.32,2793.85,South,Completed
ORD05315,2024-08-19,CUST0663,P0079,1,0.15,409.51,310.64,348.08,37.44,North,Completed
ORD02092,2024-08-19,CUST0818,P0171,1,0.05,39010.06,29472.11,37059.56,7587.45,North,Completed
ORD06079,2024-08-19,CUST0563,P0182,2,0.0,15590.28,12172.38,31180.56,6835.8,West,Completed
ORD05968,2024-08-19,CUST0274,P0123,2,0.1,77212.89,61788.48,138983.2,15406.24,East,Completed
ORD01281,2024-08-19,CUST0595,P0165,2,0.0,728.57,514.38,1457.14,428.38,East,Completed
ORD05111,2024-08-20,CUST0015,P0069,5,0.15,196.15,126.8,833.64,199.64,West,Completed
ORD07234,2024-08-20,CUST0589,P0077,3,0.2,50047.7,37709.36,120114.48,6986.4,East,Completed
ORD00051,2024-08-20,CUST0738,P0112,1,0.1,20043.19,13117.75,18038.87,4921.12,South,Completed
ORD03595,2024-08-20,CUST0228,P0159,4,0.1,54205.42,36083.24,195139.51,50806.55,South,Completed
ORD09145,2024-08-20,CUST0683,P0031,5,0.05,12553.48,9544.5,59629.03,11906.53,North,Completed
ORD00273,2024-08-20,CUST0804,P0088,1,0.15,58121.47,37608.48,49403.25,11794.77,North,Completed
ORD07704,2024-08-20,CUST0017,P0134,4,0.15,34117.69,25387.96,116000.15,14448.31,South,Completed
ORD03806,2024-08-20,CUST0279,P0170,1,0.05,750.66,462.97,713.13,250.16,West,Cancelled
ORD04897,2024-08-20,CUST0010,P0048,2,0.15,1114.29,876.19,1894.29,141.91,West,Completed
ORD00195,2024-08-20,CUST0496,P0007,3,0.1,8223.62,4942.96,22203.77,7374.89,North,Completed
ORD04622,2024-08-20,CUST0571,P0113,1,0.1,26426.25,19479.69,23783.62,4303.93,West,Pending
ORD01817,2024-08-20,CUST0660,P0178,2,0.05,4042.35,3098.18,7680.46,1484.1,North,Completed
ORD08246,2024-08-21,CUST0848,P0084,3,0.05,52737.3,39276.81,150301.31,32470.88,East,Completed
ORD05543,2024-08-21,CUST0333,P0005,3,0.1,759.62,541.79,2050.97,425.6,East,Completed
ORD02925,2024-08-21,CUST0676,P0096,3,0.0,22714.55,15565.72,68143.65,21446.49,South,Completed
ORD08562,2024-08-21,CUST0816,P0115,1,0.05,9526.21,7338.52,9049.9,1711.38,East,Cancelled
ORD04772,2024-08-21,CUST0788,P0055,3,0.1,6422.29,4812.56,17340.18,2902.5,West,Completed
ORD01100,2024-08-21,CUST0606,P0132,1,0.15,235.21,163.03,199.93,36.9,South,Completed
ORD06474,2024-08-21,CUST0651,P0074,5,0.05,40981.75,23771.65,194663.31,75805.06,West,Cancelled
ORD04547,2024-08-21,CUST0619,P0079,2,0.1,409.51,310.64,737.12,115.84,West,Completed
ORD01086,2024-08-21,CUST0959,P0050,1,0.1,8890.7,6907.47,8001.63,1094.16,East,Completed
ORD04196,2024-08-21,CUST0868,P0143,3,0.05,56727.96,35563.32,161674.69,54984.73,South,Completed
ORD04464,2024-08-21,CUST0644,P0019,3,0.0,27844.42,18931.51,83533.26,26738.73,North,Completed
ORD05620,2024-08-21,CUST0105,P0180,2,0.05,23838.69,16889.32,45293.51,11514.87,South,Completed
ORD08805,2024-08-21,CUST0268,P0081,1,0.15,11112.68,6733.47,9445.78,2712.31,North,Completed
ORD07477,2024-08-21,CUST0320,P0033,1,0.0,54569.41,31985.14,54569.41,22584.27,West,Completed
ORD07296,2024-08-21,CUST0513,P0120,1,0.1,57866.38,42176.37,52079.74,9903.37,North,Completed
ORD01314,2024-08-21,CUST0822,P0010,2,0.0,16072.59,10816.67,32145.18,10511.84,North,Completed
ORD00215,2024-08-22,CUST0300,P0048,2,0.2,1114.29,876.19,1782.86,30.48,North,Completed
ORD00047,2024-08-22,CUST0794,P0104,1,0.05,22437.82,18159.1,21315.93,3156.83,West,Completed
ORD05890,2024-08-22,CUST0697,P0031,3,0.0,12553.48,9544.5,37660.44,9026.94,West,Completed
ORD04126,2024-08-22,CUST0492,P0131,1,0.2,896.08,597.69,716.86,119.17,South,Cancelled
ORD03293,2024-08-22,CUST0919,P0066,2,0.1,15521.48,11472.78,27938.66,4993.1,East,Completed
ORD02887,2024-08-22,CUST0737,P0018,4,0.0,4596.19,2818.15,18384.76,7112.16,East,Completed
ORD05800,2024-08-22,CUST0533,P0123,1,0.05,77212.89,61788.48,73352.25,11563.77,East,Completed
ORD05648,2024-08-22,CUST0095,P0031,1,0.1,12553.48,9544.5,11298.13,1753.63,West,Completed
ORD07896,2024-08-22,CUST0167,P0031,2,0.0,12553.48,9544.5,25106.96,6017.96,South,Cancelled
ORD04757,2024-08-22,CUST0121,P0195,3,0.15,15240.21,11813.53,38862.54,3421.95,West,Completed
ORD09690,2024-08-22,CUST0246,P0030,1,0.2,23508.75,18216.9,18807.0,590.1,South,Completed
ORD07136,2024-08-22,CUST0988,P0039,3,0.05,1717.54,1277.52,4894.99,1062.43,South,Completed
ORD00459,2024-08-23,CUST0171,P0183,5,0.1,66902.29,49511.88,301060.3,53500.9,South,Completed
ORD08256,2024-08-23,CUST0233,P0084,2,0.0,52737.3,39276.81,105474.6,26920.98,East,Completed
ORD02771,2024-08-23,CUST0914,P0032,2,0.1,39614.35,24714.41,71305.83,21877.01,East,Completed
ORD08331,2024-08-23,CUST0834,P0008,3,0.1,68633.55,51583.32,185310.59,30560.63,East,Completed
ORD01928,2024-08-23,CUST0158,P0037,5,0.0,58358.81,45854.58,291794.05,62521.15,South,Completed
ORD06232,2024-08-23,CUST0960,P0152,2,0.05,5896.48,4498.55,11203.31,2206.21,North,Completed
ORD08168,2024-08-23,CUST0882,P0040,5,0.0,568.55,361.32,2842.75,1036.15,East,Completed
ORD09040,2024-08-23,CUST0505,P0084,2,0.1,52737.3,39276.81,94927.14,16373.52,West,Completed
ORD04305,2024-08-23,CUST0442,P0010,4,0.0,16072.59,10816.67,64290.36,21023.68,South,Completed
ORD09816,2024-08-23,CUST0336,P0090,2,0.0,446.05,334.33,892.1,223.44,North,Completed
ORD03250,2024-08-23,CUST0363,P0036,1,0.15,1008.83,797.09,857.51,60.42,South,Completed
ORD08537,2024-08-23,CUST0571,P0056,3,0.05,312.97,191.98,891.96,316.02,West,Completed
ORD05271,2024-08-23,CUST0188,P0147,2,0.05,22737.01,13458.16,43200.32,16284.0,East,Completed
ORD04496,2024-08-23,CUST0189,P0099,1,0.05,908.9,743.94,863.46,119.52,North,Pending
ORD03307,2024-08-23,CUST0819,P0071,2,0.05,35759.59,27998.22,67943.22,11946.78,North,Cancelled
ORD02163,2024-08-23,CUST0095,P0117,1,0.1,62915.52,50890.59,56623.97,5733.38,West,Completed
ORD08277,2024-08-23,CUST0441,P0193,3,0.15,8422.11,6102.6,21476.38,3168.58,South,Completed
ORD04311,2024-08-24,CUST0938,P0038,1,0.1,25137.53,20080.78,22623.78,2543.0,West,Completed
ORD08833,2024-08-24,CUST0943,P0190,1,0.1,2296.71,1653.27,2067.04,413.77,East,Completed
ORD05861,2024-08-24,CUST0105,P0153,2,0.0,318.53,240.18,637.06,156.7,South,Completed
ORD01911,2024-08-24,CUST0541,P0143,1,0.05,56727.96,35563.32,53891.56,18328.24,South,Cancelled
ORD02440,2024-08-24,CUST0801,P0181,3,0.1,8670.4,5624.95,23410.08,6535.23,East,Pending
ORD06401,2024-08-24,CUST0619,P0019,4,0.2,27844.42,18931.51,89102.14,13376.1,West,Completed
ORD05314,2024-08-24,CUST0686,P0082,1,0.0,14583.87,9123.23,14583.87,5460.64,North,Completed
ORD07359,2024-08-24,CUST0435,P0188,5,0.1,5272.37,3130.49,23725.66,8073.21,South,Completed
ORD02256,2024-08-24,CUST0007,P0170,1,0.0,750.66,462.97,750.66,287.69,South,Completed
ORD03054,2024-08-24,CUST0292,P0138,2,0.15,30903.45,21958.56,52535.86,8618.74,West,Completed
ORD03465,2024-08-24,CUST0850,P0021,1,0.0,6878.25,5112.71,6878.25,1765.54,West,Completed
ORD05781,2024-08-24,CUST0883,P0071,1,0.0,35759.59,27998.22,35759.59,7761.37,East,Completed
ORD08346,2024-08-24,CUST0207,P0113,2,0.1,26426.25,19479.69,47567.25,8607.87,South,Completed
ORD05518,2024-08-24,CUST0830,P0013,2,0.05,8923.66,6594.73,16954.95,3765.49,West,Completed
ORD06272,2024-08-24,CUST0868,P0179,5,0.0,12818.17,8758.44,64090.85,20298.65,South,Cancelled
ORD06471,2024-08-25,CUST0158,P0001,1,0.0,796.95,617.19,796.95,179.76,South,Completed
ORD09459,2024-08-25,CUST0077,P0042,1,0.05,10683.47,6548.45,10149.3,3600.85,East,Completed
ORD00334,2024-08-25,CUST0215,P0035,3,0.05,56932.8,34147.01,162258.48,59817.45,North,Completed
ORD03060,2024-08-25,CUST0425,P0006,1,0.05,51610.25,30768.51,49029.74,18261.23,West,Completed
ORD02546,2024-08-25,CUST0682,P0111,1,0.15,32818.12,23699.05,27895.4,4196.35,West,Completed
ORD08602,2024-08-25,CUST0543,P0051,1,0.0,57445.48,35926.8,57445.48,21518.68,East,Completed
ORD07599,2024-08-25,CUST0343,P0193,3,0.1,8422.11,6102.6,22739.7,4431.9,South,Completed
ORD05188,2024-08-25,CUST0257,P0075,2,0.15,6740.18,4364.5,11458.31,2729.31,East,Completed
ORD03361,2024-08-25,CUST0944,P0007,1,0.1,8223.62,4942.96,7401.26,2458.3,East,Completed
ORD07836,2024-08-25,CUST0677,P0036,1,0.05,1008.83,797.09,958.39,161.3,North,Completed
ORD06213,2024-08-25,CUST0709,P0164,2,0.0,8324.94,6438.05,16649.88,3773.78,North,Completed
ORD04800,2024-08-25,CUST0893,P0152,2,0.0,5896.48,4498.55,11792.96,2795.86,North,Completed
ORD01440,2024-08-25,CUST0114,P0068,3,0.1,41326.98,32432.51,111582.85,14285.32,South,Completed
ORD03157,2024-08-26,CUST0811,P0058,2,0.05,7347.4,4878.31,13960.06,4203.44,South,Completed
ORD03505,2024-08-26,CUST0568,P0065,3,0.15,21598.4,14583.7,55075.92,11324.82,West,Completed
ORD08794,2024-08-26,CUST0468,P0050,1,0.05,8890.7,6907.47,8446.17,1538.7,North,Completed
ORD07573,2024-08-26,CUST0737,P0177,2,0.05,783.92,493.62,1489.45,502.21,East,Pending
ORD01709,2024-08-26,CUST0931,P0039,1,0.05,1717.54,1277.52,1631.66,354.14,West,Completed
ORD06286,2024-08-26,CUST0647,P0038,1,0.2,25137.53,20080.78,20110.02,29.24,East,Completed
ORD04129,2024-08-26,CUST0273,P0097,2,0.15,11100.34,7751.47,18870.58,3367.64,East,Completed
ORD01875,2024-08-26,CUST0728,P0050,3,0.05,8890.7,6907.47,25338.5,4616.09,West,Completed
ORD06503,2024-08-27,CUST0902,P0190,4,0.0,2296.71,1653.27,9186.84,2573.76,South,Pending
ORD07901,2024-08-27,CUST0514,P0125,2,0.1,3155.85,2083.96,5680.53,1512.61,East,Completed
ORD07430,2024-08-27,CUST0831,P0029,1,0.0,1310.65,844.84,1310.65,465.81,West,Cancelled
ORD01811,2024-08-27,CUST0341,P0157,1,0.1,1290.11,764.14,1161.1,396.96,West,Completed
ORD00509,2024-08-27,CUST0387,P0059,1,0.05,1247.06,804.27,1184.71,380.44,West,Completed
ORD03147,2024-08-27,CUST0538,P0127,2,0.0,37425.34,27064.21,74850.68,20722.26,North,Completed
ORD04614,2024-08-27,CUST0023,P0129,1,0.1,43850.97,27932.89,39465.87,11532.98,South,Completed
ORD05763,2024-08-27,CUST0200,P0088,2,0.0,58121.47,37608.48,116242.94,41025.98,North,Completed
ORD07297,2024-08-27,CUST0058,P0090,1,0.05,446.05,334.33,423.75,89.42,West,Completed
ORD08473,2024-08-27,CUST0248,P0077,1,0.1,50047.7,37709.36,45042.93,7333.57,East,Completed
ORD09179,2024-08-27,CUST0451,P0118,3,0.05,36939.5,23012.67,105277.58,36239.57,West,Completed
ORD09115,2024-08-27,CUST0285,P0086,2,0.15,519.82,398.56,883.69,86.57,West,Completed
ORD01742,2024-08-28,CUST0502,P0150,1,0.1,53462.03,36715.83,48115.83,11400.0,South,Completed
ORD08825,2024-08-28,CUST0065,P0029,2,0.1,1310.65,844.84,2359.17,669.49,South,Completed
ORD02251,2024-08-28,CUST0687,P0030,3,0.1,23508.75,18216.9,63473.62,8822.92,East,Completed
ORD04072,2024-08-28,CUST0083,P0129,1,0.1,43850.97,27932.89,39465.87,11532.98,North,Completed
ORD02634,2024-08-28,CUST0938,P0032,2,0.1,39614.35,24714.41,71305.83,21877.01,West,Completed
ORD08632,2024-08-28,CUST0107,P0184,5,0.1,20719.38,13335.4,93237.21,26560.21,East,Completed
ORD09951,2024-08-28,CUST0308,P0132,1,0.1,235.21,163.03,211.69,48.66,West,Completed
ORD07196,2024-08-28,CUST0579,P0194,4,0.05,13118.34,8489.04,49849.69,15893.53,North,Cancelled
ORD05859,2024-08-29,CUST0997,P0067,4,0.1,5933.02,4559.02,21358.87,3122.79,South,Completed
ORD01352,2024-08-29,CUST0391,P0063,1,0.0,12786.65,8472.2,12786.65,4314.45,South,Completed
ORD09148,2024-08-29,CUST0255,P0066,2,0.15,15521.48,11472.78,26386.52,3440.96,South,Pending
ORD08611,2024-08-29,CUST0858,P0152,4,0.05,5896.48,4498.55,22406.62,4412.42,South,Completed
ORD06189,2024-08-29,CUST0121,P0149,1,0.0,2427.19,1691.68,2427.19,735.51,West,Completed
ORD08817,2024-08-29,CUST0193,P0136,3,0.05,3029.54,2200.52,8634.19,2032.63,East,Completed
ORD09973,2024-08-29,CUST0611,P0183,2,0.1,66902.29,49511.88,120424.12,21400.36,West,Completed
ORD05318,2024-08-29,CUST0086,P0027,3,0.0,20926.64,14284.36,62779.92,19926.84,West,Cancelled
ORD07830,2024-08-29,CUST0777,P0135,1,0.2,644.55,462.91,515.64,52.73,South,Completed
ORD06009,2024-08-29,CUST0573,P0010,1,0.15,16072.59,10816.67,13661.7,2845.03,North,Completed
ORD08471,2024-08-29,CUST0697,P0161,2,0.0,36827.84,23163.81,73655.68,27328.06,West,Completed
ORD07410,2024-08-29,CUST0119,P0060,2,0.0,32036.99,25220.68,64073.98,13632.62,East,Completed
ORD03353,2024-08-29,CUST0317,P0096,1,0.0,22714.55,15565.72,22714.55,7148.83,West,Pending
ORD04549,2024-08-29,CUST0787,P0171,2,0.1,39010.06,29472.11,70218.11,11273.89,East,Completed
ORD09905,2024-08-30,CUST0525,P0170,2,0.0,750.66,462.97,1501.32,575.38,North,Cancelled
ORD05274,2024-08-30,CUST0529,P0019,1,0.0,27844.42,18931.51,27844.42,8912.91,South,Completed
ORD05870,2024-08-30,CUST0855,P0116,2,0.1,41570.44,24508.05,74826.79,25810.69,East,Completed
ORD01079,2024-08-30,CUST0629,P0184,1,0.15,20719.38,13335.4,17611.47,4276.07,North,Completed
ORD00024,2024-08-30,CUST0853,P0036,1,0.05,1008.83,797.09,958.39,161.3,South,Completed
ORD04322,2024-08-30,CUST0239,P0044,3,0.0,59463.82,38619.72,178391.46,62532.3,East,Completed
ORD02339,2024-08-30,CUST0466,P0164,2,0.05,8324.94,6438.05,15817.39,2941.29,South,Completed
ORD02588,2024-08-30,CUST0052,P0085,2,0.1,73872.61,56554.21,132970.7,19862.28,West,Completed
ORD03656,2024-08-30,CUST0245,P0111,2,0.1,32818.12,23699.05,59072.62,11674.52,North,Completed
ORD06913,2024-08-30,CUST0266,P0057,2,0.1,911.67,722.71,1641.01,195.59,East,Completed
ORD02753,2024-08-30,CUST0744,P0055,5,0.0,6422.29,4812.56,32111.45,8048.65,North,Completed
ORD09661,2024-08-30,CUST0548,P0068,1,0.0,41326.98,32432.51,41326.98,8894.47,West,Completed
ORD02408,2024-08-30,CUST0994,P0145,2,0.1,360.46,274.8,648.83,99.23,South,Completed
ORD03821,2024-08-30,CUST0402,P0115,2,0.15,9526.21,7338.52,16194.56,1517.52,North,Completed
ORD00062,2024-08-30,CUST0289,P0072,1,0.05,28334.52,18780.23,26917.79,8137.56,West,Completed
ORD02123,2024-08-30,CUST0078,P0070,3,0.1,56679.56,41863.05,153034.81,27445.66,South,Completed
ORD04399,2024-08-30,CUST0088,P0022,1,0.05,68945.25,50670.94,65497.99,14827.05,West,Cancelled
ORD02630,2024-08-31,CUST0913,P0136,2,0.0,3029.54,2200.52,6059.08,1658.04,North,Completed
ORD09082,2024-08-31,CUST0395,P0124,2,0.05,38907.93,29071.02,73925.07,15783.03,North,Completed
ORD05288,2024-08-31,CUST0833,P0107,3,0.2,72638.94,50890.24,174333.46,21662.74,North,Completed
ORD02790,2024-08-31,CUST0628,P0163,4,0.15,3768.33,3060.43,12812.32,570.6,North,Completed
ORD04018,2024-08-31,CUST0982,P0194,2,0.0,13118.34,8489.04,26236.68,9258.6,East,Completed
ORD04430,2024-08-31,CUST0458,P0180,1,0.1,23838.69,16889.32,21454.82,4565.5,West,Completed
ORD09832,2024-08-31,CUST0958,P0192,3,0.05,20821.66,13717.57,59341.73,18189.02,South,Completed
ORD04035,2024-08-31,CUST0838,P0200,2,0.05,37954.59,28614.99,72113.72,14883.74,West,Completed
ORD00690,2024-08-31,CUST0135,P0185,1,0.1,76508.26,54062.35,68857.43,14795.08,North,Completed
ORD05938,2024-08-31,CUST0747,P0181,2,0.05,8670.4,5624.95,16473.76,5223.86,West,Cancelled
ORD04392,2024-08-31,CUST0637,P0191,2,0.05,8442.75,6441.23,16041.22,3158.76,North,Completed
ORD02026,2024-09-01,CUST0618,P0117,2,0.05,62915.52,50890.59,119539.49,17758.31,South,Completed
ORD08573,2024-09-01,CUST0013,P0111,1,0.0,32818.12,23699.05,32818.12,9119.07,East,Completed
ORD09371,2024-09-01,CUST0046,P0121,3,0.05,975.23,645.82,2779.41,841.95,North,Completed
ORD06622,2024-09-01,CUST0243,P0199,2,0.0,404.58,321.41,809.16,166.34,North,Completed
ORD09778,2024-09-01,CUST0183,P0039,3,0.1,1717.54,1277.52,4637.36,804.8,South,Completed
ORD09904,2024-09-01,CUST0751,P0017,2,0.05,17284.69,10596.05,32840.91,11648.81,West,Completed
ORD02952,2024-09-01,CUST0344,P0046,2,0.0,61902.8,37121.36,123805.6,49562.88,East,Completed
ORD09085,2024-09-01,CUST0086,P0059,2,0.05,1247.06,804.27,2369.41,760.87,West,Completed
ORD07216,2024-09-01,CUST0409,P0165,1,0.1,728.57,514.38,655.71,141.33,East,Completed
ORD02489,2024-09-01,CUST0798,P0107,1,0.05,72638.94,50890.24,69006.99,18116.75,North,Completed
ORD00186,2024-09-01,CUST0900,P0012,2,0.1,4072.78,2687.49,7331.0,1956.02,South,Completed
ORD05486,2024-09-01,CUST0003,P0187,1,0.1,184.91,120.68,166.42,45.74,West,Completed
ORD09049,2024-09-01,CUST0224,P0054,4,0.0,34828.61,21081.63,139314.44,54987.92,West,Completed
ORD05757,2024-09-01,CUST0653,P0193,3,0.0,8422.11,6102.6,25266.33,6958.53,West,Completed
ORD06630,2024-09-01,CUST0826,P0052,5,0.0,7440.54,4865.29,37202.7,12876.25,West,Completed
ORD08718,2024-09-01,CUST0465,P0050,1,0.05,8890.7,6907.47,8446.17,1538.7,West,Completed
ORD03698,2024-09-02,CUST0958,P0146,1,0.0,11482.27,8693.26,11482.27,2789.01,South,Pending
ORD02237,2024-09-02,CUST0237,P0016,4,0.05,20196.29,11952.43,76745.9,28936.18,North,Completed
ORD07101,2024-09-02,CUST0977,P0107,1,0.1,72638.94,50890.24,65375.05,14484.81,East,Completed
ORD07368,2024-09-02,CUST0103,P0020,1,0.1,14020.39,10682.55,12618.35,1935.8,South,Completed
ORD00601,2024-09-02,CUST0641,P0168,1,0.05,1780.85,1042.33,1691.81,649.48,North,Completed
ORD05180,2024-09-02,CUST0962,P0017,1,0.0,17284.69,10596.05,17284.69,6688.64,North,Completed
ORD03407,2024-09-02,CUST0542,P0019,2,0.05,27844.42,18931.51,52904.4,15041.38,South,Completed
ORD00130,2024-09-02,CUST0698,P0009,1,0.15,724.93,490.11,616.19,126.08,North,Completed
ORD05371,2024-09-02,CUST0869,P0038,3,0.1,25137.53,20080.78,67871.33,7628.99,South,Completed
ORD02685,2024-09-02,CUST0379,P0196,3,0.0,385.78,231.62,1157.34,462.48,North,Cancelled
ORD02018,2024-09-02,CUST0814,P0028,2,0.0,1126.53,825.36,2253.06,602.34,East,Completed
ORD04309,2024-09-02,CUST0064,P0147,2,0.0,22737.01,13458.16,45474.02,18557.7,West,Completed
ORD07429,2024-09-02,CUST0597,P0114,1,0.15,16683.02,10299.86,14180.57,3880.71,West,Completed
ORD06880,2024-09-02,CUST0802,P0105,1,0.0,17543.79,10886.17,17543.79,6657.62,West,Completed
ORD08140,2024-09-02,CUST0011,P0079,4,0.15,409.51,310.64,1392.33,149.77,North,Completed
ORD05040,2024-09-03,CUST0886,P0194,2,0.1,13118.34,8489.04,23613.01,6634.93,East,Completed
ORD03219,2024-09-03,CUST0646,P0082,3,0.0,14583.87,9123.23,43751.61,16381.92,North,Completed
ORD03666,2024-09-03,CUST0893,P0094,1,0.1,77812.86,47690.34,70031.57,22341.23,North,Pending
ORD04641,2024-09-03,CUST0417,P0170,4,0.0,750.66,462.97,3002.64,1150.76,North,Cancelled
ORD07342,2024-09-03,CUST0880,P0101,1,0.05,51632.3,38843.18,49050.68,10207.5,East,Completed
ORD01526,2024-09-03,CUST0990,P0016,1,0.1,20196.29,11952.43,18176.66,6224.23,North,Completed
ORD08533,2024-09-03,CUST0414,P0109,3,0.05,17118.52,11998.2,48787.78,12793.18,East,Completed
ORD01150,2024-09-03,CUST0058,P0200,4,0.0,37954.59,28614.99,151818.36,37358.4,West,Completed
ORD09301,2024-09-03,CUST0665,P0093,3,0.1,10189.0,5911.08,27510.3,9777.06,West,Completed
ORD01115,2024-09-03,CUST0744,P0158,3,0.0,33125.35,22293.09,99376.05,32496.78,North,Completed
ORD04647,2024-09-03,CUST0233,P0081,1,0.05,11112.68,6733.47,10557.05,3823.58,East,Completed
ORD05029,2024-09-03,CUST0784,P0036,4,0.05,1008.83,797.09,3833.55,645.19,East,Completed
ORD09439,2024-09-03,CUST0087,P0014,1,0.05,18597.52,13817.51,17667.64,3850.13,North,Completed
ORD04055,2024-09-03,CUST0832,P0122,1,0.1,17942.76,13133.8,16148.48,3014.68,South,Cancelled
ORD05539,2024-09-03,CUST0307,P0159,4,0.1,54205.42,36083.24,195139.51,50806.55,West,Completed
ORD01046,2024-09-03,CUST0584,P0096,3,0.05,22714.55,15565.72,64736.47,18039.31,North,Cancelled
ORD01176,2024-09-03,CUST0002,P0100,1,0.1,36262.87,22462.27,32636.58,10174.31,West,Completed
ORD00039,2024-09-03,CUST0298,P0155,2,0.1,9808.49,7104.6,17655.28,3446.08,West,Cancelled
ORD01686,2024-09-03,CUST0129,P0001,5,0.05,796.95,617.19,3785.51,699.56,West,Completed
ORD02860,2024-09-04,CUST0715,P0184,1,0.1,20719.38,13335.4,18647.44,5312.04,South,Completed
ORD06238,2024-09-04,CUST0647,P0169,2,0.1,12339.56,8305.1,22211.21,5601.01,East,Completed
ORD04204,2024-09-04,CUST0987,P0159,1,0.05,54205.42,36083.24,51495.15,15411.91,North,Pending
ORD03163,2024-09-04,CUST0295,P0029,2,0.1,1310.65,844.84,2359.17,669.49,South,Completed
ORD03729,2024-09-04,CUST0587,P0026,3,0.05,53440.86,40308.66,152306.45,31380.47,North,Completed
ORD09170,2024-09-04,CUST0199,P0066,1,0.0,15521.48,11472.78,15521.48,4048.7,North,Completed
ORD03017,2024-09-04,CUST0249,P0197,1,0.05,15133.72,11886.63,14377.03,2490.4,West,Pending
ORD04243,2024-09-04,CUST0217,P0185,1,0.0,76508.26,54062.35,76508.26,22445.91,West,Completed
ORD08514,2024-09-04,CUST0560,P0082,1,0.1,14583.87,9123.23,13125.48,4002.25,West,Completed
ORD00080,2024-09-04,CUST0893,P0008,4,0.05,68633.55,51583.32,260807.49,54474.21,North,Completed
ORD02349,2024-09-04,CUST0221,P0014,2,0.1,18597.52,13817.51,33475.54,5840.52,West,Completed
ORD07478,2024-09-04,CUST0196,P0081,1,0.05,11112.68,6733.47,10557.05,3823.58,East,Completed
ORD09961,2024-09-04,CUST0728,P0115,1,0.0,9526.21,7338.52,9526.21,2187.69,West,Completed
ORD06609,2024-09-04,CUST0942,P0088,1,0.15,58121.47,37608.48,49403.25,11794.77,South,Completed
ORD07524,2024-09-04,CUST0640,P0098,1,0.05,15055.62,11767.46,14302.84,2535.38,West,Cancelled
ORD00893,2024-09-04,CUST0052,P0103,2,0.0,585.19,454.75,1170.38,260.88,West,Completed
ORD07325,2024-09-05,CUST0078,P0061,2,0.15,49224.25,33194.34,83681.22,17292.54,South,Completed
ORD09516,2024-09-05,CUST0553,P0051,1,0.1,57445.48,35926.8,51700.93,15774.13,East,Completed
ORD08299,2024-09-05,CUST0282,P0182,3,0.0,15590.28,12172.38,46770.84,10253.7,West,Completed
ORD00639,2024-09-05,CUST0945,P0037,1,0.1,58358.81,45854.58,52522.93,6668.35,West,Completed
ORD04026,2024-09-05,CUST0278,P0006,5,0.05,51610.25,30768.51,245148.69,91306.14,West,Cancelled
ORD04382,2024-09-05,CUST0046,P0016,3,0.0,20196.29,11952.43,60588.87,24731.58,North,Completed
ORD02759,2024-09-05,CUST0787,P0013,5,0.05,8923.66,6594.73,42387.38,9413.73,East,Cancelled
ORD01842,2024-09-05,CUST0790,P0189,1,0.2,38312.77,25713.12,30650.22,4937.1,South,Completed
ORD06602,2024-09-05,CUST0617,P0049,4,0.1,56396.41,44202.58,203027.08,26216.76,South,Completed
ORD00627,2024-09-05,CUST0958,P0048,1,0.05,1114.29,876.19,1058.58,182.39,South,Completed
ORD09643,2024-09-06,CUST0042,P0009,2,0.0,724.93,490.11,1449.86,469.64,South,Cancelled
ORD08141,2024-09-06,CUST0582,P0117,2,0.0,62915.52,50890.59,125831.04,24049.86,West,Completed
ORD04373,2024-09-06,CUST0434,P0042,2,0.15,10683.47,6548.45,18161.9,5065.0,East,Completed
ORD05313,2024-09-06,CUST0519,P0092,2,0.0,41737.72,32410.53,83475.44,18654.38,North,Completed
ORD01841,2024-09-06,CUST0994,P0053,1,0.2,422.63,329.18,338.1,8.92,South,Completed
ORD09670,2024-09-06,CUST0329,P0125,2,0.15,3155.85,2083.96,5364.94,1197.02,North,Completed
ORD09455,2024-09-06,CUST0905,P0121,1,0.1,975.23,645.82,877.71,231.89,South,Completed
ORD05350,2024-09-06,CUST0844,P0188,2,0.0,5272.37,3130.49,10544.74,4283.76,West,Completed
ORD03830,2024-09-06,CUST0939,P0145,1,0.0,360.46,274.8,360.46,85.66,North,Completed
ORD07939,2024-09-06,CUST0961,P0015,1,0.1,18890.43,14292.88,17001.39,2708.51,North,Completed
ORD08986,2024-09-06,CUST0117,P0093,1,0.2,10189.0,5911.08,8151.2,2240.12,South,Completed
ORD06644,2024-09-06,CUST0782,P0089,1,0.1,74892.61,50603.0,67403.35,16800.35,West,Cancelled
ORD08349,2024-09-06,CUST0112,P0140,2,0.05,12142.58,7367.6,23070.9,8335.7,North,Completed
ORD02955,2024-09-06,CUST0275,P0075,1,0.05,6740.18,4364.5,6403.17,2038.67,East,Pending
ORD06645,2024-09-06,CUST0699,P0167,1,0.1,7469.0,4701.25,6722.1,2020.85,North,Completed
ORD05693,2024-09-07,CUST0463,P0118,2,0.05,36939.5,23012.67,70185.05,24159.71,South,Completed
ORD06834,2024-09-07,CUST0569,P0048,2,0.05,1114.29,876.19,2117.15,364.77,West,Completed
ORD02961,2024-09-07,CUST0202,P0022,1,0.0,68945.25,50670.94,68945.25,18274.31,West,Completed
ORD00636,2024-09-07,CUST0732,P0145,2,0.05,360.46,274.8,684.87,135.27,East,Completed
ORD00850,2024-09-07,CUST0116,P0074,2,0.0,40981.75,23771.65,81963.5,34420.2,West,Completed
ORD09953,2024-09-07,CUST0277,P0188,2,0.1,5272.37,3130.49,9490.27,3229.29,West,Completed
ORD03068,2024-09-07,CUST0253,P0107,3,0.15,72638.94,50890.24,185229.3,32558.58,South,Completed
ORD00951,2024-09-07,CUST0550,P0153,2,0.15,318.53,240.18,541.5,61.14,South,Completed
ORD07919,2024-09-07,CUST0321,P0043,1,0.05,528.82,390.77,502.38,111.61,East,Completed
ORD04090,2024-09-07,CUST0468,P0120,1,0.15,57866.38,42176.37,49186.42,7010.05,North,Completed
ORD01591,2024-09-07,CUST0791,P0047,2,0.0,1004.63,793.19,2009.26,422.88,East,Completed
ORD05769,2024-09-07,CUST0492,P0032,2,0.05,39614.35,24714.41,75267.26,25838.44,South,Pending
ORD00200,2024-09-07,CUST0936,P0030,2,0.15,23508.75,18216.9,39964.88,3531.08,South,Completed
ORD09885,2024-09-07,CUST0807,P0010,1,0.0,16072.59,10816.67,16072.59,5255.92,South,Cancelled
ORD05480,2024-09-07,CUST0264,P0007,2,0.05,8223.62,4942.96,15624.88,5738.96,North,Completed
ORD06086,2024-09-07,CUST0704,P0020,1,0.15,14020.39,10682.55,11917.33,1234.78,North,Completed
ORD00105,2024-09-07,CUST0954,P0027,2,0.15,20926.64,14284.36,35575.29,7006.57,East,Cancelled
ORD08436,2024-09-08,CUST0975,P0133,2,0.05,30154.78,21233.5,57294.08,14827.08,North,Completed
ORD09663,2024-09-08,CUST0037,P0062,1,0.1,7214.7,5874.11,6493.23,619.12,East,Completed
ORD05091,2024-09-08,CUST0200,P0038,1,0.0,25137.53,20080.78,25137.53,5056.75,North,Pending
ORD03902,2024-09-08,CUST0152,P0089,3,0.05,74892.61,50603.0,213443.94,61634.94,South,Completed
ORD05071,2024-09-08,CUST0581,P0019,1,0.1,27844.42,18931.51,25059.98,6128.47,West,Completed
ORD07658,2024-09-08,CUST0376,P0088,1,0.0,58121.47,37608.48,58121.47,20512.99,West,Completed
ORD06047,2024-09-08,CUST0226,P0156,2,0.05,44665.09,34536.09,84863.67,15791.49,East,Completed
ORD04460,2024-09-08,CUST0549,P0013,1,0.1,8923.66,6594.73,8031.29,1436.56,South,Completed
ORD02264,2024-09-08,CUST0511,P0158,1,0.05,33125.35,22293.09,31469.08,9175.99,West,Completed
ORD03423,2024-09-08,CUST0265,P0119,4,0.05,11965.18,9132.35,45467.68,8938.28,South,Completed
ORD05843,2024-09-08,CUST0838,P0098,1,0.15,15055.62,11767.46,12797.28,1029.82,West,Completed
ORD09629,2024-09-08,CUST0688,P0033,4,0.05,54569.41,31985.14,207363.76,79423.2,West,Completed
ORD07016,2024-09-09,CUST0448,P0040,2,0.1,568.55,361.32,1023.39,300.75,North,Completed
ORD08250,2024-09-09,CUST0357,P0098,2,0.0,15055.62,11767.46,30111.24,6576.32,North,Completed
ORD01819,2024-09-09,CUST0386,P0136,1,0.05,3029.54,2200.52,2878.06,677.54,West,Completed
ORD06119,2024-09-09,CUST0925,P0105,2,0.0,17543.79,10886.17,35087.58,13315.24,South,Completed
ORD08195,2024-09-09,CUST0431,P0166,1,0.0,47059.67,34982.34,47059.67,12077.33,South,Completed
ORD01538,2024-09-09,CUST0115,P0196,1,0.0,385.78,231.62,385.78,154.16,North,Completed
ORD07751,2024-09-09,CUST0765,P0058,5,0.05,7347.4,4878.31,34900.15,10508.6,South,Completed
ORD08156,2024-09-09,CUST0472,P0049,3,0.05,56396.41,44202.58,160729.77,28122.03,North,Completed
ORD03841,2024-09-09,CUST0356,P0008,4,0.15,68633.55,51583.32,233354.07,27020.79,West,Completed
ORD01312,2024-09-09,CUST0039,P0029,4,0.0,1310.65,844.84,5242.6,1863.24,East,Completed
ORD07264,2024-09-09,CUST0538,P0016,1,0.05,20196.29,11952.43,19186.48,7234.05,North,Completed
ORD00416,2024-09-09,CUST0580,P0189,5,0.1,38312.77,25713.12,172407.46,43841.86,West,Completed
ORD06887,2024-09-09,CUST0723,P0089,4,0.0,74892.61,50603.0,299570.44,97158.44,West,Completed
ORD02503,2024-09-09,CUST0477,P0069,3,0.05,196.15,126.8,559.03,178.63,East,Completed
ORD01932,2024-09-10,CUST0440,P0135,3,0.05,644.55,462.91,1836.97,448.24,East,Completed
ORD06210,2024-09-10,CUST0318,P0175,2,0.05,791.76,614.23,1504.34,275.88,West,Completed
ORD05947,2024-09-10,CUST0858,P0089,1,0.1,74892.61,50603.0,67403.35,16800.35,South,Completed
ORD03124,2024-09-10,CUST0396,P0033,1,0.1,54569.41,31985.14,49112.47,17127.33,West,Completed
ORD04733,2024-09-10,CUST0703,P0073,1,0.1,15561.42,10813.46,14005.28,3191.82,North,Completed
ORD01569,2024-09-10,CUST0367,P0147,1,0.05,22737.01,13458.16,21600.16,8142.0,North,Cancelled
ORD03271,2024-09-10,CUST0547,P0065,1,0.0,21598.4,14583.7,21598.4,7014.7,South,Completed
ORD07856,2024-09-10,CUST0370,P0158,5,0.0,33125.35,22293.09,165626.75,54161.3,East,Completed
ORD05308,2024-09-10,CUST0281,P0046,2,0.1,61902.8,37121.36,111425.04,37182.32,East,Completed
ORD03731,2024-09-10,CUST0735,P0013,3,0.0,8923.66,6594.73,26770.98,6986.79,West,Completed
ORD07682,2024-09-10,CUST0924,P0088,1,0.15,58121.47,37608.48,49403.25,11794.77,South,Completed
ORD05279,2024-09-10,CUST0499,P0089,1,0.05,74892.61,50603.0,71147.98,20544.98,West,Completed
ORD03758,2024-09-11,CUST0628,P0065,2,0.05,21598.4,14583.7,41036.96,11869.56,North,Completed
ORD02431,2024-09-11,CUST0273,P0181,1,0.15,8670.4,5624.95,7369.84,1744.89,East,Completed
ORD05411,2024-09-11,CUST0899,P0012,1,0.0,4072.78,2687.49,4072.78,1385.29,South,Completed
ORD09110,2024-09-11,CUST0793,P0177,2,0.0,783.92,493.62,1567.84,580.6,South,Completed
ORD02653,2024-09-11,CUST0318,P0161,2,0.0,36827.84,23163.81,73655.68,27328.06,West,Completed
ORD03928,2024-09-11,CUST0736,P0132,2,0.05,235.21,163.03,446.9,120.84,West,Completed
ORD02032,2024-09-11,CUST0768,P0176,1,0.1,9388.62,6512.18,8449.76,1937.58,East,Completed
ORD05305,2024-09-11,CUST0710,P0087,1,0.05,11879.48,8267.83,11285.51,3017.68,West,Completed
ORD01794,2024-09-11,CUST0031,P0031,3,0.0,12553.48,9544.5,37660.44,9026.94,South,Completed
ORD08871,2024-09-11,CUST0378,P0039,2,0.0,1717.54,1277.52,3435.08,880.04,East,Completed
ORD01163,2024-09-11,CUST0694,P0158,3,0.05,33125.35,22293.09,94407.25,27527.98,North,Completed
ORD06304,2024-09-11,CUST0532,P0164,2,0.05,8324.94,6438.05,15817.39,2941.29,West,Completed
ORD09185,2024-09-11,CUST0830,P0054,2,0.05,34828.61,21081.63,66174.36,24011.1,West,Completed
ORD06570,2024-09-11,CUST0680,P0058,1,0.05,7347.4,4878.31,6980.03,2101.72,South,Completed
ORD01303,2024-09-11,CUST0914,P0148,1,0.05,15484.78,9786.06,14710.54,4924.48,East,Completed
ORD08549,2024-09-12,CUST0697,P0042,4,0.05,10683.47,6548.45,40597.19,14403.39,West,Completed
ORD08172,2024-09-12,CUST0559,P0155,2,0.05,9808.49,7104.6,18636.13,4426.93,West,Completed
ORD08520,2024-09-12,CUST0606,P0199,1,0.05,404.58,321.41,384.35,62.94,South,Pending
ORD09465,2024-09-12,CUST0307,P0057,4,0.0,911.67,722.71,3646.68,755.84,West,Completed
ORD04805,2024-09-12,CUST0408,P0042,1,0.05,10683.47,6548.45,10149.3,3600.85,East,Completed
ORD03215,2024-09-12,CUST0874,P0190,1,0.05,2296.71,1653.27,2181.87,528.6,North,Completed
ORD00432,2024-09-12,CUST0358,P0025,1,0.1,49570.32,37427.29,44613.29,7186.0,North,Completed
ORD03761,2024-09-12,CUST0705,P0156,1,0.1,44665.09,34536.09,40198.58,5662.49,West,Completed
ORD09548,2024-09-12,CUST0916,P0181,1,0.05,8670.4,5624.95,8236.88,2611.93,East,Completed
ORD05683,2024-09-12,CUST0299,P0010,1,0.05,16072.59,10816.67,15268.96,4452.29,North,Completed
ORD09526,2024-09-12,CUST0151,P0145,2,0.0,360.46,274.8,720.92,171.32,North,Pending
ORD05003,2024-09-12,CUST0946,P0081,4,0.1,11112.68,6733.47,40005.65,13071.77,West,Completed
ORD07400,2024-09-12,CUST0342,P0144,1,0.05,501.46,362.98,476.39,113.41,South,Completed
ORD06000,2024-09-12,CUST0253,P0143,3,0.0,56727.96,35563.32,170183.88,63493.92,South,Completed
ORD00978,2024-09-12,CUST0870,P0181,1,0.0,8670.4,5624.95,8670.4,3045.45,West,Completed
ORD02286,2024-09-12,CUST0240,P0018,1,0.15,4596.19,2818.15,3906.76,1088.61,North,Completed
ORD09290,2024-09-12,CUST0142,P0083,3,0.0,374.27,289.15,1122.81,255.36,South,Completed
ORD04178,2024-09-12,CUST0261,P0109,1,0.1,17118.52,11998.2,15406.67,3408.47,North,Cancelled
ORD09097,2024-09-12,CUST0742,P0134,2,0.05,34117.69,25387.96,64823.61,14047.69,South,Completed
ORD09777,2024-09-13,CUST0764,P0001,1,0.05,796.95,617.19,757.1,139.91,East,Completed
ORD05545,2024-09-13,CUST0940,P0037,3,0.1,58358.81,45854.58,157568.79,20005.05,West,Completed
ORD03512,2024-09-13,CUST0681,P0107,1,0.05,72638.94,50890.24,69006.99,18116.75,North,Completed
ORD01884,2024-09-13,CUST0690,P0046,2,0.05,61902.8,37121.36,117615.32,43372.6,North,Completed
ORD01502,2024-09-13,CUST0565,P0149,1,0.0,2427.19,1691.68,2427.19,735.51,West,Completed
ORD05508,2024-09-13,CUST0205,P0009,1,0.0,724.93,490.11,724.93,234.82,North,Cancelled
ORD06942,2024-09-13,CUST0271,P0048,1,0.15,1114.29,876.19,947.15,70.96,East,Cancelled
ORD04174,2024-09-13,CUST0689,P0191,2,0.1,8442.75,6441.23,15196.95,2314.49,East,Completed
ORD02023,2024-09-13,CUST0315,P0156,2,0.0,44665.09,34536.09,89330.18,20258.0,East,Completed
ORD05933,2024-09-13,CUST0762,P0031,3,0.1,12553.48,9544.5,33894.4,5260.9,South,Completed
ORD00435,2024-09-13,CUST0128,P0012,2,0.0,4072.78,2687.49,8145.56,2770.58,South,Completed
ORD09899,2024-09-14,CUST0807,P0167,2,0.05,7469.0,4701.25,14191.1,4788.6,South,Completed
ORD04688,2024-09-14,CUST0870,P0038,3,0.05,25137.53,20080.78,71641.96,11399.62,West,Completed
ORD07428,2024-09-14,CUST0526,P0071,2,0.1,35759.59,27998.22,64367.26,8370.82,South,Completed
ORD05081,2024-09-14,CUST0834,P0015,2,0.05,18890.43,14292.88,35891.82,7306.06,East,Cancelled
ORD01091,2024-09-14,CUST0264,P0010,1,0.1,16072.59,10816.67,14465.33,3648.66,North,Pending
ORD05195,2024-09-14,CUST0552,P0153,1,0.05,318.53,240.18,302.6,62.42,East,Completed
ORD04560,2024-09-14,CUST0780,P0031,5,0.15,12553.48,9544.5,53352.29,5629.79,East,Completed
ORD07212,2024-09-14,CUST0420,P0132,4,0.1,235.21,163.03,846.76,194.64,South,Completed
ORD03727,2024-09-14,CUST0246,P0006,1,0.1,51610.25,30768.51,46449.22,15680.71,South,Completed
ORD08927,2024-09-14,CUST0416,P0106,2,0.1,526.46,370.01,947.63,207.61,South,Completed
ORD04493,2024-09-14,CUST0649,P0095,3,0.0,9513.49,6495.4,28540.47,9054.27,East,Completed
ORD00531,2024-09-14,CUST0198,P0167,2,0.15,7469.0,4701.25,12697.3,3294.8,West,Completed
ORD00338,2024-09-14,CUST0744,P0021,3,0.1,6878.25,5112.71,18571.28,3233.15,North,Completed
ORD00507,2024-09-14,CUST0193,P0150,2,0.0,53462.03,36715.83,106924.06,33492.4,East,Completed
ORD07014,2024-09-14,CUST0253,P0192,1,0.0,20821.66,13717.57,20821.66,7104.09,South,Completed
ORD02873,2024-09-14,CUST0706,P0143,3,0.0,56727.96,35563.32,170183.88,63493.92,East,Completed
ORD09769,2024-09-15,CUST0752,P0186,1,0.1,36288.91,28203.52,32660.02,4456.5,East,Completed
ORD01852,2024-09-15,CUST0415,P0091,2,0.1,49350.46,32483.04,88830.83,23864.75,North,Pending
ORD04983,2024-09-15,CUST0576,P0041,2,0.1,4003.54,2383.24,7206.37,2439.89,East,Completed
ORD01641,2024-09-15,CUST0455,P0200,2,0.05,37954.59,28614.99,72113.72,14883.74,North,Completed
ORD01894,2024-09-15,CUST0208,P0017,1,0.1,17284.69,10596.05,15556.22,4960.17,South,Completed
ORD05826,2024-09-15,CUST0705,P0159,1,0.15,54205.42,36083.24,46074.61,9991.37,West,Completed
ORD09788,2024-09-15,CUST0468,P0180,3,0.05,23838.69,16889.32,67940.27,17272.31,North,Completed
ORD01311,2024-09-15,CUST0559,P0149,2,0.1,2427.19,1691.68,4368.94,985.58,West,Completed
ORD07899,2024-09-15,CUST0838,P0026,1,0.0,53440.86,40308.66,53440.86,13132.2,West,Completed
ORD08661,2024-09-15,CUST0296,P0003,2,0.1,15581.84,9713.54,28047.31,8620.23,South,Completed
ORD00399,2024-09-15,CUST0403,P0068,2,0.05,41326.98,32432.51,78521.26,13656.24,South,Completed
ORD07503,2024-09-15,CUST0596,P0120,3,0.1,57866.38,42176.37,156239.23,29710.12,South,Completed
ORD01329,2024-09-15,CUST0176,P0057,4,0.05,911.67,722.71,3464.35,573.51,West,Completed
ORD07485,2024-09-15,CUST0231,P0094,1,0.0,77812.86,47690.34,77812.86,30122.52,South,Completed
ORD01322,2024-09-16,CUST0073,P0195,1,0.05,15240.21,11813.53,14478.2,2664.67,West,Completed
ORD08075,2024-09-16,CUST0284,P0191,5,0.2,8442.75,6441.23,33771.0,1564.85,West,Completed
ORD08136,2024-09-16,CUST0694,P0104,2,0.2,22437.82,18159.1,35900.51,-417.69,North,Completed
ORD01767,2024-09-16,CUST0076,P0049,1,0.15,56396.41,44202.58,47936.95,3734.37,South,Completed
ORD03920,2024-09-16,CUST0447,P0081,3,0.0,11112.68,6733.47,33338.04,13137.63,South,Completed
ORD04764,2024-09-16,CUST0772,P0001,1,0.1,796.95,617.19,717.26,100.07,West,Completed
ORD00549,2024-09-16,CUST0315,P0030,1,0.2,23508.75,18216.9,18807.0,590.1,East,Completed
ORD08201,2024-09-16,CUST0595,P0158,1,0.1,33125.35,22293.09,29812.82,7519.73,East,Completed
ORD05129,2024-09-16,CUST0991,P0150,2,0.0,53462.03,36715.83,106924.06,33492.4,North,Completed
ORD04948,2024-09-16,CUST0695,P0112,3,0.1,20043.19,13117.75,54116.61,14763.36,North,Completed
ORD07957,2024-09-16,CUST0308,P0098,5,0.05,15055.62,11767.46,71514.2,12676.9,West,Cancelled
ORD03849,2024-09-16,CUST0606,P0021,4,0.1,6878.25,5112.71,24761.7,4310.86,South,Completed
ORD03316,2024-09-16,CUST0442,P0036,2,0.0,1008.83,797.09,2017.66,423.48,South,Completed
ORD00298,2024-09-16,CUST0434,P0158,2,0.1,33125.35,22293.09,59625.63,15039.45,East,Completed
ORD06429,2024-09-17,CUST0780,P0077,1,0.05,50047.7,37709.36,47545.31,9835.95,East,Completed
ORD03711,2024-09-17,CUST0791,P0173,3,0.2,4259.82,3133.66,10223.57,822.59,East,Completed
ORD07116,2024-09-17,CUST0086,P0048,4,0.15,1114.29,876.19,3788.59,283.83,West,Completed
ORD07885,2024-09-17,CUST0251,P0089,3,0.0,74892.61,50603.0,224677.83,72868.83,North,Pending
ORD02752,2024-09-17,CUST0657,P0136,3,0.15,3029.54,2200.52,7725.33,1123.77,South,Completed
ORD02740,2024-09-17,CUST0672,P0102,2,0.1,4149.23,2427.22,7468.61,2614.17,West,Completed
ORD04486,2024-09-17,CUST0421,P0065,2,0.05,21598.4,14583.7,41036.96,11869.56,North,Completed
ORD05018,2024-09-17,CUST0999,P0050,1,0.0,8890.7,6907.47,8890.7,1983.23,North,Completed
ORD08726,2024-09-17,CUST0359,P0074,1,0.15,40981.75,23771.65,34834.49,11062.84,South,Completed
ORD07642,2024-09-17,CUST0861,P0163,1,0.05,3768.33,3060.43,3579.91,519.48,North,Completed
ORD00801,2024-09-17,CUST0589,P0146,2,0.05,11482.27,8693.26,21816.31,4429.79,East,Completed
ORD09795,2024-09-17,CUST0147,P0097,2,0.15,11100.34,7751.47,18870.58,3367.64,East,Completed
ORD04339,2024-09-17,CUST0433,P0156,1,0.05,44665.09,34536.09,42431.84,7895.75,South,Completed
ORD05255,2024-09-17,CUST0317,P0098,3,0.05,15055.62,11767.46,42908.52,7606.14,West,Completed
ORD09617,2024-09-17,CUST0471,P0113,1,0.0,26426.25,19479.69,26426.25,6946.56,South,Completed
ORD03922,2024-09-17,CUST0362,P0181,2,0.1,8670.4,5624.95,15606.72,4356.82,West,Completed
ORD04281,2024-09-17,CUST0240,P0003,2,0.15,15581.84,9713.54,26489.13,7062.05,North,Completed
ORD06292,2024-09-17,CUST0499,P0007,1,0.05,8223.62,4942.96,7812.44,2869.48,West,Cancelled
ORD06377,2024-09-18,CUST0917,P0165,2,0.0,728.57,514.38,1457.14,428.38,West,Pending
ORD03810,2024-09-18,CUST0009,P0146,1,0.1,11482.27,8693.26,10334.04,1640.78,South,Completed
ORD03872,2024-09-18,CUST0209,P0169,1,0.1,12339.56,8305.1,11105.6,2800.5,West,Completed
ORD09530,2024-09-18,CUST0463,P0101,1,0.0,51632.3,38843.18,51632.3,12789.12,South,Completed
ORD05928,2024-09-18,CUST0959,P0050,1,0.0,8890.7,6907.47,8890.7,1983.23,East,Completed
ORD06029,2024-09-18,CUST0872,P0166,1,0.15,47059.67,34982.34,40000.72,5018.38,South,Completed
ORD04299,2024-09-18,CUST0882,P0180,2,0.05,23838.69,16889.32,45293.51,11514.87,East,Completed
ORD00109,2024-09-18,CUST0720,P0157,2,0.05,1290.11,764.14,2451.21,922.93,North,Completed
ORD02954,2024-09-18,CUST0473,P0174,2,0.0,46343.47,28863.63,92686.94,34959.68,West,Completed
ORD02323,2024-09-18,CUST0324,P0010,2,0.0,16072.59,10816.67,32145.18,10511.84,East,Completed
ORD03725,2024-09-18,CUST0952,P0124,2,0.0,38907.93,29071.02,77815.86,19673.82,East,Completed
ORD04337,2024-09-18,CUST0048,P0178,1,0.2,4042.35,3098.18,3233.88,135.7,South,Completed
ORD09958,2024-09-18,CUST0806,P0016,2,0.0,20196.29,11952.43,40392.58,16487.72,South,Completed
ORD00113,2024-09-18,CUST0546,P0147,1,0.0,22737.01,13458.16,22737.01,9278.85,North,Completed
ORD09316,2024-09-19,CUST0669,P0055,2,0.15,6422.29,4812.56,10917.89,1292.77,West,Completed
ORD02082,2024-09-19,CUST0626,P0036,3,0.1,1008.83,797.09,2723.84,332.57,South,Completed
ORD03896,2024-09-19,CUST0858,P0052,1,0.1,7440.54,4865.29,6696.49,1831.2,South,Completed
ORD06099,2024-09-19,CUST0253,P0133,1,0.05,30154.78,21233.5,28647.04,7413.54,South,Completed
ORD03892,2024-09-19,CUST0698,P0057,1,0.15,911.67,722.71,774.92,52.21,North,Completed
ORD06443,2024-09-19,CUST0473,P0119,4,0.0,11965.18,9132.35,47860.72,11331.32,West,Completed
ORD00386,2024-09-19,CUST0246,P0163,1,0.1,3768.33,3060.43,3391.5,331.07,South,Completed
ORD09570,2024-09-19,CUST0587,P0069,1,0.0,196.15,126.8,196.15,69.35,North,Completed
ORD07575,2024-09-19,CUST0236,P0115,1,0.05,9526.21,7338.52,9049.9,1711.38,West,Completed
ORD08936,2024-09-19,CUST0173,P0090,2,0.05,446.05,334.33,847.5,178.84,West,Completed
ORD06788,2024-09-19,CUST0546,P0129,2,0.0,43850.97,27932.89,87701.94,31836.16,North,Completed
ORD08968,2024-09-19,CUST0149,P0053,1,0.05,422.63,329.18,401.5,72.32,West,Completed
ORD07286,2024-09-19,CUST0224,P0140,1,0.1,12142.58,7367.6,10928.32,3560.72,West,Completed
ORD00571,2024-09-19,CUST0424,P0119,3,0.0,11965.18,9132.35,35895.54,8498.49,West,Completed
ORD03375,2024-09-19,CUST0753,P0151,3,0.0,5830.9,4665.5,17492.7,3496.2,East,Completed
ORD03117,2024-09-19,CUST0148,P0028,1,0.1,1126.53,825.36,1013.88,188.52,North,Completed
ORD05242,2024-09-19,CUST0810,P0162,1,0.15,46811.03,27452.25,39789.38,12337.13,North,Completed
ORD02811,2024-09-19,CUST0740,P0088,1,0.0,58121.47,37608.48,58121.47,20512.99,East,Completed
ORD07363,2024-09-19,CUST0166,P0028,1,0.2,1126.53,825.36,901.22,75.86,North,Completed
ORD06857,2024-09-19,CUST0149,P0187,5,0.2,184.91,120.68,739.64,136.24,West,Completed
ORD02200,2024-09-20,CUST0680,P0163,1,0.1,3768.33,3060.43,3391.5,331.07,South,Completed
ORD01403,2024-09-20,CUST0320,P0014,4,0.1,18597.52,13817.51,66951.07,11681.03,West,Completed
ORD07935,2024-09-20,CUST0369,P0179,2,0.05,12818.17,8758.44,24354.52,6837.64,West,Completed
ORD00266,2024-09-20,CUST0522,P0041,1,0.1,4003.54,2383.24,3603.19,1219.95,East,Completed
ORD07713,2024-09-20,CUST0161,P0133,3,0.15,30154.78,21233.5,76894.69,13194.19,North,Pending
ORD01118,2024-09-20,CUST0614,P0179,3,0.05,12818.17,8758.44,36531.78,10256.46,East,Completed
ORD04372,2024-09-20,CUST0916,P0177,1,0.1,783.92,493.62,705.53,211.91,East,Completed
ORD04443,2024-09-20,CUST0950,P0116,1,0.15,41570.44,24508.05,35334.87,10826.82,East,Completed
ORD00581,2024-09-20,CUST0285,P0149,4,0.0,2427.19,1691.68,9708.76,2942.04,West,Completed
ORD08953,2024-09-20,CUST0426,P0157,3,0.0,1290.11,764.14,3870.33,1577.91,East,Completed
ORD08062,2024-09-20,CUST0525,P0156,2,0.05,44665.09,34536.09,84863.67,15791.49,North,Completed
ORD00303,2024-09-20,CUST0588,P0161,1,0.05,36827.84,23163.81,34986.45,11822.64,South,Completed
ORD03096,2024-09-20,CUST0617,P0058,2,0.05,7347.4,4878.31,13960.06,4203.44,South,Completed
ORD07566,2024-09-20,CUST0254,P0078,1,0.1,66750.32,43644.61,60075.29,16430.68,West,Completed
ORD02633,2024-09-20,CUST0935,P0111,1,0.05,32818.12,23699.05,31177.21,7478.16,North,Completed
ORD03714,2024-09-20,CUST0737,P0077,2,0.0,50047.7,37709.36,100095.4,24676.68,East,Completed
ORD01428,2024-09-21,CUST0901,P0142,2,0.2,4782.08,3282.92,7651.33,1085.49,North,Completed
ORD04808,2024-09-21,CUST0898,P0151,2,0.0,5830.9,4665.5,11661.8,2330.8,South,Completed
ORD03500,2024-09-21,CUST0104,P0034,3,0.2,143.7,100.11,344.88,44.55,West,Completed
ORD07120,2024-09-21,CUST0613,P0029,1,0.1,1310.65,844.84,1179.58,334.74,West,Completed
ORD04381,2024-09-21,CUST0293,P0104,3,0.15,22437.82,18159.1,57216.44,2739.14,West,Completed
ORD03768,2024-09-21,CUST0722,P0113,2,0.05,26426.25,19479.69,50209.88,11250.5,North,Completed
ORD03557,2024-09-21,CUST0557,P0134,1,0.1,34117.69,25387.96,30705.92,5317.96,West,Completed
ORD06500,2024-09-21,CUST0238,P0048,1,0.1,1114.29,876.19,1002.86,126.67,South,Completed
ORD00747,2024-09-21,CUST0657,P0123,2,0.05,77212.89,61788.48,146704.49,23127.53,South,Completed
ORD09003,2024-09-21,CUST0233,P0023,2,0.05,29957.89,23747.89,56919.99,9424.21,East,Completed
ORD07037,2024-09-21,CUST0783,P0031,1,0.1,12553.48,9544.5,11298.13,1753.63,East,Completed
ORD09073,2024-09-21,CUST0769,P0114,2,0.0,16683.02,10299.86,33366.04,12766.32,South,Completed
ORD01226,2024-09-21,CUST0994,P0018,2,0.1,4596.19,2818.15,8273.14,2636.84,South,Completed
ORD06097,2024-09-21,CUST0583,P0135,4,0.1,644.55,462.91,2320.38,468.74,North,Completed
ORD05992,2024-09-21,CUST0517,P0129,2,0.15,43850.97,27932.89,74546.65,18680.87,East,Pending
ORD02120,2024-09-21,CUST0835,P0172,1,0.1,53066.45,36105.87,47759.8,11653.93,West,Completed
ORD02595,2024-09-22,CUST0238,P0167,2,0.0,7469.0,4701.25,14938.0,5535.5,South,Completed
ORD09834,2024-09-22,CUST0208,P0069,1,0.05,196.15,126.8,186.34,59.54,South,Completed
ORD05193,2024-09-22,CUST0989,P0065,2,0.0,21598.4,14583.7,43196.8,14029.4,South,Completed
ORD09265,2024-09-22,CUST0063,P0164,4,0.05,8324.94,6438.05,31634.77,5882.57,North,Completed
ORD00353,2024-09-22,CUST0380,P0051,3,0.05,57445.48,35926.8,163719.62,55939.22,East,Cancelled
ORD04011,2024-09-22,CUST0092,P0099,4,0.1,908.9,743.94,3272.04,296.28,West,Completed
ORD08368,2024-09-22,CUST0568,P0175,1,0.15,791.76,614.23,673.0,58.77,West,Completed
ORD03521,2024-09-22,CUST0585,P0063,2,0.15,12786.65,8472.2,21737.3,4792.9,East,Completed
ORD03553,2024-09-22,CUST0843,P0175,3,0.2,791.76,614.23,1900.22,57.53,East,Completed
ORD05922,2024-09-22,CUST0771,P0018,2,0.05,4596.19,2818.15,8732.76,3096.46,West,Completed
ORD08316,2024-09-22,CUST0920,P0008,2,0.0,68633.55,51583.32,137267.1,34100.46,West,Pending
ORD06906,2024-09-22,CUST0495,P0142,1,0.0,4782.08,3282.92,4782.08,1499.16,North,Completed
ORD05202,2024-09-22,CUST0435,P0072,1,0.1,28334.52,18780.23,25501.07,6720.84,South,Completed
ORD07261,2024-09-22,CUST0222,P0037,3,0.05,58358.81,45854.58,166322.61,28758.87,South,Completed
ORD08360,2024-09-22,CUST0444,P0153,2,0.15,318.53,240.18,541.5,61.14,South,Completed
ORD05037,2024-09-23,CUST0768,P0015,2,0.1,18890.43,14292.88,34002.77,5417.01,East,Completed
ORD00090,2024-09-23,CUST0186,P0180,2,0.2,23838.69,16889.32,38141.9,4363.26,North,Pending
ORD00437,2024-09-23,CUST0405,P0179,3,0.1,12818.17,8758.44,34609.06,8333.74,South,Completed
ORD03320,2024-09-23,CUST0757,P0192,1,0.0,20821.66,13717.57,20821.66,7104.09,West,Completed
ORD01341,2024-09-23,CUST0514,P0012,2,0.1,4072.78,2687.49,7331.0,1956.02,East,Completed
ORD04051,2024-09-23,CUST0131,P0145,1,0.15,360.46,274.8,306.39,31.59,North,Completed
ORD04939,2024-09-23,CUST0833,P0065,1,0.15,21598.4,14583.7,18358.64,3774.94,North,Completed
ORD01486,2024-09-23,CUST0985,P0076,1,0.15,20055.1,12211.29,17046.84,4835.55,West,Completed
ORD00924,2024-09-23,CUST0514,P0070,2,0.05,56679.56,41863.05,107691.16,23965.06,East,Completed
ORD08224,2024-09-23,CUST0506,P0164,3,0.0,8324.94,6438.05,24974.82,5660.67,North,Completed
ORD02525,2024-09-23,CUST0439,P0152,3,0.1,5896.48,4498.55,15920.5,2424.85,West,Completed
ORD08338,2024-09-23,CUST0976,P0081,1,0.1,11112.68,6733.47,10001.41,3267.94,East,Completed
ORD07659,2024-09-23,CUST0720,P0197,1,0.0,15133.72,11886.63,15133.72,3247.09,North,Completed
ORD01768,2024-09-23,CUST0231,P0136,1,0.1,3029.54,2200.52,2726.59,526.07,South,Completed
ORD01763,2024-09-23,CUST0680,P0192,2,0.1,20821.66,13717.57,37478.99,10043.85,South,Completed
ORD04651,2024-09-23,CUST0229,P0146,1,0.1,11482.27,8693.26,10334.04,1640.78,West,Completed
ORD08712,2024-09-23,CUST0971,P0185,1,0.0,76508.26,54062.35,76508.26,22445.91,East,Completed
ORD01404,2024-09-24,CUST0102,P0015,1,0.0,18890.43,14292.88,18890.43,4597.55,South,Completed
ORD06758,2024-09-24,CUST0646,P0037,2,0.0,58358.81,45854.58,116717.62,25008.46,North,Completed
ORD09810,2024-09-24,CUST0263,P0060,1,0.2,32036.99,25220.68,25629.59,408.91,North,Completed
ORD05134,2024-09-24,CUST0143,P0168,1,0.05,1780.85,1042.33,1691.81,649.48,West,Completed
ORD09537,2024-09-24,CUST0240,P0095,2,0.0,9513.49,6495.4,19026.98,6036.18,North,Completed
ORD07448,2024-09-24,CUST0571,P0094,1,0.15,77812.86,47690.34,66140.93,18450.59,West,Completed
ORD01528,2024-09-24,CUST0491,P0043,2,0.05,528.82,390.77,1004.76,223.22,North,Completed
ORD04958,2024-09-24,CUST0893,P0041,1,0.15,4003.54,2383.24,3403.01,1019.77,North,Completed
ORD00368,2024-09-25,CUST0214,P0040,4,0.15,568.55,361.32,1933.07,487.79,South,Completed
ORD01344,2024-09-25,CUST0211,P0142,2,0.2,4782.08,3282.92,7651.33,1085.49,West,Completed
ORD09011,2024-09-25,CUST0091,P0037,3,0.05,58358.81,45854.58,166322.61,28758.87,North,Completed
ORD07515,2024-09-25,CUST0282,P0149,1,0.1,2427.19,1691.68,2184.47,492.79,West,Completed
ORD09130,2024-09-25,CUST0060,P0170,1,0.05,750.66,462.97,713.13,250.16,South,Cancelled
ORD01844,2024-09-25,CUST0205,P0165,2,0.05,728.57,514.38,1384.28,355.52,North,Completed
ORD02468,2024-09-25,CUST0906,P0049,4,0.15,56396.41,44202.58,191747.79,14937.47,South,Completed
ORD02620,2024-09-25,CUST0181,P0121,3,0.05,975.23,645.82,2779.41,841.95,East,Completed
ORD07613,2024-09-25,CUST0855,P0123,1,0.0,77212.89,61788.48,77212.89,15424.41,East,Completed
ORD01423,2024-09-25,CUST0805,P0156,2,0.15,44665.09,34536.09,75930.65,6858.47,West,Completed
ORD07650,2024-09-25,CUST0077,P0192,4,0.0,20821.66,13717.57,83286.64,28416.36,East,Completed
ORD08265,2024-09-26,CUST0740,P0118,2,0.1,36939.5,23012.67,66491.1,20465.76,East,Completed
ORD00340,2024-09-26,CUST0382,P0163,1,0.05,3768.33,3060.43,3579.91,519.48,North,Completed
ORD09546,2024-09-26,CUST0116,P0030,1,0.0,23508.75,18216.9,23508.75,5291.85,West,Completed
ORD02510,2024-09-26,CUST0103,P0138,1,0.05,30903.45,21958.56,29358.28,7399.72,South,Completed
ORD03374,2024-09-26,CUST0783,P0005,1,0.1,759.62,541.79,683.66,141.87,East,Completed
ORD04509,2024-09-26,CUST0337,P0136,2,0.0,3029.54,2200.52,6059.08,1658.04,East,Completed
ORD01743,2024-09-26,CUST0858,P0053,2,0.1,422.63,329.18,760.73,102.37,South,Completed
ORD04973,2024-09-26,CUST0160,P0056,1,0.0,312.97,191.98,312.97,120.99,North,Completed
ORD09508,2024-09-26,CUST0186,P0005,1,0.05,759.62,541.79,721.64,179.85,North,Completed
ORD04726,2024-09-26,CUST0581,P0183,3,0.15,66902.29,49511.88,170600.84,22065.2,West,Completed
ORD04586,2024-09-26,CUST0052,P0078,4,0.05,66750.32,43644.61,253651.22,79072.78,West,Completed
ORD07980,2024-09-26,CUST0102,P0156,2,0.0,44665.09,34536.09,89330.18,20258.0,South,Completed
ORD00516,2024-09-26,CUST0153,P0111,1,0.1,32818.12,23699.05,29536.31,5837.26,East,Completed
ORD08540,2024-09-26,CUST0826,P0196,4,0.05,385.78,231.62,1465.96,539.48,West,Completed
ORD08465,2024-09-26,CUST0213,P0078,4,0.0,66750.32,43644.61,267001.28,92422.84,North,Completed
ORD03488,2024-09-27,CUST0145,P0153,5,0.1,318.53,240.18,1433.38,232.48,South,Completed
ORD05679,2024-09-27,CUST0670,P0155,2,0.1,9808.49,7104.6,17655.28,3446.08,North,Completed
ORD04583,2024-09-27,CUST0533,P0134,1,0.15,34117.69,25387.96,29000.04,3612.08,East,Pending
ORD02623,2024-09-27,CUST0612,P0040,2,0.0,568.55,361.32,1137.1,414.46,South,Completed
ORD00008,2024-09-27,CUST0375,P0075,1,0.0,6740.18,4364.5,6740.18,2375.68,North,Completed
ORD05012,2024-09-27,CUST0558,P0075,1,0.2,6740.18,4364.5,5392.14,1027.64,East,Completed
ORD08066,2024-09-27,CUST0769,P0010,1,0.05,16072.59,10816.67,15268.96,4452.29,South,Cancelled
ORD09174,2024-09-27,CUST0900,P0104,1,0.0,22437.82,18159.1,22437.82,4278.72,South,Completed
ORD07030,2024-09-27,CUST0243,P0112,1,0.1,20043.19,13117.75,18038.87,4921.12,North,Completed
ORD03034,2024-09-27,CUST0176,P0162,1,0.15,46811.03,27452.25,39789.38,12337.13,West,Completed
ORD06455,2024-09-27,CUST0348,P0173,3,0.0,4259.82,3133.66,12779.46,3378.48,East,Completed
ORD09928,2024-09-27,CUST0084,P0065,1,0.05,21598.4,14583.7,20518.48,5934.78,West,Completed
ORD08700,2024-09-28,CUST0869,P0175,2,0.15,791.76,614.23,1345.99,117.53,South,Completed
ORD08086,2024-09-28,CUST0686,P0144,1,0.0,501.46,362.98,501.46,138.48,North,Completed
ORD06710,2024-09-28,CUST0391,P0047,2,0.15,1004.63,793.19,1707.87,121.49,South,Completed
ORD04658,2024-09-28,CUST0227,P0072,1,0.1,28334.52,18780.23,25501.07,6720.84,East,Completed
ORD07512,2024-09-28,CUST0140,P0161,2,0.15,36827.84,23163.81,62607.33,16279.71,South,Completed
ORD01918,2024-09-28,CUST0153,P0040,2,0.0,568.55,361.32,1137.1,414.46,East,Completed
ORD06351,2024-09-28,CUST0252,P0111,3,0.1,32818.12,23699.05,88608.92,17511.77,West,Completed
ORD03707,2024-09-28,CUST0850,P0105,2,0.15,17543.79,10886.17,29824.44,8052.1,West,Completed
ORD04513,2024-09-28,CUST0670,P0129,5,0.1,43850.97,27932.89,197329.37,57664.92,North,Completed
ORD06420,2024-09-28,CUST0821,P0087,4,0.05,11879.48,8267.83,45142.02,12070.7,North,Completed
ORD02919,2024-09-28,CUST0153,P0155,1,0.1,9808.49,7104.6,8827.64,1723.04,East,Completed
ORD00231,2024-09-28,CUST0197,P0080,1,0.1,67342.32,40846.14,60608.09,19761.95,East,Completed
ORD01469,2024-09-28,CUST0576,P0096,1,0.2,22714.55,15565.72,18171.64,2605.92,East,Completed
ORD04852,2024-09-28,CUST0850,P0184,2,0.1,20719.38,13335.4,37294.88,10624.08,West,Cancelled
ORD04369,2024-09-28,CUST0561,P0090,2,0.05,446.05,334.33,847.5,178.84,South,Completed
ORD05764,2024-09-28,CUST0962,P0121,3,0.0,975.23,645.82,2925.69,988.23,North,Completed
ORD06974,2024-09-29,CUST0803,P0040,5,0.0,568.55,361.32,2842.75,1036.15,East,Completed
ORD01479,2024-09-29,CUST0106,P0179,1,0.15,12818.17,8758.44,10895.44,2137.0,North,Completed
ORD05404,2024-09-29,CUST0735,P0169,1,0.1,12339.56,8305.1,11105.6,2800.5,West,Completed
ORD01541,2024-09-29,CUST0281,P0087,5,0.1,11879.48,8267.83,53457.66,12118.51,East,Completed
ORD09584,2024-09-29,CUST0842,P0165,2,0.0,728.57,514.38,1457.14,428.38,North,Completed
ORD02874,2024-09-29,CUST0787,P0090,1,0.05,446.05,334.33,423.75,89.42,East,Completed
ORD01597,2024-09-29,CUST0798,P0084,2,0.0,52737.3,39276.81,105474.6,26920.98,North,Completed
ORD04414,2024-09-29,CUST0074,P0153,3,0.1,318.53,240.18,860.03,139.49,South,Completed
ORD07419,2024-09-29,CUST0763,P0176,4,0.0,9388.62,6512.18,37554.48,11505.76,South,Completed
ORD09436,2024-09-29,CUST0935,P0043,2,0.15,528.82,390.77,898.99,117.45,North,Completed
ORD05311,2024-09-29,CUST0431,P0056,4,0.0,312.97,191.98,1251.88,483.96,South,Completed
ORD05550,2024-09-29,CUST0848,P0139,1,0.1,26827.4,18117.75,24144.66,6026.91,East,Completed
ORD04846,2024-09-29,CUST0708,P0082,3,0.1,14583.87,9123.23,39376.45,12006.76,East,Completed
ORD08193,2024-09-30,CUST0636,P0139,2,0.0,26827.4,18117.75,53654.8,17419.3,West,Completed
ORD04584,2024-09-30,CUST0979,P0177,3,0.05,783.92,493.62,2234.17,753.31,East,Completed
ORD04180,2024-09-30,CUST0735,P0109,1,0.15,17118.52,11998.2,14550.74,2552.54,West,Completed
ORD04994,2024-09-30,CUST0033,P0049,2,0.15,56396.41,44202.58,95873.9,7468.74,North,Completed
ORD00227,2024-09-30,CUST0694,P0054,1,0.0,34828.61,21081.63,34828.61,13746.98,North,Completed
ORD00220,2024-09-30,CUST0353,P0107,5,0.1,72638.94,50890.24,326875.23,72424.03,East,Completed
ORD00258,2024-09-30,CUST0655,P0076,3,0.0,20055.1,12211.29,60165.3,23531.43,West,Cancelled
ORD03006,2024-10-01,CUST0363,P0053,1,0.05,422.63,329.18,401.5,72.32,South,Completed
ORD05941,2024-10-01,CUST0455,P0161,4,0.0,36827.84,23163.81,147311.36,54656.12,North,Pending
ORD02316,2024-10-01,CUST0119,P0079,2,0.1,409.51,310.64,737.12,115.84,East,Completed
ORD08739,2024-10-01,CUST0569,P0079,3,0.1,409.51,310.64,1105.68,173.76,West,Completed
ORD02780,2024-10-01,CUST0749,P0187,1,0.05,184.91,120.68,175.66,54.98,West,Cancelled
ORD04041,2024-10-01,CUST0234,P0129,2,0.05,43850.97,27932.89,83316.84,27451.06,South,Completed
ORD05520,2024-10-01,CUST0241,P0050,2,0.1,8890.7,6907.47,16003.26,2188.32,South,Completed
ORD01606,2024-10-01,CUST0753,P0031,2,0.1,12553.48,9544.5,22596.26,3507.26,East,Cancelled
ORD04165,2024-10-01,CUST0114,P0044,1,0.1,59463.82,38619.72,53517.44,14897.72,South,Pending
ORD07702,2024-10-01,CUST0546,P0151,2,0.15,5830.9,4665.5,9912.53,581.53,North,Completed
ORD02332,2024-10-01,CUST0394,P0169,1,0.05,12339.56,8305.1,11722.58,3417.48,South,Completed
ORD03576,2024-10-01,CUST0104,P0166,4,0.15,47059.67,34982.34,160002.88,20073.52,West,Completed
ORD02175,2024-10-01,CUST0399,P0006,1,0.0,51610.25,30768.51,51610.25,20841.74,East,Completed
ORD02201,2024-10-01,CUST0047,P0156,3,0.05,44665.09,34536.09,127295.51,23687.24,East,Completed
ORD05713,2024-10-01,CUST0797,P0200,3,0.0,37954.59,28614.99,113863.77,28018.8,East,Completed
ORD09534,2024-10-02,CUST0557,P0073,3,0.1,15561.42,10813.46,42015.83,9575.45,West,Completed
ORD01081,2024-10-02,CUST0832,P0146,1,0.05,11482.27,8693.26,10908.16,2214.9,South,Completed
ORD04362,2024-10-02,CUST0952,P0136,2,0.05,3029.54,2200.52,5756.13,1355.09,East,Completed
ORD07434,2024-10-02,CUST0381,P0097,2,0.1,11100.34,7751.47,19980.61,4477.67,North,Completed
ORD02284,2024-10-02,CUST0916,P0144,1,0.0,501.46,362.98,501.46,138.48,East,Completed
ORD00323,2024-10-02,CUST0561,P0047,1,0.05,1004.63,793.19,954.4,161.21,South,Completed
ORD03194,2024-10-02,CUST0091,P0130,3,0.05,58219.77,46803.43,165926.34,25516.05,North,Completed
ORD02275,2024-10-02,CUST0007,P0095,1,0.0,9513.49,6495.4,9513.49,3018.09,South,Completed
ORD09446,2024-10-02,CUST0411,P0065,2,0.05,21598.4,14583.7,41036.96,11869.56,East,Pending
ORD06365,2024-10-02,CUST0280,P0185,1,0.1,76508.26,54062.35,68857.43,14795.08,South,Completed
ORD03528,2024-10-03,CUST0085,P0049,5,0.1,56396.41,44202.58,253783.85,32770.95,South,Completed
ORD06803,2024-10-03,CUST0052,P0041,1,0.2,4003.54,2383.24,3202.83,819.59,West,Completed
ORD01077,2024-10-03,CUST0776,P0056,2,0.0,312.97,191.98,625.94,241.98,East,Completed
ORD00746,2024-10-03,CUST0688,P0167,1,0.05,7469.0,4701.25,7095.55,2394.3,West,Completed
ORD05167,2024-10-03,CUST0718,P0160,3,0.0,680.29,502.6,2040.87,533.07,West,Completed
ORD00956,2024-10-03,CUST0565,P0059,1,0.05,1247.06,804.27,1184.71,380.44,West,Completed
ORD08013,2024-10-03,CUST0462,P0087,1,0.05,11879.48,8267.83,11285.51,3017.68,North,Completed
ORD06140,2024-10-03,CUST0217,P0065,2,0.0,21598.4,14583.7,43196.8,14029.4,West,Completed
ORD02330,2024-10-03,CUST0929,P0060,1,0.05,32036.99,25220.68,30435.14,5214.46,South,Completed
ORD06197,2024-10-03,CUST0059,P0045,4,0.0,2217.01,1355.93,8868.04,3444.32,West,Completed
ORD02126,2024-10-03,CUST0075,P0034,3,0.1,143.7,100.11,387.99,87.66,West,Completed
ORD03955,2024-10-03,CUST0052,P0009,1,0.1,724.93,490.11,652.44,162.33,West,Completed
ORD02538,2024-10-03,CUST0956,P0014,4,0.05,18597.52,13817.51,70670.58,15400.54,West,Completed
ORD01785,2024-10-03,CUST0927,P0052,1,0.05,7440.54,4865.29,7068.51,2203.22,South,Completed
ORD04366,2024-10-03,CUST0420,P0108,1,0.1,673.74,534.39,606.37,71.98,South,Completed
ORD08227,2024-10-03,CUST0922,P0081,3,0.05,11112.68,6733.47,31671.14,11470.73,West,Completed
ORD03876,2024-10-04,CUST0837,P0002,3,0.1,6203.85,4038.58,16750.4,4634.66,West,Completed
ORD00216,2024-10-04,CUST0908,P0049,1,0.05,56396.41,44202.58,53576.59,9374.01,East,Completed
ORD07686,2024-10-04,CUST0949,P0041,2,0.0,4003.54,2383.24,8007.08,3240.6,West,Completed
ORD05770,2024-10-04,CUST0021,P0007,2,0.1,8223.62,4942.96,14802.52,4916.6,North,Completed
ORD00158,2024-10-04,CUST0783,P0155,3,0.1,9808.49,7104.6,26482.92,5169.12,East,Completed
ORD03929,2024-10-04,CUST0737,P0130,1,0.05,58219.77,46803.43,55308.78,8505.35,East,Completed
ORD03523,2024-10-04,CUST0589,P0082,1,0.05,14583.87,9123.23,13854.68,4731.45,East,Completed
ORD04797,2024-10-04,CUST0472,P0138,1,0.0,30903.45,21958.56,30903.45,8944.89,North,Completed
ORD02727,2024-10-04,CUST0852,P0075,4,0.15,6740.18,4364.5,22916.61,5458.61,North,Completed
ORD06531,2024-10-04,CUST0646,P0195,2,0.05,15240.21,11813.53,28956.4,5329.34,North,Completed
ORD09538,2024-10-04,CUST0557,P0160,1,0.05,680.29,502.6,646.28,143.68,West,Completed
ORD04609,2024-10-04,CUST0620,P0181,1,0.0,8670.4,5624.95,8670.4,3045.45,North,Completed
ORD01990,2024-10-04,CUST0404,P0067,2,0.05,5933.02,4559.02,11272.74,2154.7,North,Completed
ORD00737,2024-10-05,CUST0515,P0022,2,0.0,68945.25,50670.94,137890.5,36548.62,West,Completed
ORD03839,2024-10-05,CUST0617,P0131,1,0.15,896.08,597.69,761.67,163.98,South,Completed
ORD07509,2024-10-05,CUST0542,P0197,3,0.15,15133.72,11886.63,38590.99,2931.1,South,Completed
ORD05324,2024-10-05,CUST0915,P0156,2,0.2,44665.09,34536.09,71464.14,2391.96,East,Completed
ORD02758,2024-10-05,CUST0552,P0007,3,0.0,8223.62,4942.96,24670.86,9841.98,East,Completed
ORD02602,2024-10-05,CUST0362,P0167,1,0.05,7469.0,4701.25,7095.55,2394.3,West,Completed
ORD04254,2024-10-05,CUST0165,P0143,1,0.15,56727.96,35563.32,48218.77,12655.45,West,Completed
ORD07301,2024-10-05,CUST0940,P0069,2,0.1,196.15,126.8,353.07,99.47,West,Completed
ORD05378,2024-10-05,CUST0235,P0193,1,0.15,8422.11,6102.6,7158.79,1056.19,East,Completed
ORD07947,2024-10-05,CUST0760,P0180,1,0.05,23838.69,16889.32,22646.76,5757.44,South,Cancelled
ORD00953,2024-10-05,CUST0471,P0174,2,0.1,46343.47,28863.63,83418.25,25690.99,South,Completed
ORD02563,2024-10-05,CUST0890,P0029,3,0.05,1310.65,844.84,3735.35,1200.83,North,Completed
ORD00358,2024-10-05,CUST0461,P0044,4,0.15,59463.82,38619.72,202176.99,47698.11,West,Completed
ORD06496,2024-10-05,CUST0077,P0054,4,0.0,34828.61,21081.63,139314.44,54987.92,East,Cancelled
ORD01246,2024-10-05,CUST0315,P0122,2,0.1,17942.76,13133.8,32296.97,6029.37,East,Completed
ORD05880,2024-10-05,CUST0553,P0159,1,0.0,54205.42,36083.24,54205.42,18122.18,East,Completed
ORD04603,2024-10-05,CUST0628,P0109,1,0.15,17118.52,11998.2,14550.74,2552.54,North,Completed
ORD02842,2024-10-06,CUST0706,P0061,1,0.1,49224.25,33194.34,44301.82,11107.48,East,Completed
ORD02544,2024-10-06,CUST0545,P0044,4,0.05,59463.82,38619.72,225962.52,71483.64,West,Completed
ORD04872,2024-10-06,CUST0110,P0030,4,0.0,23508.75,18216.9,94035.0,21167.4,West,Completed
ORD05062,2024-10-06,CUST0095,P0034,1,0.1,143.7,100.11,129.33,29.22,West,Cancelled
ORD07254,2024-10-06,CUST0585,P0193,1,0.0,8422.11,6102.6,8422.11,2319.51,East,Completed
ORD08810,2024-10-06,CUST0748,P0180,1,0.15,23838.69,16889.32,20262.89,3373.57,West,Completed
ORD00990,2024-10-06,CUST0164,P0067,1,0.1,5933.02,4559.02,5339.72,780.7,East,Completed
ORD02720,2024-10-06,CUST0128,P0076,3,0.05,20055.1,12211.29,57157.04,20523.17,South,Completed
ORD02821,2024-10-06,CUST0353,P0194,2,0.0,13118.34,8489.04,26236.68,9258.6,East,Completed
ORD06963,2024-10-06,CUST0968,P0157,1,0.2,1290.11,764.14,1032.09,267.95,South,Completed
ORD04395,2024-10-06,CUST0080,P0111,2,0.0,32818.12,23699.05,65636.24,18238.14,West,Pending
ORD01503,2024-10-06,CUST0198,P0002,1,0.0,6203.85,4038.58,6203.85,2165.27,West,Completed
ORD00862,2024-10-06,CUST0416,P0137,1,0.15,3327.18,2091.19,2828.1,736.91,South,Completed
ORD07390,2024-10-06,CUST0531,P0032,4,0.0,39614.35,24714.41,158457.4,59599.76,South,Completed
ORD07699,2024-10-06,CUST0369,P0111,1,0.05,32818.12,23699.05,31177.21,7478.16,West,Completed
ORD05375,2024-10-06,CUST0353,P0140,5,0.05,12142.58,7367.6,57677.26,20839.26,East,Completed
ORD09391,2024-10-06,CUST0103,P0056,2,0.0,312.97,191.98,625.94,241.98,South,Completed
ORD00164,2024-10-06,CUST0820,P0001,1,0.1,796.95,617.19,717.26,100.07,West,Completed
ORD02216,2024-10-07,CUST0711,P0152,1,0.0,5896.48,4498.55,5896.48,1397.93,East,Completed
ORD05334,2024-10-07,CUST0796,P0199,2,0.0,404.58,321.41,809.16,166.34,South,Completed
ORD09322,2024-10-07,CUST0016,P0189,1,0.0,38312.77,25713.12,38312.77,12599.65,West,Completed
ORD03693,2024-10-07,CUST0334,P0111,2,0.15,32818.12,23699.05,55790.8,8392.7,East,Completed
ORD01023,2024-10-07,CUST0189,P0038,1,0.05,25137.53,20080.78,23880.65,3799.87,North,Completed
ORD03358,2024-10-07,CUST0546,P0136,1,0.15,3029.54,2200.52,2575.11,374.59,North,Completed
ORD01969,2024-10-07,CUST0383,P0068,2,0.15,41326.98,32432.51,70255.87,5390.85,North,Completed
ORD07854,2024-10-07,CUST0608,P0126,3,0.15,41856.24,33581.85,106733.41,5987.86,West,Completed
ORD03968,2024-10-07,CUST0431,P0136,5,0.0,3029.54,2200.52,15147.7,4145.1,South,Completed
ORD00988,2024-10-08,CUST0066,P0080,1,0.15,67342.32,40846.14,57240.97,16394.83,West,Completed
ORD09802,2024-10-08,CUST0132,P0079,2,0.0,409.51,310.64,819.02,197.74,South,Completed
ORD03815,2024-10-08,CUST0832,P0048,1,0.1,1114.29,876.19,1002.86,126.67,South,Completed
ORD01627,2024-10-08,CUST0070,P0176,4,0.2,9388.62,6512.18,30043.58,3994.86,East,Completed
ORD08862,2024-10-08,CUST0262,P0188,3,0.05,5272.37,3130.49,15026.25,5634.78,West,Completed
ORD05067,2024-10-08,CUST0007,P0192,1,0.15,20821.66,13717.57,17698.41,3980.84,South,Completed
ORD08045,2024-10-08,CUST0136,P0157,2,0.1,1290.11,764.14,2322.2,793.92,West,Completed
ORD03455,2024-10-08,CUST0114,P0085,3,0.1,73872.61,56554.21,199456.05,29793.42,South,Completed
ORD03838,2024-10-08,CUST0640,P0043,1,0.15,528.82,390.77,449.5,58.73,West,Completed
ORD01800,2024-10-08,CUST0617,P0034,2,0.05,143.7,100.11,273.03,72.81,South,Completed
ORD02499,2024-10-08,CUST0820,P0155,2,0.05,9808.49,7104.6,18636.13,4426.93,West,Completed
ORD08489,2024-10-09,CUST0771,P0089,1,0.1,74892.61,50603.0,67403.35,16800.35,West,Completed
ORD05039,2024-10-09,CUST0727,P0023,4,0.1,29957.89,23747.89,107848.4,12856.84,East,Completed
ORD00187,2024-10-09,CUST0011,P0194,5,0.2,13118.34,8489.04,52473.36,10028.16,North,Completed
ORD04629,2024-10-09,CUST0285,P0176,3,0.0,9388.62,6512.18,28165.86,8629.32,West,Completed
ORD07681,2024-10-09,CUST0855,P0034,3,0.15,143.7,100.11,366.43,66.1,East,Completed
ORD01291,2024-10-09,CUST0357,P0159,1,0.2,54205.42,36083.24,43364.34,7281.1,North,Cancelled
ORD06142,2024-10-09,CUST0871,P0175,3,0.0,791.76,614.23,2375.28,532.59,East,Completed
ORD02304,2024-10-09,CUST0210,P0074,1,0.0,40981.75,23771.65,40981.75,17210.1,East,Completed
ORD01228,2024-10-09,CUST0705,P0133,1,0.1,30154.78,21233.5,27139.3,5905.8,West,Completed
ORD04556,2024-10-09,CUST0841,P0088,3,0.1,58121.47,37608.48,156927.97,44102.53,East,Completed
ORD07553,2024-10-10,CUST0638,P0102,1,0.1,4149.23,2427.22,3734.31,1307.09,West,Completed
ORD06347,2024-10-10,CUST0826,P0102,5,0.05,4149.23,2427.22,19708.84,7572.74,West,Completed
ORD00442,2024-10-10,CUST0743,P0074,2,0.1,40981.75,23771.65,73767.15,26223.85,North,Cancelled
ORD01065,2024-10-10,CUST0834,P0192,2,0.05,20821.66,13717.57,39561.15,12126.01,East,Completed
ORD06378,2024-10-10,CUST0868,P0194,3,0.05,13118.34,8489.04,37387.27,11920.15,South,Completed
ORD07868,2024-10-10,CUST0755,P0087,5,0.1,11879.48,8267.83,53457.66,12118.51,East,Completed
ORD07139,2024-10-10,CUST0857,P0069,2,0.0,196.15,126.8,392.3,138.7,South,Completed
ORD08958,2024-10-10,CUST0280,P0063,3,0.0,12786.65,8472.2,38359.95,12943.35,South,Completed
ORD05055,2024-10-10,CUST0059,P0187,1,0.1,184.91,120.68,166.42,45.74,West,Completed
ORD06344,2024-10-10,CUST0594,P0082,1,0.05,14583.87,9123.23,13854.68,4731.45,West,Completed
ORD03385,2024-10-10,CUST0909,P0068,2,0.1,41326.98,32432.51,74388.56,9523.54,East,Completed
ORD08581,2024-10-10,CUST0526,P0129,2,0.15,43850.97,27932.89,74546.65,18680.87,South,Completed
ORD06461,2024-10-10,CUST0577,P0071,5,0.1,35759.59,27998.22,160918.16,20927.06,West,Completed
ORD04644,2024-10-10,CUST0387,P0079,2,0.05,409.51,310.64,778.07,156.79,West,Completed
ORD05165,2024-10-10,CUST0053,P0119,4,0.15,11965.18,9132.35,40681.61,4152.21,East,Completed
ORD03527,2024-10-10,CUST0799,P0097,2,0.0,11100.34,7751.47,22200.68,6697.74,East,Completed
ORD06674,2024-10-10,CUST0541,P0166,2,0.1,47059.67,34982.34,84707.41,14742.73,South,Completed
ORD07834,2024-10-10,CUST0475,P0048,1,0.1,1114.29,876.19,1002.86,126.67,West,Completed
ORD01576,2024-10-10,CUST0072,P0111,2,0.0,32818.12,23699.05,65636.24,18238.14,East,Completed
ORD04914,2024-10-10,CUST0278,P0080,1,0.0,67342.32,40846.14,67342.32,26496.18,West,Completed
ORD06783,2024-10-11,CUST0317,P0199,1,0.05,404.58,321.41,384.35,62.94,West,Completed
ORD03311,2024-10-11,CUST0287,P0112,3,0.05,20043.19,13117.75,57123.09,17769.84,South,Completed
ORD02855,2024-10-11,CUST0077,P0013,3,0.05,8923.66,6594.73,25432.43,5648.24,East,Completed
ORD00833,2024-10-11,CUST0040,P0091,3,0.0,49350.46,32483.04,148051.38,50602.26,East,Completed
ORD04170,2024-10-11,CUST0359,P0050,1,0.1,8890.7,6907.47,8001.63,1094.16,South,Completed
ORD02531,2024-10-11,CUST0657,P0064,4,0.0,20038.07,13846.76,80152.28,24765.24,South,Completed
ORD07700,2024-10-11,CUST0121,P0018,1,0.15,4596.19,2818.15,3906.76,1088.61,West,Completed
ORD01893,2024-10-11,CUST0214,P0187,2,0.05,184.91,120.68,351.33,109.97,South,Completed
ORD04655,2024-10-11,CUST0282,P0151,3,0.1,5830.9,4665.5,15743.43,1746.93,West,Completed
ORD09727,2024-10-11,CUST0107,P0066,2,0.0,15521.48,11472.78,31042.96,8097.4,East,Completed
ORD09128,2024-10-11,CUST0774,P0094,2,0.1,77812.86,47690.34,140063.15,44682.47,East,Completed
ORD08903,2024-10-11,CUST0375,P0194,2,0.05,13118.34,8489.04,24924.85,7946.77,North,Completed
ORD01109,2024-10-11,CUST0886,P0120,3,0.05,57866.38,42176.37,164919.18,38390.07,East,Completed
ORD01878,2024-10-11,CUST0172,P0042,1,0.1,10683.47,6548.45,9615.12,3066.67,South,Completed
ORD03850,2024-10-11,CUST0492,P0152,3,0.0,5896.48,4498.55,17689.44,4193.79,South,Completed
ORD07280,2024-10-11,CUST0261,P0115,3,0.1,9526.21,7338.52,25720.77,3705.21,North,Completed
ORD03907,2024-10-11,CUST0072,P0195,1,0.2,15240.21,11813.53,12192.17,378.64,East,Completed
ORD09514,2024-10-12,CUST0623,P0015,3,0.05,18890.43,14292.88,53837.73,10959.09,West,Completed
ORD03252,2024-10-12,CUST0202,P0007,1,0.15,8223.62,4942.96,6990.08,2047.12,West,Cancelled
ORD00401,2024-10-12,CUST0045,P0173,1,0.1,4259.82,3133.66,3833.84,700.18,South,Completed
ORD09055,2024-10-12,CUST0920,P0166,1,0.0,47059.67,34982.34,47059.67,12077.33,West,Cancelled
ORD08970,2024-10-12,CUST0888,P0098,1,0.05,15055.62,11767.46,14302.84,2535.38,North,Completed
ORD07619,2024-10-12,CUST0201,P0019,3,0.15,27844.42,18931.51,71003.27,14208.74,West,Completed
ORD07347,2024-10-12,CUST0806,P0168,2,0.2,1780.85,1042.33,2849.36,764.7,South,Completed
ORD03291,2024-10-12,CUST0071,P0146,1,0.0,11482.27,8693.26,11482.27,2789.01,West,Completed
ORD06070,2024-10-12,CUST0915,P0046,3,0.1,61902.8,37121.36,167137.56,55773.48,East,Completed
ORD07860,2024-10-12,CUST0826,P0125,3,0.0,3155.85,2083.96,9467.55,3215.67,West,Completed
ORD08186,2024-10-12,CUST0347,P0174,2,0.2,46343.47,28863.63,74149.55,16422.29,North,Completed
ORD05681,2024-10-13,CUST0763,P0085,1,0.2,73872.61,56554.21,59098.09,2543.88,South,Completed
ORD07898,2024-10-13,CUST0663,P0010,3,0.1,16072.59,10816.67,43395.99,10945.98,North,Completed
ORD05473,2024-10-13,CUST0882,P0029,2,0.0,1310.65,844.84,2621.3,931.62,East,Completed
ORD04053,2024-10-13,CUST0993,P0052,1,0.1,7440.54,4865.29,6696.49,1831.2,South,Completed
ORD01919,2024-10-13,CUST0789,P0121,2,0.15,975.23,645.82,1657.89,366.25,South,Completed
ORD02782,2024-10-13,CUST0839,P0172,3,0.05,53066.45,36105.87,151239.38,42921.77,North,Pending
ORD07644,2024-10-13,CUST0289,P0008,2,0.0,68633.55,51583.32,137267.1,34100.46,West,Completed
ORD00977,2024-10-13,CUST0097,P0150,2,0.0,53462.03,36715.83,106924.06,33492.4,East,Completed
ORD08720,2024-10-13,CUST0446,P0095,3,0.15,9513.49,6495.4,24259.4,4773.2,South,Completed
ORD00197,2024-10-14,CUST0237,P0139,1,0.2,26827.4,18117.75,21461.92,3344.17,North,Completed
ORD03966,2024-10-14,CUST0989,P0075,2,0.1,6740.18,4364.5,12132.32,3403.32,South,Completed
ORD03895,2024-10-14,CUST0207,P0161,3,0.05,36827.84,23163.81,104959.34,35467.91,South,Completed
ORD06670,2024-10-14,CUST0278,P0061,1,0.0,49224.25,33194.34,49224.25,16029.91,West,Completed
ORD03750,2024-10-14,CUST0133,P0027,4,0.05,20926.64,14284.36,79521.23,22383.79,South,Completed
ORD01698,2024-10-14,CUST0720,P0079,3,0.05,409.51,310.64,1167.1,235.18,North,Completed
ORD06027,2024-10-14,CUST0946,P0111,1,0.1,32818.12,23699.05,29536.31,5837.26,West,Completed
ORD03063,2024-10-14,CUST0664,P0147,4,0.05,22737.01,13458.16,86400.64,32568.0,West,Completed
ORD09199,2024-10-14,CUST0399,P0051,1,0.05,57445.48,35926.8,54573.21,18646.41,East,Completed
ORD01777,2024-10-14,CUST0393,P0040,1,0.1,568.55,361.32,511.7,150.38,South,Cancelled
ORD09364,2024-10-14,CUST0071,P0136,2,0.0,3029.54,2200.52,6059.08,1658.04,West,Completed
ORD06343,2024-10-14,CUST0379,P0055,1,0.0,6422.29,4812.56,6422.29,1609.73,North,Completed
ORD00567,2024-10-14,CUST0967,P0021,3,0.1,6878.25,5112.71,18571.28,3233.15,South,Completed
ORD05238,2024-10-14,CUST0884,P0194,3,0.15,13118.34,8489.04,33451.77,7984.65,North,Completed
ORD03730,2024-10-14,CUST0157,P0037,3,0.1,58358.81,45854.58,157568.79,20005.05,South,Completed
ORD09153,2024-10-15,CUST0550,P0083,4,0.1,374.27,289.15,1347.37,190.77,South,Completed
ORD02215,2024-10-15,CUST0380,P0091,1,0.1,49350.46,32483.04,44415.41,11932.37,East,Completed
ORD08618,2024-10-15,CUST0325,P0117,2,0.05,62915.52,50890.59,119539.49,17758.31,North,Completed
ORD09869,2024-10-15,CUST0105,P0186,1,0.1,36288.91,28203.52,32660.02,4456.5,South,Completed
ORD03671,2024-10-15,CUST0545,P0126,1,0.1,41856.24,33581.85,37670.62,4088.77,West,Completed
ORD09847,2024-10-15,CUST0074,P0003,1,0.1,15581.84,9713.54,14023.66,4310.12,South,Completed
ORD02356,2024-10-15,CUST0349,P0125,2,0.1,3155.85,2083.96,5680.53,1512.61,South,Completed
ORD08021,2024-10-15,CUST0042,P0065,2,0.05,21598.4,14583.7,41036.96,11869.56,South,Completed
ORD01857,2024-10-15,CUST0161,P0103,2,0.1,585.19,454.75,1053.34,143.84,North,Completed
ORD09462,2024-10-15,CUST0009,P0041,1,0.0,4003.54,2383.24,4003.54,1620.3,South,Completed
ORD02530,2024-10-15,CUST0428,P0176,1,0.05,9388.62,6512.18,8919.19,2407.01,East,Completed
ORD07041,2024-10-15,CUST0046,P0068,3,0.0,41326.98,32432.51,123980.94,26683.41,North,Completed
ORD07321,2024-10-15,CUST0592,P0007,1,0.0,8223.62,4942.96,8223.62,3280.66,South,Cancelled
ORD04791,2024-10-15,CUST0115,P0145,4,0.2,360.46,274.8,1153.47,54.27,North,Completed
ORD03270,2024-10-16,CUST0540,P0065,2,0.05,21598.4,14583.7,41036.96,11869.56,West,Completed
ORD00705,2024-10-16,CUST0586,P0017,1,0.05,17284.69,10596.05,16420.46,5824.41,North,Completed
ORD09773,2024-10-16,CUST0913,P0097,1,0.0,11100.34,7751.47,11100.34,3348.87,North,Completed
ORD08843,2024-10-16,CUST0835,P0076,1,0.1,20055.1,12211.29,18049.59,5838.3,West,Completed
ORD04785,2024-10-16,CUST0042,P0162,1,0.0,46811.03,27452.25,46811.03,19358.78,South,Completed
ORD08125,2024-10-16,CUST0950,P0151,5,0.05,5830.9,4665.5,27696.78,4369.28,East,Completed
ORD09300,2024-10-16,CUST0716,P0044,3,0.0,59463.82,38619.72,178391.46,62532.3,North,Completed
ORD00623,2024-10-16,CUST0047,P0046,2,0.05,61902.8,37121.36,117615.32,43372.6,East,Cancelled
ORD01101,2024-10-16,CUST0666,P0018,2,0.15,4596.19,2818.15,7813.52,2177.22,North,Completed
ORD00880,2024-10-16,CUST0070,P0013,5,0.05,8923.66,6594.73,42387.38,9413.73,East,Completed
ORD05190,2024-10-16,CUST0928,P0153,3,0.15,318.53,240.18,812.25,91.71,North,Completed
ORD00915,2024-10-16,CUST0082,P0173,5,0.0,4259.82,3133.66,21299.1,5630.8,South,Completed
ORD02226,2024-10-16,CUST0042,P0116,3,0.05,41570.44,24508.05,118475.75,44951.6,South,Cancelled
ORD09636,2024-10-16,CUST0960,P0023,2,0.15,29957.89,23747.89,50928.41,3432.63,North,Completed
ORD05583,2024-10-17,CUST0916,P0045,1,0.05,2217.01,1355.93,2106.16,750.23,East,Completed
ORD08898,2024-10-17,CUST0369,P0049,4,0.0,56396.41,44202.58,225585.64,48775.32,West,Completed
ORD03961,2024-10-17,CUST0428,P0072,3,0.1,28334.52,18780.23,76503.2,20162.51,East,Pending
ORD07427,2024-10-17,CUST0971,P0071,4,0.0,35759.59,27998.22,143038.36,31045.48,East,Completed
ORD08995,2024-10-17,CUST0834,P0084,3,0.15,52737.3,39276.81,134480.12,16649.69,East,Completed
ORD00982,2024-10-17,CUST0993,P0138,2,0.1,30903.45,21958.56,55626.21,11709.09,South,Completed
ORD03198,2024-10-17,CUST0110,P0113,1,0.15,26426.25,19479.69,22462.31,2982.62,West,Completed
ORD08164,2024-10-17,CUST0667,P0033,3,0.0,54569.41,31985.14,163708.23,67752.81,South,Cancelled
ORD02421,2024-10-17,CUST0822,P0037,1,0.05,58358.81,45854.58,55440.87,9586.29,North,Completed
ORD00201,2024-10-17,CUST0461,P0198,1,0.1,715.13,510.57,643.62,133.05,West,Completed
ORD08884,2024-10-17,CUST0630,P0047,1,0.0,1004.63,793.19,1004.63,211.44,North,Completed
ORD07597,2024-10-17,CUST0830,P0180,3,0.05,23838.69,16889.32,67940.27,17272.31,West,Completed
ORD01693,2024-10-17,CUST0333,P0113,1,0.0,26426.25,19479.69,26426.25,6946.56,East,Completed
ORD07526,2024-10-17,CUST0766,P0013,1,0.1,8923.66,6594.73,8031.29,1436.56,South,Completed
ORD04833,2024-10-17,CUST0258,P0005,2,0.0,759.62,541.79,1519.24,435.66,North,Cancelled
ORD01509,2024-10-17,CUST0716,P0070,1,0.0,56679.56,41863.05,56679.56,14816.51,North,Completed
ORD02892,2024-10-18,CUST0530,P0151,1,0.1,5830.9,4665.5,5247.81,582.31,North,Completed
ORD05851,2024-10-18,CUST0791,P0047,1,0.05,1004.63,793.19,954.4,161.21,East,Completed
ORD04640,2024-10-18,CUST0731,P0071,2,0.1,35759.59,27998.22,64367.26,8370.82,North,Completed
ORD00496,2024-10-18,CUST0517,P0154,2,0.0,693.93,462.98,1387.86,461.9,East,Completed
ORD04652,2024-10-18,CUST0171,P0152,1,0.1,5896.48,4498.55,5306.83,808.28,South,Completed
ORD03151,2024-10-18,CUST0750,P0136,1,0.2,3029.54,2200.52,2423.63,223.11,East,Completed
ORD05199,2024-10-18,CUST0587,P0006,1,0.05,51610.25,30768.51,49029.74,18261.23,North,Completed
ORD01441,2024-10-18,CUST0204,P0144,2,0.15,501.46,362.98,852.48,126.52,North,Completed
ORD01402,2024-10-18,CUST0874,P0194,1,0.15,13118.34,8489.04,11150.59,2661.55,North,Completed
ORD04301,2024-10-18,CUST0640,P0112,5,0.0,20043.19,13117.75,100215.95,34627.2,West,Completed
ORD01682,2024-10-18,CUST0121,P0071,1,0.05,35759.59,27998.22,33971.61,5973.39,West,Cancelled
ORD00153,2024-10-18,CUST0936,P0083,1,0.15,374.27,289.15,318.13,28.98,South,Completed
ORD06984,2024-10-18,CUST0090,P0128,2,0.0,7160.91,4568.96,14321.82,5183.9,East,Completed
ORD04734,2024-10-18,CUST0470,P0168,4,0.1,1780.85,1042.33,6411.06,2241.74,West,Completed
ORD00886,2024-10-18,CUST0335,P0008,2,0.2,68633.55,51583.32,109813.68,6647.04,South,Completed
ORD09303,2024-10-18,CUST0090,P0168,2,0.1,1780.85,1042.33,3205.53,1120.87,East,Completed
ORD00608,2024-10-19,CUST0920,P0137,1,0.05,3327.18,2091.19,3160.82,1069.63,West,Completed
ORD04803,2024-10-19,CUST0481,P0184,1,0.0,20719.38,13335.4,20719.38,7383.98,West,Completed
ORD07618,2024-10-19,CUST0379,P0161,3,0.0,36827.84,23163.81,110483.52,40992.09,North,Completed
ORD00289,2024-10-19,CUST0633,P0069,1,0.15,196.15,126.8,166.73,39.93,West,Cancelled
ORD06374,2024-10-19,CUST0336,P0169,3,0.0,12339.56,8305.1,37018.68,12103.38,North,Completed
ORD06122,2024-10-19,CUST0080,P0193,3,0.0,8422.11,6102.6,25266.33,6958.53,West,Completed
ORD05799,2024-10-19,CUST0959,P0120,4,0.05,57866.38,42176.37,219892.24,51186.76,East,Completed
ORD09387,2024-10-19,CUST0774,P0005,5,0.05,759.62,541.79,3608.2,899.25,East,Completed
ORD06428,2024-10-19,CUST0081,P0007,2,0.05,8223.62,4942.96,15624.88,5738.96,East,Completed
ORD04468,2024-10-19,CUST0922,P0148,1,0.2,15484.78,9786.06,12387.82,2601.76,West,Completed
ORD03345,2024-10-19,CUST0978,P0123,1,0.05,77212.89,61788.48,73352.25,11563.77,East,Completed
ORD09293,2024-10-19,CUST0736,P0027,3,0.0,20926.64,14284.36,62779.92,19926.84,West,Completed
ORD01664,2024-10-19,CUST0131,P0082,1,0.05,14583.87,9123.23,13854.68,4731.45,North,Completed
ORD00750,2024-10-19,CUST0376,P0101,2,0.1,51632.3,38843.18,92938.14,15251.78,West,Completed
ORD01883,2024-10-19,CUST0384,P0142,1,0.0,4782.08,3282.92,4782.08,1499.16,South,Completed
ORD02647,2024-10-20,CUST0116,P0189,3,0.05,38312.77,25713.12,109191.39,32052.03,West,Completed
ORD05441,2024-10-20,CUST0298,P0095,3,0.1,9513.49,6495.4,25686.42,6200.22,West,Completed
ORD04693,2024-10-20,CUST0325,P0052,1,0.15,7440.54,4865.29,6324.46,1459.17,North,Completed
ORD03295,2024-10-20,CUST0281,P0200,1,0.05,37954.59,28614.99,36056.86,7441.87,East,Completed
ORD01864,2024-10-20,CUST0498,P0131,1,0.05,896.08,597.69,851.28,253.59,West,Completed
ORD03516,2024-10-20,CUST0525,P0012,2,0.0,4072.78,2687.49,8145.56,2770.58,North,Completed
ORD00740,2024-10-20,CUST0074,P0147,1,0.0,22737.01,13458.16,22737.01,9278.85,South,Completed
ORD01571,2024-10-20,CUST0791,P0181,1,0.05,8670.4,5624.95,8236.88,2611.93,East,Completed
ORD01129,2024-10-20,CUST0511,P0079,1,0.1,409.51,310.64,368.56,57.92,West,Completed
ORD04275,2024-10-20,CUST0574,P0156,3,0.05,44665.09,34536.09,127295.51,23687.24,East,Completed
ORD08152,2024-10-20,CUST0663,P0121,2,0.05,975.23,645.82,1852.94,561.3,North,Completed
ORD01506,2024-10-20,CUST0698,P0096,1,0.0,22714.55,15565.72,22714.55,7148.83,North,Completed
ORD02614,2024-10-20,CUST0531,P0074,2,0.1,40981.75,23771.65,73767.15,26223.85,South,Completed
ORD05862,2024-10-20,CUST0578,P0147,2,0.05,22737.01,13458.16,43200.32,16284.0,South,Completed
ORD09943,2024-10-20,CUST0788,P0104,2,0.05,22437.82,18159.1,42631.86,6313.66,West,Completed
ORD03911,2024-10-20,CUST0074,P0157,2,0.1,1290.11,764.14,2322.2,793.92,South,Pending
ORD03446,2024-10-20,CUST0306,P0200,5,0.15,37954.59,28614.99,161307.01,18232.06,East,Completed
ORD02083,2024-10-20,CUST0619,P0047,3,0.0,1004.63,793.19,3013.89,634.32,West,Completed
ORD01587,2024-10-20,CUST0269,P0165,1,0.1,728.57,514.38,655.71,141.33,East,Completed
ORD01371,2024-10-21,CUST0996,P0033,1,0.1,54569.41,31985.14,49112.47,17127.33,South,Completed
ORD01443,2024-10-21,CUST0643,P0006,1,0.15,51610.25,30768.51,43868.71,13100.2,South,Completed
ORD08318,2024-10-21,CUST0235,P0191,2,0.05,8442.75,6441.23,16041.22,3158.76,East,Completed
ORD05115,2024-10-21,CUST0542,P0059,3,0.0,1247.06,804.27,3741.18,1328.37,South,Completed
ORD08395,2024-10-21,CUST0156,P0037,1,0.05,58358.81,45854.58,55440.87,9586.29,West,Pending
ORD02848,2024-10-21,CUST0405,P0188,2,0.05,5272.37,3130.49,10017.5,3756.52,South,Completed
ORD07073,2024-10-21,CUST0028,P0111,2,0.05,32818.12,23699.05,62354.43,14956.33,West,Completed
ORD00542,2024-10-21,CUST0211,P0143,2,0.1,56727.96,35563.32,102110.33,30983.69,West,Completed
ORD06668,2024-10-21,CUST0990,P0090,4,0.05,446.05,334.33,1694.99,357.67,North,Completed
ORD00325,2024-10-21,CUST0294,P0014,2,0.0,18597.52,13817.51,37195.04,9560.02,East,Completed
ORD02513,2024-10-21,CUST0640,P0176,2,0.1,9388.62,6512.18,16899.52,3875.16,West,Completed
ORD09445,2024-10-21,CUST0786,P0075,2,0.1,6740.18,4364.5,12132.32,3403.32,South,Completed
ORD02290,2024-10-21,CUST0835,P0001,1,0.1,796.95,617.19,717.26,100.07,West,Completed
ORD07147,2024-10-21,CUST0737,P0082,4,0.1,14583.87,9123.23,52501.93,16009.01,East,Completed
ORD03905,2024-10-21,CUST0399,P0034,4,0.1,143.7,100.11,517.32,116.88,East,Completed
ORD05896,2024-10-21,CUST0626,P0014,3,0.0,18597.52,13817.51,55792.56,14340.03,South,Completed
ORD00336,2024-10-22,CUST0561,P0112,1,0.05,20043.19,13117.75,19041.03,5923.28,South,Completed
ORD06527,2024-10-22,CUST0014,P0108,1,0.0,673.74,534.39,673.74,139.35,East,Completed
ORD01085,2024-10-22,CUST0371,P0080,3,0.05,67342.32,40846.14,191925.61,69387.19,North,Cancelled
ORD05470,2024-10-22,CUST0800,P0176,2,0.1,9388.62,6512.18,16899.52,3875.16,North,Completed
ORD00046,2024-10-22,CUST0746,P0099,1,0.0,908.9,743.94,908.9,164.96,East,Completed
ORD09458,2024-10-22,CUST0361,P0040,2,0.15,568.55,361.32,966.53,243.89,East,Completed
ORD06130,2024-10-22,CUST0165,P0149,3,0.1,2427.19,1691.68,6553.41,1478.37,West,Completed
ORD08814,2024-10-22,CUST0474,P0096,3,0.05,22714.55,15565.72,64736.47,18039.31,North,Completed
ORD04210,2024-10-22,CUST0907,P0007,1,0.0,8223.62,4942.96,8223.62,3280.66,South,Completed
ORD03778,2024-10-22,CUST0731,P0095,3,0.05,9513.49,6495.4,27113.45,7627.25,North,Completed
ORD09503,2024-10-22,CUST0113,P0074,2,0.0,40981.75,23771.65,81963.5,34420.2,West,Completed
ORD04255,2024-10-22,CUST0998,P0034,3,0.1,143.7,100.11,387.99,87.66,South,Pending
ORD06995,2024-10-22,CUST0120,P0191,1,0.0,8442.75,6441.23,8442.75,2001.52,North,Completed
ORD02170,2024-10-22,CUST0612,P0105,2,0.1,17543.79,10886.17,31578.82,9806.48,South,Completed
ORD04280,2024-10-23,CUST0730,P0124,1,0.0,38907.93,29071.02,38907.93,9836.91,East,Completed
ORD06037,2024-10-23,CUST0842,P0159,3,0.0,54205.42,36083.24,162616.26,54366.54,North,Completed
ORD07846,2024-10-23,CUST0151,P0125,4,0.1,3155.85,2083.96,11361.06,3025.22,North,Completed
ORD09762,2024-10-23,CUST0276,P0184,1,0.05,20719.38,13335.4,19683.41,6348.01,South,Completed
ORD07078,2024-10-23,CUST0887,P0100,4,0.05,36262.87,22462.27,137798.91,47949.83,North,Completed
ORD08940,2024-10-23,CUST0101,P0144,1,0.1,501.46,362.98,451.31,88.33,East,Cancelled
ORD05284,2024-10-23,CUST0830,P0158,2,0.0,33125.35,22293.09,66250.7,21664.52,West,Completed
ORD04570,2024-10-23,CUST0771,P0147,1,0.1,22737.01,13458.16,20463.31,7005.15,West,Completed
ORD00357,2024-10-24,CUST0367,P0038,1,0.05,25137.53,20080.78,23880.65,3799.87,North,Completed
ORD04253,2024-10-24,CUST0667,P0145,2,0.05,360.46,274.8,684.87,135.27,South,Completed
ORD08002,2024-10-24,CUST0682,P0171,3,0.0,39010.06,29472.11,117030.18,28613.85,West,Completed
ORD04532,2024-10-24,CUST0080,P0039,1,0.1,1717.54,1277.52,1545.79,268.27,West,Completed
ORD06932,2024-10-24,CUST0314,P0158,2,0.0,33125.35,22293.09,66250.7,21664.52,East,Completed
ORD06560,2024-10-24,CUST0980,P0043,2,0.05,528.82,390.77,1004.76,223.22,West,Completed
ORD06762,2024-10-24,CUST0008,P0097,1,0.0,11100.34,7751.47,11100.34,3348.87,West,Completed
ORD06068,2024-10-24,CUST0282,P0069,1,0.0,196.15,126.8,196.15,69.35,West,Completed
ORD01565,2024-10-24,CUST0979,P0118,3,0.15,36939.5,23012.67,94195.72,25157.71,East,Cancelled
ORD02444,2024-10-24,CUST0205,P0004,2,0.05,20696.25,15931.27,39322.88,7460.34,North,Completed
ORD00429,2024-10-24,CUST0890,P0120,1,0.05,57866.38,42176.37,54973.06,12796.69,North,Cancelled
ORD01625,2024-10-24,CUST0925,P0113,1,0.05,26426.25,19479.69,25104.94,5625.25,South,Completed
ORD00996,2024-10-25,CUST0447,P0035,1,0.2,56932.8,34147.01,45546.24,11399.23,South,Completed
ORD06672,2024-10-25,CUST0999,P0061,1,0.1,49224.25,33194.34,44301.82,11107.48,North,Completed
ORD08599,2024-10-25,CUST0731,P0010,1,0.15,16072.59,10816.67,13661.7,2845.03,North,Completed
ORD01626,2024-10-25,CUST0186,P0017,3,0.0,17284.69,10596.05,51854.07,20065.92,North,Completed
ORD02162,2024-10-25,CUST0555,P0127,1,0.0,37425.34,27064.21,37425.34,10361.13,West,Completed
ORD04365,2024-10-25,CUST0366,P0021,4,0.0,6878.25,5112.71,27513.0,7062.16,East,Completed
ORD02067,2024-10-25,CUST0433,P0076,2,0.05,20055.1,12211.29,38104.69,13682.11,South,Completed
ORD09564,2024-10-25,CUST0794,P0133,1,0.05,30154.78,21233.5,28647.04,7413.54,West,Completed
ORD09418,2024-10-25,CUST0344,P0017,2,0.0,17284.69,10596.05,34569.38,13377.28,East,Completed
ORD04536,2024-10-25,CUST0384,P0169,1,0.0,12339.56,8305.1,12339.56,4034.46,South,Completed
ORD09585,2024-10-25,CUST0066,P0096,1,0.05,22714.55,15565.72,21578.82,6013.1,West,Completed
ORD09807,2024-10-25,CUST0740,P0170,3,0.1,750.66,462.97,2026.78,637.87,East,Completed
ORD06135,2024-10-25,CUST0366,P0099,2,0.1,908.9,743.94,1636.02,148.14,East,Completed
ORD03883,2024-10-26,CUST0630,P0077,1,0.15,50047.7,37709.36,42540.54,4831.18,North,Completed
ORD01865,2024-10-26,CUST0884,P0079,1,0.05,409.51,310.64,389.03,78.39,North,Completed
ORD07588,2024-10-26,CUST0598,P0161,2,0.1,36827.84,23163.81,66290.11,19962.49,South,Completed
ORD05572,2024-10-26,CUST0429,P0192,1,0.15,20821.66,13717.57,17698.41,3980.84,West,Completed
ORD03246,2024-10-26,CUST0239,P0189,1,0.15,38312.77,25713.12,32565.85,6852.73,East,Completed
ORD07582,2024-10-26,CUST0022,P0097,1,0.0,11100.34,7751.47,11100.34,3348.87,West,Completed
ORD01680,2024-10-26,CUST0835,P0049,2,0.0,56396.41,44202.58,112792.82,24387.66,West,Completed
ORD03058,2024-10-26,CUST0141,P0118,2,0.1,36939.5,23012.67,66491.1,20465.76,East,Completed
ORD00356,2024-10-26,CUST0697,P0152,2,0.0,5896.48,4498.55,11792.96,2795.86,West,Cancelled
ORD09890,2024-10-26,CUST0443,P0014,1,0.0,18597.52,13817.51,18597.52,4780.01,South,Completed
ORD02713,2024-10-26,CUST0701,P0013,1,0.1,8923.66,6594.73,8031.29,1436.56,West,Completed
ORD08767,2024-10-26,CUST0684,P0007,1,0.1,8223.62,4942.96,7401.26,2458.3,North,Completed
ORD00506,2024-10-26,CUST0865,P0173,1,0.05,4259.82,3133.66,4046.83,913.17,South,Completed
ORD00232,2024-10-26,CUST0482,P0177,2,0.0,783.92,493.62,1567.84,580.6,East,Completed
ORD07677,2024-10-26,CUST0691,P0138,1,0.2,30903.45,21958.56,24722.76,2764.2,East,Completed
ORD04024,2024-10-26,CUST0673,P0088,2,0.0,58121.47,37608.48,116242.94,41025.98,South,Completed
ORD06494,2024-10-26,CUST0604,P0043,3,0.0,528.82,390.77,1586.46,414.15,South,Completed
ORD02459,2024-10-26,CUST0302,P0001,2,0.1,796.95,617.19,1434.51,200.13,South,Completed
ORD00994,2024-10-26,CUST0123,P0139,1,0.1,26827.4,18117.75,24144.66,6026.91,North,Completed
ORD06699,2024-10-26,CUST0757,P0103,2,0.1,585.19,454.75,1053.34,143.84,West,Completed
ORD02880,2024-10-27,CUST0165,P0095,1,0.0,9513.49,6495.4,9513.49,3018.09,West,Completed
ORD05223,2024-10-27,CUST0782,P0004,3,0.1,20696.25,15931.27,55879.88,8086.07,West,Completed
ORD00582,2024-10-27,CUST0969,P0023,2,0.05,29957.89,23747.89,56919.99,9424.21,East,Completed
ORD02575,2024-10-27,CUST0839,P0066,2,0.1,15521.48,11472.78,27938.66,4993.1,North,Completed
ORD08030,2024-10-27,CUST0647,P0157,1,0.0,1290.11,764.14,1290.11,525.97,East,Completed
ORD03536,2024-10-27,CUST0962,P0024,2,0.15,792.84,470.21,1347.83,407.41,North,Completed
ORD04831,2024-10-27,CUST0473,P0066,2,0.1,15521.48,11472.78,27938.66,4993.1,West,Completed
ORD04557,2024-10-27,CUST0562,P0186,3,0.1,36288.91,28203.52,97980.06,13369.5,West,Completed
ORD02463,2024-10-27,CUST0369,P0086,2,0.0,519.82,398.56,1039.64,242.52,West,Completed
ORD08273,2024-10-27,CUST0277,P0004,2,0.0,20696.25,15931.27,41392.5,9529.96,West,Completed
ORD04220,2024-10-27,CUST0772,P0171,5,0.2,39010.06,29472.11,156040.24,8679.69,West,Completed
ORD04890,2024-10-27,CUST0482,P0090,3,0.05,446.05,334.33,1271.24,268.25,East,Completed
ORD00060,2024-10-27,CUST0455,P0166,1,0.15,47059.67,34982.34,40000.72,5018.38,North,Completed
ORD00725,2024-10-27,CUST0314,P0047,2,0.1,1004.63,793.19,1808.33,221.95,East,Completed
ORD00589,2024-10-27,CUST0938,P0062,2,0.15,7214.7,5874.11,12264.99,516.77,West,Completed
ORD04821,2024-10-27,CUST0512,P0145,4,0.1,360.46,274.8,1297.66,198.46,South,Completed
ORD05587,2024-10-27,CUST0036,P0046,2,0.1,61902.8,37121.36,111425.04,37182.32,West,Completed
ORD08248,2024-10-28,CUST0484,P0127,3,0.0,37425.34,27064.21,112276.02,31083.39,East,Completed
ORD07110,2024-10-28,CUST0108,P0081,2,0.1,11112.68,6733.47,20002.82,6535.88,South,Pending
ORD01611,2024-10-28,CUST0558,P0127,2,0.0,37425.34,27064.21,74850.68,20722.26,East,Completed
ORD09984,2024-10-28,CUST0895,P0020,1,0.0,14020.39,10682.55,14020.39,3337.84,East,Completed
ORD09859,2024-10-28,CUST0909,P0048,3,0.05,1114.29,876.19,3175.73,547.16,East,Completed
ORD05283,2024-10-28,CUST0087,P0039,2,0.1,1717.54,1277.52,3091.57,536.53,North,Completed
ORD03233,2024-10-28,CUST0165,P0140,2,0.05,12142.58,7367.6,23070.9,8335.7,West,Completed
ORD00485,2024-10-28,CUST0127,P0171,4,0.0,39010.06,29472.11,156040.24,38151.8,North,Completed
ORD04171,2024-10-28,CUST0650,P0052,2,0.1,7440.54,4865.29,13392.97,3662.39,South,Completed
ORD01213,2024-10-28,CUST0540,P0156,4,0.1,44665.09,34536.09,160794.32,22649.96,West,Pending
ORD08575,2024-10-28,CUST0556,P0082,1,0.0,14583.87,9123.23,14583.87,5460.64,North,Pending
ORD08974,2024-10-29,CUST0775,P0188,4,0.05,5272.37,3130.49,20035.01,7513.05,South,Completed
ORD09187,2024-10-29,CUST0529,P0039,3,0.0,1717.54,1277.52,5152.62,1320.06,South,Completed
ORD08483,2024-10-29,CUST0663,P0130,1,0.0,58219.77,46803.43,58219.77,11416.34,North,Completed
ORD03845,2024-10-29,CUST0971,P0113,3,0.1,26426.25,19479.69,71350.88,12911.81,East,Completed
ORD05939,2024-10-29,CUST0836,P0127,1,0.0,37425.34,27064.21,37425.34,10361.13,West,Completed
ORD00987,2024-10-29,CUST0046,P0108,2,0.0,673.74,534.39,1347.48,278.7,North,Completed
ORD01051,2024-10-29,CUST0656,P0080,1,0.05,67342.32,40846.14,63975.2,23129.06,North,Completed
ORD04960,2024-10-29,CUST0231,P0050,1,0.05,8890.7,6907.47,8446.17,1538.7,South,Completed
ORD06406,2024-10-29,CUST0464,P0172,3,0.1,53066.45,36105.87,143279.41,34961.8,East,Completed
ORD05458,2024-10-29,CUST0619,P0190,1,0.1,2296.71,1653.27,2067.04,413.77,West,Completed
ORD05750,2024-10-29,CUST0799,P0031,1,0.0,12553.48,9544.5,12553.48,3008.98,East,Completed
ORD01964,2024-10-29,CUST0400,P0119,1,0.05,11965.18,9132.35,11366.92,2234.57,West,Completed
ORD07312,2024-10-30,CUST0014,P0195,1,0.1,15240.21,11813.53,13716.19,1902.66,East,Completed
ORD01977,2024-10-30,CUST0524,P0065,5,0.05,21598.4,14583.7,102592.4,29673.9,East,Completed
ORD02240,2024-10-30,CUST0900,P0107,1,0.05,72638.94,50890.24,69006.99,18116.75,South,Cancelled
ORD08289,2024-10-30,CUST0159,P0119,2,0.0,11965.18,9132.35,23930.36,5665.66,East,Pending
ORD08460,2024-10-30,CUST0067,P0076,2,0.05,20055.1,12211.29,38104.69,13682.11,West,Completed
ORD05031,2024-10-30,CUST0610,P0127,2,0.05,37425.34,27064.21,71108.15,16979.73,South,Completed
ORD07709,2024-10-30,CUST0969,P0015,4,0.0,18890.43,14292.88,75561.72,18390.2,East,Completed
ORD05739,2024-10-30,CUST0221,P0149,4,0.05,2427.19,1691.68,9223.32,2456.6,West,Pending
ORD06629,2024-10-30,CUST0697,P0040,2,0.1,568.55,361.32,1023.39,300.75,West,Completed
ORD01707,2024-10-30,CUST0174,P0176,5,0.05,9388.62,6512.18,44595.95,12035.05,South,Completed
ORD09968,2024-10-30,CUST0912,P0035,1,0.05,56932.8,34147.01,54086.16,19939.15,East,Completed
ORD01510,2024-10-30,CUST0484,P0151,4,0.05,5830.9,4665.5,22157.42,3495.42,East,Cancelled
ORD08144,2024-10-30,CUST0731,P0138,3,0.15,30903.45,21958.56,78803.8,12928.12,North,Completed
ORD06067,2024-10-30,CUST0786,P0188,1,0.05,5272.37,3130.49,5008.75,1878.26,South,Completed
ORD02549,2024-10-30,CUST0713,P0002,4,0.1,6203.85,4038.58,22333.86,6179.54,West,Completed
ORD01357,2024-10-31,CUST0389,P0039,4,0.0,1717.54,1277.52,6870.16,1760.08,East,Pending
ORD00499,2024-10-31,CUST0530,P0051,2,0.15,57445.48,35926.8,97657.32,25803.72,North,Completed
ORD05366,2024-10-31,CUST0402,P0020,3,0.1,14020.39,10682.55,37855.05,5807.4,North,Completed
ORD05357,2024-10-31,CUST0018,P0176,2,0.1,9388.62,6512.18,16899.52,3875.16,West,Cancelled
ORD08355,2024-10-31,CUST0185,P0118,3,0.15,36939.5,23012.67,94195.72,25157.71,South,Completed
ORD02906,2024-10-31,CUST0799,P0003,3,0.05,15581.84,9713.54,44408.24,15267.62,East,Cancelled
ORD07893,2024-10-31,CUST0924,P0142,3,0.05,4782.08,3282.92,13628.93,3780.17,South,Completed
ORD04444,2024-10-31,CUST0822,P0148,2,0.0,15484.78,9786.06,30969.56,11397.44,North,Completed
ORD01729,2024-10-31,CUST0883,P0038,1,0.05,25137.53,20080.78,23880.65,3799.87,East,Completed
ORD09036,2024-10-31,CUST0791,P0065,1,0.15,21598.4,14583.7,18358.64,3774.94,East,Completed
ORD00204,2024-10-31,CUST0144,P0078,1,0.1,66750.32,43644.61,60075.29,16430.68,South,Completed
ORD01420,2024-10-31,CUST0865,P0117,1,0.1,62915.52,50890.59,56623.97,5733.38,South,Completed
ORD07720,2024-10-31,CUST0993,P0026,1,0.05,53440.86,40308.66,50768.82,10460.16,South,Completed
ORD01054,2024-10-31,CUST0421,P0050,5,0.15,8890.7,6907.47,37785.48,3248.13,North,Completed
ORD07251,2024-10-31,CUST0144,P0069,1,0.05,196.15,126.8,186.34,59.54,South,Completed
ORD08876,2024-10-31,CUST0619,P0065,3,0.15,21598.4,14583.7,55075.92,11324.82,West,Completed
ORD00788,2024-11-01,CUST0814,P0198,2,0.05,715.13,510.57,1358.75,337.61,East,Completed
ORD06084,2024-11-01,CUST0687,P0004,1,0.0,20696.25,15931.27,20696.25,4764.98,East,Completed
ORD09219,2024-11-01,CUST0147,P0089,2,0.05,74892.61,50603.0,142295.96,41089.96,East,Completed
ORD07547,2024-11-01,CUST0762,P0028,2,0.15,1126.53,825.36,1915.1,264.38,South,Completed
ORD02641,2024-11-01,CUST0975,P0168,2,0.05,1780.85,1042.33,3383.62,1298.96,North,Pending
ORD03490,2024-11-01,CUST0509,P0169,2,0.05,12339.56,8305.1,23445.16,6834.96,West,Completed
ORD04940,2024-11-01,CUST0339,P0062,3,0.05,7214.7,5874.11,20561.89,2939.56,West,Completed
ORD09160,2024-11-01,CUST0336,P0001,2,0.05,796.95,617.19,1514.2,279.82,North,Completed
ORD01259,2024-11-01,CUST0455,P0061,5,0.15,49224.25,33194.34,209203.06,43231.36,North,Completed
ORD05602,2024-11-01,CUST0888,P0170,1,0.0,750.66,462.97,750.66,287.69,North,Completed
ORD08812,2024-11-01,CUST0801,P0123,3,0.1,77212.89,61788.48,208474.8,23109.36,East,Cancelled
ORD07447,2024-11-02,CUST0250,P0189,2,0.0,38312.77,25713.12,76625.54,25199.3,North,Completed
ORD02310,2024-11-02,CUST0884,P0114,3,0.0,16683.02,10299.86,50049.06,19149.48,North,Completed
ORD07555,2024-11-02,CUST0491,P0054,2,0.0,34828.61,21081.63,69657.22,27493.96,North,Completed
ORD04404,2024-11-02,CUST0913,P0021,1,0.1,6878.25,5112.71,6190.42,1077.71,North,Completed
ORD08423,2024-11-02,CUST0928,P0141,1,0.0,1748.75,1100.65,1748.75,648.1,North,Completed
ORD06922,2024-11-02,CUST0696,P0092,5,0.0,41737.72,32410.53,208688.6,46635.95,West,Completed
ORD03285,2024-11-02,CUST0617,P0119,2,0.0,11965.18,9132.35,23930.36,5665.66,South,Completed
ORD05327,2024-11-02,CUST0033,P0085,3,0.0,73872.61,56554.21,221617.83,51955.2,North,Completed
ORD03974,2024-11-02,CUST0204,P0050,2,0.05,8890.7,6907.47,16892.33,3077.39,North,Completed
ORD03055,2024-11-02,CUST0564,P0142,1,0.05,4782.08,3282.92,4542.98,1260.06,East,Pending
ORD06298,2024-11-02,CUST0810,P0040,1,0.05,568.55,361.32,540.12,178.8,North,Completed
ORD01084,2024-11-02,CUST0200,P0056,1,0.15,312.97,191.98,266.02,74.04,North,Completed
ORD09117,2024-11-02,CUST0050,P0007,3,0.0,8223.62,4942.96,24670.86,9841.98,South,Completed
ORD04420,2024-11-02,CUST0814,P0185,2,0.0,76508.26,54062.35,153016.52,44891.82,East,Completed
ORD03879,2024-11-02,CUST0483,P0096,1,0.2,22714.55,15565.72,18171.64,2605.92,North,Completed
ORD01508,2024-11-03,CUST0810,P0087,1,0.05,11879.48,8267.83,11285.51,3017.68,North,Completed
ORD04590,2024-11-03,CUST0067,P0188,1,0.15,5272.37,3130.49,4481.51,1351.02,West,Completed
ORD02309,2024-11-03,CUST0793,P0164,5,0.05,8324.94,6438.05,39543.47,7353.22,South,Completed
ORD07057,2024-11-03,CUST0156,P0199,1,0.05,404.58,321.41,384.35,62.94,West,Completed
ORD08157,2024-11-03,CUST0619,P0091,2,0.1,49350.46,32483.04,88830.83,23864.75,West,Completed
ORD05144,2024-11-03,CUST0084,P0027,3,0.1,20926.64,14284.36,56501.93,13648.85,West,Pending
ORD02070,2024-11-03,CUST0100,P0051,2,0.0,57445.48,35926.8,114890.96,43037.36,North,Completed
ORD08251,2024-11-03,CUST0752,P0118,2,0.0,36939.5,23012.67,73879.0,27853.66,East,Completed
ORD05049,2024-11-03,CUST0757,P0064,1,0.0,20038.07,13846.76,20038.07,6191.31,West,Completed
ORD00523,2024-11-03,CUST0684,P0055,3,0.0,6422.29,4812.56,19266.87,4829.19,North,Completed
ORD02128,2024-11-03,CUST0793,P0004,4,0.0,20696.25,15931.27,82785.0,19059.92,South,Cancelled
ORD02076,2024-11-03,CUST0415,P0021,1,0.1,6878.25,5112.71,6190.42,1077.71,North,Completed
ORD08384,2024-11-04,CUST0246,P0063,2,0.1,12786.65,8472.2,23015.97,6071.57,South,Completed
ORD01387,2024-11-04,CUST0335,P0022,2,0.05,68945.25,50670.94,130995.98,29654.1,South,Completed
ORD05741,2024-11-04,CUST0154,P0111,3,0.1,32818.12,23699.05,88608.92,17511.77,South,Completed
ORD08672,2024-11-04,CUST0453,P0180,1,0.15,23838.69,16889.32,20262.89,3373.57,East,Completed
ORD09272,2024-11-04,CUST0152,P0069,3,0.05,196.15,126.8,559.03,178.63,South,Completed
ORD02742,2024-11-04,CUST0267,P0181,1,0.0,8670.4,5624.95,8670.4,3045.45,North,Cancelled
ORD08955,2024-11-04,CUST0936,P0017,2,0.0,17284.69,10596.05,34569.38,13377.28,South,Completed
ORD06889,2024-11-04,CUST0259,P0193,1,0.0,8422.11,6102.6,8422.11,2319.51,South,Completed
ORD02402,2024-11-04,CUST0323,P0056,1,0.05,312.97,191.98,297.32,105.34,East,Completed
ORD05833,2024-11-04,CUST0025,P0166,1,0.15,47059.67,34982.34,40000.72,5018.38,South,Completed
ORD01761,2024-11-04,CUST0639,P0130,3,0.0,58219.77,46803.43,174659.31,34249.02,East,Completed
ORD01370,2024-11-04,CUST0929,P0096,1,0.1,22714.55,15565.72,20443.1,4877.38,South,Cancelled
ORD08879,2024-11-04,CUST0009,P0067,2,0.15,5933.02,4559.02,10086.13,968.09,South,Completed
ORD07289,2024-11-04,CUST0020,P0182,1,0.1,15590.28,12172.38,14031.25,1858.87,West,Completed
ORD07911,2024-11-04,CUST0247,P0084,2,0.05,52737.3,39276.81,100200.87,21647.25,East,Completed
ORD00894,2024-11-04,CUST0289,P0112,2,0.2,20043.19,13117.75,32069.1,5833.6,West,Completed
ORD02180,2024-11-05,CUST0647,P0003,3,0.1,15581.84,9713.54,42070.97,12930.35,East,Completed
ORD07164,2024-11-05,CUST0768,P0040,1,0.1,568.55,361.32,511.7,150.38,East,Completed
ORD02710,2024-11-05,CUST0647,P0026,2,0.15,53440.86,40308.66,90849.46,10232.14,East,Completed
ORD09038,2024-11-05,CUST0337,P0105,2,0.1,17543.79,10886.17,31578.82,9806.48,East,Completed
ORD03181,2024-11-05,CUST0371,P0159,1,0.05,54205.42,36083.24,51495.15,15411.91,North,Completed
ORD01124,2024-11-05,CUST0373,P0082,1,0.1,14583.87,9123.23,13125.48,4002.25,North,Completed
ORD02228,2024-11-05,CUST0379,P0004,1,0.2,20696.25,15931.27,16557.0,625.73,North,Completed
ORD01925,2024-11-05,CUST0398,P0198,2,0.0,715.13,510.57,1430.26,409.12,West,Completed
ORD07230,2024-11-05,CUST0662,P0197,3,0.1,15133.72,11886.63,40861.04,5201.15,East,Completed
ORD07687,2024-11-05,CUST0853,P0025,2,0.0,49570.32,37427.29,99140.64,24286.06,South,Completed
ORD00078,2024-11-05,CUST0088,P0101,1,0.0,51632.3,38843.18,51632.3,12789.12,West,Completed
ORD04724,2024-11-05,CUST0993,P0163,1,0.1,3768.33,3060.43,3391.5,331.07,South,Completed
ORD07285,2024-11-05,CUST0762,P0188,1,0.1,5272.37,3130.49,4745.13,1614.64,South,Cancelled
ORD05323,2024-11-05,CUST0891,P0156,4,0.05,44665.09,34536.09,169727.34,31582.98,West,Completed
ORD00052,2024-11-05,CUST0057,P0197,2,0.1,15133.72,11886.63,27240.7,3467.44,West,Completed
ORD02233,2024-11-05,CUST0280,P0143,3,0.0,56727.96,35563.32,170183.88,63493.92,South,Completed
ORD04611,2024-11-05,CUST0586,P0032,1,0.1,39614.35,24714.41,35652.92,10938.51,North,Completed
ORD02806,2024-11-06,CUST0329,P0087,1,0.15,11879.48,8267.83,10097.56,1829.73,North,Cancelled
ORD02314,2024-11-06,CUST0403,P0083,1,0.05,374.27,289.15,355.56,66.41,South,Completed
ORD08102,2024-11-06,CUST0382,P0179,3,0.2,12818.17,8758.44,30763.61,4488.29,North,Pending
ORD02680,2024-11-06,CUST0438,P0180,1,0.1,23838.69,16889.32,21454.82,4565.5,West,Completed
ORD04767,2024-11-06,CUST0512,P0019,1,0.0,27844.42,18931.51,27844.42,8912.91,South,Completed
ORD06199,2024-11-06,CUST0446,P0189,4,0.05,38312.77,25713.12,145588.53,42736.05,South,Completed
ORD00837,2024-11-06,CUST0173,P0154,2,0.0,693.93,462.98,1387.86,461.9,West,Completed
ORD03578,2024-11-06,CUST0186,P0108,1,0.15,673.74,534.39,572.68,38.29,North,Completed
ORD09451,2024-11-06,CUST0784,P0066,1,0.1,15521.48,11472.78,13969.33,2496.55,East,Completed
ORD03002,2024-11-06,CUST0633,P0092,2,0.05,41737.72,32410.53,79301.67,14480.61,West,Completed
ORD06223,2024-11-07,CUST0892,P0072,2,0.15,28334.52,18780.23,48168.68,10608.22,South,Completed
ORD07907,2024-11-07,CUST0581,P0090,4,0.0,446.05,334.33,1784.2,446.88,West,Completed
ORD06409,2024-11-07,CUST0373,P0153,1,0.1,318.53,240.18,286.68,46.5,North,Completed
ORD09635,2024-11-07,CUST0256,P0194,3,0.2,13118.34,8489.04,31484.02,6016.9,North,Completed
ORD01720,2024-11-07,CUST0672,P0156,1,0.05,44665.09,34536.09,42431.84,7895.75,West,Completed
ORD08855,2024-11-07,CUST0790,P0112,1,0.05,20043.19,13117.75,19041.03,5923.28,South,Completed
ORD09880,2024-11-08,CUST0015,P0038,4,0.15,25137.53,20080.78,85467.6,5144.48,West,Completed
ORD07099,2024-11-08,CUST0332,P0198,4,0.0,715.13,510.57,2860.52,818.24,South,Completed
ORD06265,2024-11-08,CUST0334,P0184,2,0.15,20719.38,13335.4,35222.95,8552.15,East,Completed
ORD01697,2024-11-08,CUST0173,P0158,4,0.2,33125.35,22293.09,106001.12,16828.76,West,Completed
ORD02691,2024-11-08,CUST0690,P0084,4,0.05,52737.3,39276.81,200401.74,43294.5,North,Completed
ORD02204,2024-11-08,CUST0214,P0090,1,0.0,446.05,334.33,446.05,111.72,South,Completed
ORD07685,2024-11-08,CUST0844,P0165,1,0.0,728.57,514.38,728.57,214.19,West,Completed
ORD02220,2024-11-08,CUST0907,P0109,4,0.1,17118.52,11998.2,61626.67,13633.87,South,Completed
ORD08310,2024-11-08,CUST0608,P0057,1,0.15,911.67,722.71,774.92,52.21,West,Completed
ORD07328,2024-11-08,CUST0545,P0195,1,0.15,15240.21,11813.53,12954.18,1140.65,West,Completed
ORD09119,2024-11-08,CUST0968,P0085,3,0.15,73872.61,56554.21,188375.16,18712.53,South,Completed
ORD07946,2024-11-08,CUST0858,P0107,2,0.1,72638.94,50890.24,130750.09,28969.61,South,Completed
ORD03240,2024-11-08,CUST0328,P0139,2,0.2,26827.4,18117.75,42923.84,6688.34,West,Completed
ORD08312,2024-11-08,CUST0513,P0119,1,0.0,11965.18,9132.35,11965.18,2832.83,North,Completed
ORD09913,2024-11-08,CUST0028,P0039,3,0.05,1717.54,1277.52,4894.99,1062.43,West,Completed
ORD08416,2024-11-08,CUST0060,P0009,1,0.1,724.93,490.11,652.44,162.33,South,Completed
ORD08606,2024-11-08,CUST0405,P0190,2,0.1,2296.71,1653.27,4134.08,827.54,South,Completed
ORD06096,2024-11-08,CUST0632,P0033,4,0.05,54569.41,31985.14,207363.76,79423.2,South,Completed
ORD00674,2024-11-09,CUST0194,P0054,2,0.15,34828.61,21081.63,59208.64,17045.38,South,Cancelled
ORD08112,2024-11-09,CUST0397,P0152,2,0.15,5896.48,4498.55,10024.02,1026.92,East,Completed
ORD02962,2024-11-09,CUST0978,P0026,2,0.15,53440.86,40308.66,90849.46,10232.14,East,Completed
ORD05328,2024-11-09,CUST0260,P0086,1,0.1,519.82,398.56,467.84,69.28,East,Completed
ORD06792,2024-11-09,CUST0916,P0193,1,0.1,8422.11,6102.6,7579.9,1477.3,East,Completed
ORD05506,2024-11-09,CUST0483,P0156,4,0.15,44665.09,34536.09,151861.31,13716.95,North,Completed
ORD06558,2024-11-09,CUST0736,P0086,1,0.2,519.82,398.56,415.86,17.3,West,Completed
ORD02586,2024-11-09,CUST0392,P0087,2,0.05,11879.48,8267.83,22571.01,6035.35,North,Completed
ORD01358,2024-11-09,CUST0337,P0041,1,0.0,4003.54,2383.24,4003.54,1620.3,East,Completed
ORD08329,2024-11-09,CUST0854,P0119,1,0.05,11965.18,9132.35,11366.92,2234.57,North,Completed
ORD00688,2024-11-09,CUST0217,P0092,1,0.05,41737.72,32410.53,39650.83,7240.3,West,Completed
ORD08546,2024-11-10,CUST0999,P0095,1,0.0,9513.49,6495.4,9513.49,3018.09,North,Completed
ORD09409,2024-11-10,CUST0982,P0072,3,0.1,28334.52,18780.23,76503.2,20162.51,East,Pending
ORD09697,2024-11-10,CUST0394,P0097,1,0.2,11100.34,7751.47,8880.27,1128.8,South,Completed
ORD03041,2024-11-10,CUST0193,P0054,1,0.0,34828.61,21081.63,34828.61,13746.98,East,Completed
ORD00457,2024-11-10,CUST0296,P0054,2,0.0,34828.61,21081.63,69657.22,27493.96,South,Completed
ORD05554,2024-11-10,CUST0604,P0040,2,0.05,568.55,361.32,1080.24,357.6,South,Completed
ORD05192,2024-11-10,CUST0880,P0024,1,0.1,792.84,470.21,713.56,243.35,East,Completed
ORD06506,2024-11-10,CUST0595,P0100,2,0.0,36262.87,22462.27,72525.74,27601.2,East,Completed
ORD03899,2024-11-10,CUST0464,P0163,1,0.1,3768.33,3060.43,3391.5,331.07,East,Completed
ORD03632,2024-11-10,CUST0205,P0020,1,0.05,14020.39,10682.55,13319.37,2636.82,North,Completed
ORD02190,2024-11-10,CUST0344,P0131,1,0.05,896.08,597.69,851.28,253.59,East,Completed
ORD04870,2024-11-10,CUST0992,P0140,1,0.05,12142.58,7367.6,11535.45,4167.85,East,Completed
ORD00897,2024-11-10,CUST0239,P0042,1,0.15,10683.47,6548.45,9080.95,2532.5,East,Completed
ORD05250,2024-11-10,CUST0255,P0091,1,0.0,49350.46,32483.04,49350.46,16867.42,South,Completed
ORD02558,2024-11-10,CUST0085,P0166,1,0.0,47059.67,34982.34,47059.67,12077.33,South,Completed
ORD00918,2024-11-10,CUST0016,P0124,1,0.2,38907.93,29071.02,31126.34,2055.32,West,Completed
ORD00355,2024-11-10,CUST0080,P0024,3,0.0,792.84,470.21,2378.52,967.89,West,Completed
ORD09192,2024-11-10,CUST0201,P0034,1,0.0,143.7,100.11,143.7,43.59,West,Cancelled
ORD06816,2024-11-11,CUST0277,P0118,1,0.1,36939.5,23012.67,33245.55,10232.88,West,Completed
ORD08527,2024-11-11,CUST0967,P0178,1,0.0,4042.35,3098.18,4042.35,944.17,South,Completed
ORD00983,2024-11-11,CUST0021,P0167,2,0.1,7469.0,4701.25,13444.2,4041.7,North,Completed
ORD03992,2024-11-11,CUST0668,P0090,3,0.2,446.05,334.33,1070.52,67.53,West,Completed
ORD09069,2024-11-11,CUST0452,P0054,2,0.1,34828.61,21081.63,62691.5,20528.24,South,Completed
ORD03800,2024-11-11,CUST0122,P0152,1,0.1,5896.48,4498.55,5306.83,808.28,East,Pending
ORD09915,2024-11-11,CUST0583,P0018,1,0.0,4596.19,2818.15,4596.19,1778.04,North,Completed
ORD03468,2024-11-11,CUST0842,P0162,4,0.1,46811.03,27452.25,168519.71,58710.71,North,Completed
ORD09302,2024-11-11,CUST0579,P0030,1,0.05,23508.75,18216.9,22333.31,4116.41,North,Completed
ORD03888,2024-11-11,CUST0386,P0192,1,0.15,20821.66,13717.57,17698.41,3980.84,West,Completed
ORD00693,2024-11-12,CUST0140,P0116,2,0.05,41570.44,24508.05,78983.84,29967.74,South,Completed
ORD04202,2024-11-12,CUST0244,P0135,1,0.0,644.55,462.91,644.55,181.64,East,Completed
ORD04386,2024-11-12,CUST0848,P0148,4,0.0,15484.78,9786.06,61939.12,22794.88,East,Completed
ORD02547,2024-11-12,CUST0140,P0011,3,0.15,50761.69,39171.65,129442.31,11927.36,South,Completed
ORD04390,2024-11-12,CUST0230,P0087,2,0.05,11879.48,8267.83,22571.01,6035.35,North,Completed
ORD05293,2024-11-12,CUST0675,P0134,1,0.0,34117.69,25387.96,34117.69,8729.73,North,Completed
ORD07585,2024-11-12,CUST0173,P0177,2,0.15,783.92,493.62,1332.66,345.42,West,Completed
ORD08795,2024-11-12,CUST0094,P0138,1,0.1,30903.45,21958.56,27813.1,5854.54,East,Completed
ORD01662,2024-11-12,CUST0803,P0128,1,0.0,7160.91,4568.96,7160.91,2591.95,East,Completed
ORD03846,2024-11-12,CUST0652,P0157,2,0.1,1290.11,764.14,2322.2,793.92,North,Completed
ORD09434,2024-11-12,CUST0031,P0064,3,0.1,20038.07,13846.76,54102.79,12562.51,South,Cancelled
ORD03973,2024-11-12,CUST0104,P0043,4,0.0,528.82,390.77,2115.28,552.2,West,Completed
ORD06405,2024-11-12,CUST0731,P0025,1,0.15,49570.32,37427.29,42134.77,4707.48,North,Completed
ORD07205,2024-11-12,CUST0977,P0046,2,0.05,61902.8,37121.36,117615.32,43372.6,East,Completed
ORD00438,2024-11-12,CUST0392,P0109,1,0.15,17118.52,11998.2,14550.74,2552.54,North,Completed
ORD09576,2024-11-12,CUST0297,P0049,2,0.2,56396.41,44202.58,90234.26,1829.1,West,Pending
ORD03908,2024-11-12,CUST0418,P0167,2,0.05,7469.0,4701.25,14191.1,4788.6,South,Completed
ORD06051,2024-11-12,CUST0297,P0023,1,0.05,29957.89,23747.89,28460.0,4712.11,West,Completed
ORD01189,2024-11-13,CUST0897,P0134,1,0.0,34117.69,25387.96,34117.69,8729.73,North,Completed
ORD06435,2024-11-13,CUST0181,P0124,1,0.0,38907.93,29071.02,38907.93,9836.91,East,Completed
ORD02465,2024-11-13,CUST0195,P0050,1,0.05,8890.7,6907.47,8446.17,1538.7,North,Completed
ORD01112,2024-11-13,CUST0839,P0141,2,0.0,1748.75,1100.65,3497.5,1296.2,North,Completed
ORD04924,2024-11-13,CUST0914,P0189,1,0.15,38312.77,25713.12,32565.85,6852.73,East,Completed
ORD07045,2024-11-13,CUST0266,P0058,1,0.15,7347.4,4878.31,6245.29,1366.98,East,Completed
ORD01103,2024-11-13,CUST0797,P0180,1,0.05,23838.69,16889.32,22646.76,5757.44,East,Completed
ORD01751,2024-11-13,CUST0405,P0113,1,0.0,26426.25,19479.69,26426.25,6946.56,South,Completed
ORD06187,2024-11-13,CUST0149,P0043,5,0.0,528.82,390.77,2644.1,690.25,West,Completed
ORD09222,2024-11-13,CUST0210,P0065,1,0.1,21598.4,14583.7,19438.56,4854.86,East,Completed
ORD03781,2024-11-13,CUST0971,P0075,1,0.15,6740.18,4364.5,5729.15,1364.65,East,Pending
ORD03620,2024-11-13,CUST0047,P0123,1,0.05,77212.89,61788.48,73352.25,11563.77,East,Completed
ORD07843,2024-11-13,CUST0290,P0066,2,0.05,15521.48,11472.78,29490.81,6545.25,North,Completed
ORD03715,2024-11-13,CUST0813,P0085,1,0.15,73872.61,56554.21,62791.72,6237.51,East,Completed
ORD01474,2024-11-13,CUST0978,P0149,2,0.1,2427.19,1691.68,4368.94,985.58,East,Completed
ORD02137,2024-11-13,CUST0700,P0186,1,0.05,36288.91,28203.52,34474.46,6270.94,West,Completed
ORD03996,2024-11-13,CUST0067,P0069,2,0.2,196.15,126.8,313.84,60.24,West,Completed
ORD03140,2024-11-14,CUST0311,P0063,4,0.05,12786.65,8472.2,48589.27,14700.47,North,Completed
ORD04349,2024-11-14,CUST0793,P0185,1,0.0,76508.26,54062.35,76508.26,22445.91,South,Completed
ORD05755,2024-11-14,CUST0772,P0046,2,0.05,61902.8,37121.36,117615.32,43372.6,West,Completed
ORD02106,2024-11-14,CUST0229,P0113,2,0.1,26426.25,19479.69,47567.25,8607.87,West,Completed
ORD09763,2024-11-14,CUST0152,P0145,2,0.1,360.46,274.8,648.83,99.23,South,Completed
ORD01525,2024-11-14,CUST0699,P0149,2,0.1,2427.19,1691.68,4368.94,985.58,North,Completed
ORD08149,2024-11-14,CUST0003,P0075,4,0.05,6740.18,4364.5,25612.68,8154.68,West,Completed
ORD07465,2024-11-14,CUST0847,P0144,1,0.05,501.46,362.98,476.39,113.41,East,Completed
ORD02346,2024-11-14,CUST0619,P0185,2,0.1,76508.26,54062.35,137714.87,29590.17,West,Completed
ORD04703,2024-11-14,CUST0564,P0192,1,0.0,20821.66,13717.57,20821.66,7104.09,East,Completed
ORD04530,2024-11-14,CUST0801,P0111,1,0.2,32818.12,23699.05,26254.5,2555.45,East,Completed
ORD08526,2024-11-14,CUST0312,P0138,4,0.1,30903.45,21958.56,111252.42,23418.18,West,Completed
ORD01025,2024-11-14,CUST0010,P0019,5,0.1,27844.42,18931.51,125299.89,30642.34,West,Cancelled
ORD07667,2024-11-14,CUST0590,P0177,1,0.05,783.92,493.62,744.72,251.1,North,Completed
ORD06610,2024-11-14,CUST0142,P0176,4,0.1,9388.62,6512.18,33799.03,7750.31,South,Completed
ORD03259,2024-11-14,CUST0601,P0157,2,0.05,1290.11,764.14,2451.21,922.93,East,Completed
ORD06617,2024-11-14,CUST0135,P0040,1,0.1,568.55,361.32,511.7,150.38,North,Completed
ORD04727,2024-11-15,CUST0120,P0077,1,0.0,50047.7,37709.36,50047.7,12338.34,North,Completed
ORD09706,2024-11-15,CUST0290,P0026,1,0.15,53440.86,40308.66,45424.73,5116.07,North,Completed
ORD07712,2024-11-15,CUST0727,P0140,3,0.0,12142.58,7367.6,36427.74,14324.94,East,Completed
ORD04743,2024-11-15,CUST0309,P0142,3,0.0,4782.08,3282.92,14346.24,4497.48,South,Completed
ORD08797,2024-11-15,CUST0133,P0027,4,0.1,20926.64,14284.36,75335.9,18198.46,South,Completed
ORD06132,2024-11-15,CUST0202,P0111,2,0.15,32818.12,23699.05,55790.8,8392.7,West,Completed
ORD01874,2024-11-15,CUST0766,P0136,1,0.0,3029.54,2200.52,3029.54,829.02,South,Completed
ORD07725,2024-11-15,CUST0699,P0194,3,0.1,13118.34,8489.04,35419.52,9952.4,North,Completed
ORD07695,2024-11-15,CUST0933,P0176,1,0.05,9388.62,6512.18,8919.19,2407.01,South,Completed
ORD02211,2024-11-15,CUST0313,P0052,4,0.15,7440.54,4865.29,25297.84,5836.68,North,Completed
ORD01740,2024-11-15,CUST0437,P0086,2,0.15,519.82,398.56,883.69,86.57,West,Completed
ORD06677,2024-11-15,CUST0077,P0112,2,0.15,20043.19,13117.75,34073.42,7837.92,East,Completed
ORD05140,2024-11-15,CUST0090,P0173,2,0.1,4259.82,3133.66,7667.68,1400.36,East,Completed
ORD04025,2024-11-15,CUST0528,P0007,2,0.05,8223.62,4942.96,15624.88,5738.96,South,Completed
ORD06336,2024-11-15,CUST0787,P0114,4,0.1,16683.02,10299.86,60058.87,18859.43,East,Completed
ORD07044,2024-11-15,CUST0026,P0173,2,0.2,4259.82,3133.66,6815.71,548.39,South,Completed
ORD08437,2024-11-15,CUST0282,P0188,2,0.05,5272.37,3130.49,10017.5,3756.52,West,Completed
ORD07262,2024-11-15,CUST0052,P0173,3,0.0,4259.82,3133.66,12779.46,3378.48,West,Completed
ORD08933,2024-11-16,CUST0337,P0062,2,0.1,7214.7,5874.11,12986.46,1238.24,East,Completed
ORD01901,2024-11-16,CUST0775,P0001,1,0.1,796.95,617.19,717.26,100.07,South,Completed
ORD08049,2024-11-16,CUST0193,P0062,1,0.2,7214.7,5874.11,5771.76,-102.35,East,Completed
ORD05958,2024-11-16,CUST0836,P0160,1,0.0,680.29,502.6,680.29,177.69,West,Completed
ORD03431,2024-11-16,CUST0862,P0199,2,0.05,404.58,321.41,768.7,125.88,West,Completed
ORD05387,2024-11-16,CUST0874,P0051,1,0.05,57445.48,35926.8,54573.21,18646.41,North,Completed
ORD09854,2024-11-16,CUST0722,P0101,1,0.0,51632.3,38843.18,51632.3,12789.12,North,Completed
ORD07952,2024-11-16,CUST0068,P0077,2,0.0,50047.7,37709.36,100095.4,24676.68,North,Completed
ORD00575,2024-11-16,CUST0921,P0140,2,0.0,12142.58,7367.6,24285.16,9549.96,East,Completed
ORD07963,2024-11-16,CUST0154,P0003,1,0.1,15581.84,9713.54,14023.66,4310.12,South,Completed
ORD09521,2024-11-16,CUST0161,P0187,4,0.1,184.91,120.68,665.68,182.96,North,Pending
ORD04063,2024-11-16,CUST0888,P0165,1,0.0,728.57,514.38,728.57,214.19,North,Completed
ORD00677,2024-11-16,CUST0150,P0176,3,0.1,9388.62,6512.18,25349.27,5812.73,West,Completed
ORD04194,2024-11-16,CUST0550,P0073,1,0.05,15561.42,10813.46,14783.35,3969.89,South,Completed
ORD05445,2024-11-16,CUST0060,P0191,2,0.05,8442.75,6441.23,16041.22,3158.76,South,Completed
ORD03281,2024-11-17,CUST0783,P0183,1,0.0,66902.29,49511.88,66902.29,17390.41,East,Completed
ORD04820,2024-11-17,CUST0448,P0088,1,0.0,58121.47,37608.48,58121.47,20512.99,North,Completed
ORD02688,2024-11-17,CUST0334,P0009,2,0.0,724.93,490.11,1449.86,469.64,East,Completed
ORD04367,2024-11-17,CUST0573,P0108,1,0.0,673.74,534.39,673.74,139.35,North,Completed
ORD06685,2024-11-17,CUST0869,P0176,2,0.0,9388.62,6512.18,18777.24,5752.88,South,Completed
ORD07090,2024-11-17,CUST0074,P0069,3,0.1,196.15,126.8,529.6,149.2,South,Completed
ORD00998,2024-11-17,CUST0291,P0022,2,0.0,68945.25,50670.94,137890.5,36548.62,South,Completed
ORD09625,2024-11-17,CUST0935,P0050,1,0.2,8890.7,6907.47,7112.56,205.09,North,Completed
ORD06733,2024-11-17,CUST0563,P0126,2,0.0,41856.24,33581.85,83712.48,16548.78,West,Completed
ORD06739,2024-11-17,CUST0039,P0198,1,0.0,715.13,510.57,715.13,204.56,East,Completed
ORD06576,2024-11-17,CUST0208,P0036,1,0.05,1008.83,797.09,958.39,161.3,South,Completed
ORD06331,2024-11-17,CUST0257,P0022,4,0.05,68945.25,50670.94,261991.95,59308.19,East,Cancelled
ORD08989,2024-11-17,CUST0175,P0071,1,0.1,35759.59,27998.22,32183.63,4185.41,West,Completed
ORD06431,2024-11-18,CUST0838,P0145,4,0.05,360.46,274.8,1369.75,270.55,West,Completed
ORD03650,2024-11-18,CUST0723,P0153,2,0.0,318.53,240.18,637.06,156.7,West,Completed
ORD05383,2024-11-18,CUST0913,P0075,1,0.2,6740.18,4364.5,5392.14,1027.64,North,Completed
ORD07605,2024-11-18,CUST0509,P0009,1,0.1,724.93,490.11,652.44,162.33,West,Completed
ORD05644,2024-11-18,CUST0870,P0145,1,0.05,360.46,274.8,342.44,67.64,West,Completed
ORD08158,2024-11-18,CUST0424,P0125,2,0.1,3155.85,2083.96,5680.53,1512.61,West,Completed
ORD03825,2024-11-18,CUST0653,P0100,2,0.05,36262.87,22462.27,68899.45,23974.91,West,Completed
ORD04027,2024-11-18,CUST0569,P0125,1,0.1,3155.85,2083.96,2840.26,756.3,West,Completed
ORD03940,2024-11-18,CUST0194,P0143,3,0.0,56727.96,35563.32,170183.88,63493.92,South,Completed
ORD07987,2024-11-18,CUST0125,P0182,3,0.0,15590.28,12172.38,46770.84,10253.7,South,Completed
ORD03109,2024-11-18,CUST0395,P0070,3,0.1,56679.56,41863.05,153034.81,27445.66,North,Completed
ORD00823,2024-11-18,CUST0809,P0062,1,0.05,7214.7,5874.11,6853.96,979.85,North,Completed
ORD02723,2024-11-18,CUST0785,P0120,2,0.1,57866.38,42176.37,104159.48,19806.74,East,Completed
ORD02328,2024-11-18,CUST0635,P0159,4,0.05,54205.42,36083.24,205980.6,61647.64,East,Completed
ORD03174,2024-11-19,CUST0554,P0177,1,0.1,783.92,493.62,705.53,211.91,North,Completed
ORD02429,2024-11-19,CUST0748,P0181,1,0.0,8670.4,5624.95,8670.4,3045.45,West,Completed
ORD04714,2024-11-19,CUST0930,P0119,2,0.05,11965.18,9132.35,22733.84,4469.14,West,Completed
ORD07494,2024-11-19,CUST0021,P0181,5,0.0,8670.4,5624.95,43352.0,15227.25,North,Completed
ORD00369,2024-11-19,CUST0369,P0047,2,0.1,1004.63,793.19,1808.33,221.95,West,Pending
ORD02362,2024-11-19,CUST0712,P0084,2,0.15,52737.3,39276.81,89653.41,11099.79,West,Completed
ORD08058,2024-11-19,CUST0649,P0078,2,0.1,66750.32,43644.61,120150.58,32861.36,East,Completed
ORD06697,2024-11-19,CUST0977,P0080,1,0.05,67342.32,40846.14,63975.2,23129.06,East,Completed
ORD04469,2024-11-19,CUST0889,P0192,1,0.1,20821.66,13717.57,18739.49,5021.92,West,Completed
ORD01348,2024-11-19,CUST0656,P0166,2,0.0,47059.67,34982.34,94119.34,24154.66,North,Completed
ORD06200,2024-11-19,CUST0388,P0139,1,0.0,26827.4,18117.75,26827.4,8709.65,East,Completed
ORD08367,2024-11-19,CUST0644,P0008,1,0.0,68633.55,51583.32,68633.55,17050.23,North,Completed
ORD00341,2024-11-19,CUST0991,P0112,2,0.15,20043.19,13117.75,34073.42,7837.92,North,Completed
ORD06879,2024-11-19,CUST0407,P0186,3,0.0,36288.91,28203.52,108866.73,24256.17,South,Cancelled
ORD02038,2024-11-20,CUST0502,P0042,1,0.15,10683.47,6548.45,9080.95,2532.5,South,Completed
ORD04284,2024-11-20,CUST0265,P0021,1,0.1,6878.25,5112.71,6190.42,1077.71,South,Pending
ORD08802,2024-11-20,CUST0212,P0071,1,0.0,35759.59,27998.22,35759.59,7761.37,South,Completed
ORD07576,2024-11-20,CUST0463,P0019,4,0.15,27844.42,18931.51,94671.03,18944.99,South,Completed
ORD00974,2024-11-20,CUST0029,P0046,4,0.05,61902.8,37121.36,235230.64,86745.2,North,Completed
ORD01288,2024-11-20,CUST0619,P0147,2,0.05,22737.01,13458.16,43200.32,16284.0,West,Completed
ORD00812,2024-11-20,CUST0835,P0012,1,0.05,4072.78,2687.49,3869.14,1181.65,West,Completed
ORD05820,2024-11-20,CUST0545,P0128,1,0.05,7160.91,4568.96,6802.86,2233.9,West,Completed
ORD03769,2024-11-20,CUST0495,P0143,2,0.1,56727.96,35563.32,102110.33,30983.69,North,Cancelled
ORD01545,2024-11-20,CUST0719,P0195,1,0.1,15240.21,11813.53,13716.19,1902.66,West,Completed
ORD03995,2024-11-20,CUST0631,P0041,3,0.05,4003.54,2383.24,11410.09,4260.37,North,Completed
ORD06508,2024-11-20,CUST0371,P0090,1,0.05,446.05,334.33,423.75,89.42,North,Completed
ORD07229,2024-11-20,CUST0235,P0043,3,0.05,528.82,390.77,1507.14,334.83,East,Completed
ORD00618,2024-11-20,CUST0725,P0038,5,0.05,25137.53,20080.78,119403.27,18999.37,South,Completed
ORD05169,2024-11-20,CUST0316,P0097,2,0.1,11100.34,7751.47,19980.61,4477.67,East,Completed
ORD08348,2024-11-20,CUST0303,P0146,1,0.05,11482.27,8693.26,10908.16,2214.9,West,Completed
ORD04069,2024-11-21,CUST0353,P0083,1,0.15,374.27,289.15,318.13,28.98,East,Completed
ORD02455,2024-11-21,CUST0065,P0065,1,0.05,21598.4,14583.7,20518.48,5934.78,South,Completed
ORD03438,2024-11-21,CUST0544,P0105,1,0.2,17543.79,10886.17,14035.03,3148.86,East,Completed
ORD06852,2024-11-21,CUST0900,P0048,3,0.05,1114.29,876.19,3175.73,547.16,South,Completed
ORD08155,2024-11-21,CUST0938,P0123,3,0.05,77212.89,61788.48,220056.74,34691.3,West,Completed
ORD06256,2024-11-21,CUST0460,P0191,1,0.05,8442.75,6441.23,8020.61,1579.38,East,Completed
ORD01647,2024-11-21,CUST0233,P0102,1,0.05,4149.23,2427.22,3941.77,1514.55,East,Completed
ORD02285,2024-11-21,CUST0595,P0016,1,0.1,20196.29,11952.43,18176.66,6224.23,East,Completed
ORD04250,2024-11-21,CUST0356,P0117,3,0.05,62915.52,50890.59,179309.23,26637.46,West,Completed
ORD03448,2024-11-21,CUST0527,P0097,3,0.1,11100.34,7751.47,29970.92,6716.51,East,Pending
ORD04881,2024-11-21,CUST0268,P0074,4,0.05,40981.75,23771.65,155730.65,60644.05,North,Completed
ORD04879,2024-11-21,CUST0951,P0131,3,0.05,896.08,597.69,2553.83,760.76,South,Cancelled
ORD09054,2024-11-21,CUST0602,P0114,1,0.1,16683.02,10299.86,15014.72,4714.86,South,Completed
ORD04276,2024-11-21,CUST0337,P0112,1,0.0,20043.19,13117.75,20043.19,6925.44,East,Completed
ORD04466,2024-11-21,CUST0336,P0086,2,0.1,519.82,398.56,935.68,138.56,North,Completed
ORD09734,2024-11-21,CUST0806,P0015,2,0.1,18890.43,14292.88,34002.77,5417.01,South,Completed
ORD04748,2024-11-21,CUST0988,P0192,1,0.05,20821.66,13717.57,19780.58,6063.01,South,Completed
ORD05716,2024-11-22,CUST0926,P0066,1,0.05,15521.48,11472.78,14745.41,3272.63,West,Completed
ORD03332,2024-11-22,CUST0716,P0017,3,0.0,17284.69,10596.05,51854.07,20065.92,North,Completed
ORD04841,2024-11-22,CUST0326,P0135,4,0.15,644.55,462.91,2191.47,339.83,North,Completed
ORD01147,2024-11-22,CUST0676,P0013,2,0.1,8923.66,6594.73,16062.59,2873.13,South,Completed
ORD06977,2024-11-22,CUST0707,P0038,3,0.0,25137.53,20080.78,75412.59,15170.25,East,Completed
ORD05337,2024-11-22,CUST0439,P0184,1,0.0,20719.38,13335.4,20719.38,7383.98,West,Completed
ORD04045,2024-11-22,CUST0777,P0097,1,0.15,11100.34,7751.47,9435.29,1683.82,South,Pending
ORD01609,2024-11-22,CUST0369,P0184,1,0.1,20719.38,13335.4,18647.44,5312.04,West,Completed
ORD02138,2024-11-23,CUST0372,P0012,1,0.1,4072.78,2687.49,3665.5,978.01,North,Completed
ORD04093,2024-11-23,CUST0538,P0020,1,0.0,14020.39,10682.55,14020.39,3337.84,North,Completed
ORD01586,2024-11-23,CUST0975,P0132,1,0.05,235.21,163.03,223.45,60.42,North,Completed
ORD04896,2024-11-23,CUST0545,P0136,1,0.15,3029.54,2200.52,2575.11,374.59,West,Completed
ORD08615,2024-11-23,CUST0627,P0110,1,0.0,30098.59,20298.4,30098.59,9800.19,West,Pending
ORD07502,2024-11-23,CUST0900,P0184,1,0.05,20719.38,13335.4,19683.41,6348.01,South,Completed
ORD03326,2024-11-23,CUST0597,P0122,2,0.15,17942.76,13133.8,30502.69,4235.09,West,Completed
ORD05529,2024-11-23,CUST0359,P0154,1,0.1,693.93,462.98,624.54,161.56,South,Completed
ORD07722,2024-11-23,CUST0269,P0141,2,0.0,1748.75,1100.65,3497.5,1296.2,East,Completed
ORD03282,2024-11-23,CUST0995,P0172,1,0.2,53066.45,36105.87,42453.16,6347.29,East,Completed
ORD00228,2024-11-23,CUST0284,P0053,2,0.15,422.63,329.18,718.47,60.11,West,Completed
ORD09768,2024-11-23,CUST0638,P0013,2,0.0,8923.66,6594.73,17847.32,4657.86,West,Completed
ORD09884,2024-11-23,CUST0322,P0020,2,0.05,14020.39,10682.55,26638.74,5273.64,West,Completed
ORD09112,2024-11-23,CUST0300,P0077,2,0.2,50047.7,37709.36,80076.32,4657.6,North,Cancelled
ORD05078,2024-11-23,CUST0915,P0138,2,0.0,30903.45,21958.56,61806.9,17889.78,East,Completed
ORD05982,2024-11-23,CUST0730,P0200,2,0.0,37954.59,28614.99,75909.18,18679.2,East,Completed
ORD02896,2024-11-24,CUST0481,P0142,1,0.1,4782.08,3282.92,4303.87,1020.95,West,Completed
ORD07055,2024-11-24,CUST0586,P0088,1,0.05,58121.47,37608.48,55215.4,17606.92,North,Completed
ORD06456,2024-11-24,CUST0849,P0088,2,0.0,58121.47,37608.48,116242.94,41025.98,West,Completed
ORD02918,2024-11-24,CUST0509,P0037,1,0.05,58358.81,45854.58,55440.87,9586.29,West,Completed
ORD02144,2024-11-24,CUST0260,P0083,2,0.0,374.27,289.15,748.54,170.24,East,Completed
ORD04750,2024-11-24,CUST0456,P0125,1,0.1,3155.85,2083.96,2840.26,756.3,South,Completed
ORD08281,2024-11-24,CUST0742,P0185,2,0.1,76508.26,54062.35,137714.87,29590.17,South,Completed
ORD04682,2024-11-24,CUST0333,P0048,2,0.15,1114.29,876.19,1894.29,141.91,East,Completed
ORD02457,2024-11-24,CUST0825,P0083,1,0.1,374.27,289.15,336.84,47.69,South,Completed
ORD09182,2024-11-24,CUST0204,P0112,5,0.0,20043.19,13117.75,100215.95,34627.2,North,Completed
ORD00796,2024-11-24,CUST0241,P0098,2,0.0,15055.62,11767.46,30111.24,6576.32,South,Completed
ORD09950,2024-11-24,CUST0281,P0043,1,0.05,528.82,390.77,502.38,111.61,East,Completed
ORD07480,2024-11-24,CUST0418,P0126,1,0.0,41856.24,33581.85,41856.24,8274.39,South,Completed
ORD04962,2024-11-25,CUST0848,P0086,1,0.05,519.82,398.56,493.83,95.27,East,Completed
ORD01243,2024-11-25,CUST0178,P0171,2,0.1,39010.06,29472.11,70218.11,11273.89,West,Completed
ORD03702,2024-11-25,CUST0289,P0094,1,0.2,77812.86,47690.34,62250.29,14559.95,West,Completed
ORD09744,2024-11-25,CUST0555,P0184,1,0.1,20719.38,13335.4,18647.44,5312.04,West,Completed
ORD07612,2024-11-25,CUST0690,P0103,1,0.1,585.19,454.75,526.67,71.92,North,Completed
ORD01198,2024-11-25,CUST0823,P0087,3,0.05,11879.48,8267.83,33856.52,9053.03,West,Completed
ORD01830,2024-11-25,CUST0013,P0150,2,0.1,53462.03,36715.83,96231.65,22799.99,East,Completed
ORD08530,2024-11-25,CUST0544,P0148,4,0.2,15484.78,9786.06,49551.3,10407.06,East,Completed
ORD07601,2024-11-25,CUST0866,P0196,1,0.0,385.78,231.62,385.78,154.16,West,Completed
ORD01897,2024-11-25,CUST0280,P0022,1,0.1,68945.25,50670.94,62050.72,11379.78,South,Completed
ORD03210,2024-11-25,CUST0905,P0122,1,0.1,17942.76,13133.8,16148.48,3014.68,South,Completed
ORD06582,2024-11-25,CUST0949,P0181,1,0.15,8670.4,5624.95,7369.84,1744.89,West,Cancelled
ORD05259,2024-11-25,CUST0445,P0026,2,0.15,53440.86,40308.66,90849.46,10232.14,North,Pending
ORD09962,2024-11-25,CUST0072,P0112,2,0.15,20043.19,13117.75,34073.42,7837.92,East,Completed
ORD09731,2024-11-25,CUST0286,P0171,1,0.05,39010.06,29472.11,37059.56,7587.45,South,Completed
ORD04752,2024-11-25,CUST0948,P0065,1,0.0,21598.4,14583.7,21598.4,7014.7,South,Completed
ORD06425,2024-11-25,CUST0841,P0048,1,0.1,1114.29,876.19,1002.86,126.67,East,Completed
ORD09577,2024-11-25,CUST0308,P0075,1,0.2,6740.18,4364.5,5392.14,1027.64,West,Completed
ORD06329,2024-11-25,CUST0005,P0017,1,0.15,17284.69,10596.05,14691.99,4095.94,East,Completed
ORD06920,2024-11-25,CUST0891,P0109,1,0.05,17118.52,11998.2,16262.59,4264.39,West,Cancelled
ORD03401,2024-11-25,CUST0917,P0135,3,0.05,644.55,462.91,1836.97,448.24,West,Completed
ORD00857,2024-11-25,CUST0839,P0193,2,0.1,8422.11,6102.6,15159.8,2954.6,North,Completed
ORD08760,2024-11-25,CUST0221,P0190,1,0.05,2296.71,1653.27,2181.87,528.6,West,Completed
ORD09924,2024-11-26,CUST0260,P0084,3,0.15,52737.3,39276.81,134480.12,16649.69,East,Completed
ORD00615,2024-11-26,CUST0076,P0032,3,0.0,39614.35,24714.41,118843.05,44699.82,South,Completed
ORD07925,2024-11-26,CUST0403,P0008,2,0.1,68633.55,51583.32,123540.39,20373.75,South,Completed
ORD07646,2024-11-26,CUST0492,P0107,1,0.05,72638.94,50890.24,69006.99,18116.75,South,Completed
ORD01438,2024-11-26,CUST0579,P0179,1,0.15,12818.17,8758.44,10895.44,2137.0,North,Completed
ORD04470,2024-11-26,CUST0740,P0037,4,0.1,58358.81,45854.58,210091.72,26673.4,East,Completed
ORD06833,2024-11-26,CUST0181,P0017,5,0.05,17284.69,10596.05,82102.28,29122.03,East,Completed
ORD04312,2024-11-26,CUST0560,P0134,2,0.0,34117.69,25387.96,68235.38,17459.46,West,Completed
ORD02062,2024-11-26,CUST0867,P0178,3,0.0,4042.35,3098.18,12127.05,2832.51,West,Completed
ORD09865,2024-11-26,CUST0342,P0094,1,0.0,77812.86,47690.34,77812.86,30122.52,South,Completed
ORD01478,2024-11-26,CUST0058,P0060,1,0.15,32036.99,25220.68,27231.44,2010.76,West,Pending
ORD08673,2024-11-26,CUST0433,P0073,1,0.2,15561.42,10813.46,12449.14,1635.68,South,Completed
ORD08240,2024-11-26,CUST0560,P0080,2,0.0,67342.32,40846.14,134684.64,52992.36,West,Completed
ORD09850,2024-11-26,CUST0497,P0028,1,0.05,1126.53,825.36,1070.2,244.84,East,Completed
ORD07389,2024-11-26,CUST0517,P0127,3,0.1,37425.34,27064.21,101048.42,19855.79,East,Completed
ORD00235,2024-11-26,CUST0845,P0188,3,0.05,5272.37,3130.49,15026.25,5634.78,West,Completed
ORD06109,2024-11-27,CUST0805,P0122,1,0.05,17942.76,13133.8,17045.62,3911.82,West,Completed
ORD08412,2024-11-27,CUST0853,P0035,2,0.0,56932.8,34147.01,113865.6,45571.58,South,Completed
ORD09819,2024-11-27,CUST0975,P0120,2,0.0,57866.38,42176.37,115732.76,31380.02,North,Completed
ORD00561,2024-11-27,CUST0837,P0143,3,0.0,56727.96,35563.32,170183.88,63493.92,West,Completed
ORD03638,2024-11-27,CUST0077,P0066,1,0.05,15521.48,11472.78,14745.41,3272.63,East,Pending
ORD04199,2024-11-27,CUST0325,P0072,4,0.05,28334.52,18780.23,107671.18,32550.26,North,Completed
ORD09992,2024-11-27,CUST0214,P0050,1,0.05,8890.7,6907.47,8446.17,1538.7,South,Completed
ORD08772,2024-11-27,CUST0389,P0133,1,0.0,30154.78,21233.5,30154.78,8921.28,East,Completed
ORD06594,2024-11-27,CUST0475,P0032,1,0.0,39614.35,24714.41,39614.35,14899.94,West,Completed
ORD01581,2024-11-28,CUST0965,P0055,1,0.15,6422.29,4812.56,5458.95,646.39,North,Completed
ORD02603,2024-11-28,CUST0381,P0094,2,0.05,77812.86,47690.34,147844.43,52463.75,North,Completed
ORD03786,2024-11-28,CUST0057,P0154,1,0.1,693.93,462.98,624.54,161.56,West,Completed
ORD09260,2024-11-28,CUST0166,P0038,1,0.05,25137.53,20080.78,23880.65,3799.87,North,Completed
ORD06262,2024-11-28,CUST0884,P0113,2,0.1,26426.25,19479.69,47567.25,8607.87,North,Pending
ORD02935,2024-11-28,CUST0679,P0131,2,0.05,896.08,597.69,1702.55,507.17,East,Cancelled
ORD03970,2024-11-28,CUST0743,P0074,3,0.05,40981.75,23771.65,116797.99,45483.04,North,Pending
ORD01613,2024-11-28,CUST0678,P0016,5,0.0,20196.29,11952.43,100981.45,41219.3,East,Completed
ORD09126,2024-11-28,CUST0825,P0047,5,0.1,1004.63,793.19,4520.84,554.89,South,Completed
ORD02667,2024-11-28,CUST0633,P0067,1,0.2,5933.02,4559.02,4746.42,187.4,West,Completed
ORD03903,2024-11-28,CUST0623,P0010,2,0.15,16072.59,10816.67,27323.4,5690.06,West,Completed
ORD00783,2024-11-29,CUST0620,P0084,1,0.15,52737.3,39276.81,44826.7,5549.89,North,Completed
ORD02456,2024-11-29,CUST0276,P0166,4,0.1,47059.67,34982.34,169414.81,29485.45,South,Completed
ORD04121,2024-11-29,CUST0685,P0141,2,0.0,1748.75,1100.65,3497.5,1296.2,East,Completed
ORD07197,2024-11-29,CUST0761,P0110,2,0.0,30098.59,20298.4,60197.18,19600.38,North,Completed
ORD00587,2024-11-29,CUST0837,P0116,4,0.1,41570.44,24508.05,149653.58,51621.38,West,Completed
ORD06020,2024-11-29,CUST0440,P0097,2,0.05,11100.34,7751.47,21090.65,5587.71,East,Completed
ORD05077,2024-11-29,CUST0089,P0169,2,0.15,12339.56,8305.1,20977.25,4367.05,South,Completed
ORD08605,2024-11-29,CUST0474,P0054,2,0.0,34828.61,21081.63,69657.22,27493.96,North,Completed
ORD03095,2024-11-29,CUST0372,P0082,2,0.1,14583.87,9123.23,26250.97,8004.51,North,Completed
ORD08027,2024-11-29,CUST0365,P0180,1,0.1,23838.69,16889.32,21454.82,4565.5,North,Cancelled
ORD04181,2024-11-29,CUST0199,P0095,3,0.0,9513.49,6495.4,28540.47,9054.27,North,Completed
ORD08670,2024-11-29,CUST0220,P0136,1,0.15,3029.54,2200.52,2575.11,374.59,West,Completed
ORD01153,2024-11-29,CUST0537,P0172,2,0.15,53066.45,36105.87,90212.96,18001.22,West,Completed
ORD00263,2024-11-29,CUST0595,P0166,2,0.15,47059.67,34982.34,80001.44,10036.76,East,Completed
ORD00564,2024-11-30,CUST0373,P0029,1,0.1,1310.65,844.84,1179.58,334.74,North,Completed
ORD02997,2024-11-30,CUST0855,P0119,1,0.0,11965.18,9132.35,11965.18,2832.83,East,Completed
ORD02946,2024-11-30,CUST0784,P0018,5,0.1,4596.19,2818.15,20682.86,6592.11,East,Completed
ORD05229,2024-11-30,CUST0986,P0143,1,0.0,56727.96,35563.32,56727.96,21164.64,South,Cancelled
ORD01158,2024-11-30,CUST0599,P0172,1,0.05,53066.45,36105.87,50413.13,14307.26,West,Completed
ORD07072,2024-11-30,CUST0306,P0191,2,0.05,8442.75,6441.23,16041.22,3158.76,East,Completed
ORD08905,2024-11-30,CUST0027,P0105,2,0.15,17543.79,10886.17,29824.44,8052.1,South,Pending
ORD09231,2024-11-30,CUST0209,P0092,1,0.0,41737.72,32410.53,41737.72,9327.19,West,Completed
ORD06924,2024-11-30,CUST0660,P0099,2,0.05,908.9,743.94,1726.91,239.03,North,Completed
ORD04352,2024-11-30,CUST0490,P0153,4,0.1,318.53,240.18,1146.71,185.99,West,Completed
ORD09278,2024-11-30,CUST0793,P0134,2,0.1,34117.69,25387.96,61411.84,10635.92,South,Pending
ORD03498,2024-11-30,CUST0414,P0127,3,0.05,37425.34,27064.21,106662.22,25469.59,East,Completed
ORD09121,2024-11-30,CUST0709,P0189,3,0.15,38312.77,25713.12,97697.56,20558.2,North,Completed
ORD09838,2024-11-30,CUST0288,P0098,1,0.05,15055.62,11767.46,14302.84,2535.38,South,Completed
ORD08882,2024-12-01,CUST0792,P0125,4,0.05,3155.85,2083.96,11992.23,3656.39,East,Completed
ORD00767,2024-12-01,CUST0277,P0118,1,0.2,36939.5,23012.67,29551.6,6538.93,West,Completed
ORD04826,2024-12-01,CUST0072,P0189,3,0.1,38312.77,25713.12,103444.48,26305.12,East,Completed
ORD07552,2024-12-01,CUST0791,P0166,2,0.1,47059.67,34982.34,84707.41,14742.73,East,Completed
ORD08548,2024-12-01,CUST0057,P0102,3,0.0,4149.23,2427.22,12447.69,5166.03,West,Completed
ORD02751,2024-12-01,CUST0357,P0175,1,0.05,791.76,614.23,752.17,137.94,North,Completed
ORD05990,2024-12-01,CUST0258,P0047,1,0.0,1004.63,793.19,1004.63,211.44,North,Completed
ORD00446,2024-12-01,CUST0725,P0102,2,0.05,4149.23,2427.22,7883.54,3029.1,South,Cancelled
ORD01317,2024-12-01,CUST0785,P0151,1,0.1,5830.9,4665.5,5247.81,582.31,East,Completed
ORD04290,2024-12-01,CUST0198,P0044,2,0.0,59463.82,38619.72,118927.64,41688.2,West,Pending
ORD01535,2024-12-01,CUST0825,P0139,1,0.0,26827.4,18117.75,26827.4,8709.65,South,Completed
ORD06740,2024-12-01,CUST0069,P0188,1,0.05,5272.37,3130.49,5008.75,1878.26,West,Completed
ORD00056,2024-12-01,CUST0343,P0080,4,0.0,67342.32,40846.14,269369.28,105984.72,South,Completed
ORD06790,2024-12-01,CUST0865,P0025,3,0.05,49570.32,37427.29,141275.41,28993.54,South,Completed
ORD08596,2024-12-01,CUST0409,P0030,2,0.05,23508.75,18216.9,44666.62,8232.82,East,Completed
ORD07623,2024-12-02,CUST0409,P0017,1,0.05,17284.69,10596.05,16420.46,5824.41,East,Completed
ORD01381,2024-12-02,CUST0921,P0024,1,0.1,792.84,470.21,713.56,243.35,East,Completed
ORD02006,2024-12-02,CUST0198,P0137,4,0.1,3327.18,2091.19,11977.85,3613.09,West,Completed
ORD02757,2024-12-02,CUST0213,P0152,2,0.0,5896.48,4498.55,11792.96,2795.86,North,Completed
ORD03139,2024-12-02,CUST0863,P0056,5,0.1,312.97,191.98,1408.37,448.47,South,Completed
ORD03309,2024-12-02,CUST0582,P0075,4,0.0,6740.18,4364.5,26960.72,9502.72,West,Completed
ORD00025,2024-12-02,CUST0057,P0064,2,0.1,20038.07,13846.76,36068.53,8375.01,West,Completed
ORD07837,2024-12-02,CUST0427,P0088,3,0.15,58121.47,37608.48,148209.75,35384.31,North,Completed
ORD01330,2024-12-02,CUST0238,P0097,1,0.1,11100.34,7751.47,9990.31,2238.84,South,Completed
ORD04649,2024-12-02,CUST0452,P0052,1,0.05,7440.54,4865.29,7068.51,2203.22,South,Completed
ORD09611,2024-12-02,CUST0035,P0057,1,0.0,911.67,722.71,911.67,188.96,West,Cancelled
ORD04067,2024-12-02,CUST0365,P0180,1,0.05,23838.69,16889.32,22646.76,5757.44,North,Completed
ORD05472,2024-12-02,CUST0202,P0100,1,0.1,36262.87,22462.27,32636.58,10174.31,West,Completed
ORD03238,2024-12-02,CUST0214,P0089,1,0.1,74892.61,50603.0,67403.35,16800.35,South,Completed
ORD07217,2024-12-02,CUST0982,P0097,3,0.05,11100.34,7751.47,31635.97,8381.56,East,Completed
ORD02666,2024-12-03,CUST0696,P0144,1,0.05,501.46,362.98,476.39,113.41,West,Completed
ORD03074,2024-12-03,CUST0771,P0162,4,0.05,46811.03,27452.25,177881.91,68072.91,West,Completed
ORD02736,2024-12-03,CUST0177,P0063,1,0.1,12786.65,8472.2,11507.98,3035.78,South,Completed
ORD04327,2024-12-03,CUST0461,P0047,1,0.1,1004.63,793.19,904.17,110.98,West,Completed
ORD07545,2024-12-03,CUST0166,P0131,4,0.15,896.08,597.69,3046.67,655.91,North,Completed
ORD06653,2024-12-03,CUST0848,P0023,2,0.05,29957.89,23747.89,56919.99,9424.21,East,Completed
ORD00385,2024-12-03,CUST0855,P0134,2,0.0,34117.69,25387.96,68235.38,17459.46,East,Pending
ORD09599,2024-12-03,CUST0075,P0020,2,0.0,14020.39,10682.55,28040.78,6675.68,West,Completed
ORD03033,2024-12-03,CUST0728,P0188,2,0.1,5272.37,3130.49,9490.27,3229.29,West,Completed
ORD01488,2024-12-03,CUST0997,P0078,1,0.0,66750.32,43644.61,66750.32,23105.71,South,Completed
ORD08994,2024-12-03,CUST0451,P0119,1,0.1,11965.18,9132.35,10768.66,1636.31,West,Completed
ORD00364,2024-12-03,CUST0478,P0023,3,0.15,29957.89,23747.89,76392.62,5148.95,West,Completed
ORD08725,2024-12-03,CUST0559,P0142,3,0.1,4782.08,3282.92,12911.62,3062.86,West,Completed
ORD07377,2024-12-03,CUST0169,P0004,1,0.1,20696.25,15931.27,18626.62,2695.35,West,Cancelled
ORD08099,2024-12-03,CUST0622,P0199,2,0.05,404.58,321.41,768.7,125.88,East,Pending
ORD09842,2024-12-03,CUST0283,P0116,2,0.05,41570.44,24508.05,78983.84,29967.74,East,Completed
ORD04961,2024-12-03,CUST0784,P0104,4,0.05,22437.82,18159.1,85263.72,12627.32,East,Completed
ORD06975,2024-12-03,CUST0619,P0177,2,0.0,783.92,493.62,1567.84,580.6,West,Completed
ORD00288,2024-12-03,CUST0063,P0131,4,0.1,896.08,597.69,3225.89,835.13,North,Completed
ORD05227,2024-12-04,CUST0485,P0082,2,0.15,14583.87,9123.23,24792.58,6546.12,South,Completed
ORD02966,2024-12-04,CUST0091,P0073,1,0.05,15561.42,10813.46,14783.35,3969.89,North,Completed
ORD00260,2024-12-04,CUST0399,P0087,2,0.05,11879.48,8267.83,22571.01,6035.35,East,Completed
ORD02472,2024-12-04,CUST0217,P0032,1,0.05,39614.35,24714.41,37633.63,12919.22,West,Completed
ORD06106,2024-12-04,CUST0838,P0050,1,0.0,8890.7,6907.47,8890.7,1983.23,West,Completed
ORD02359,2024-12-04,CUST0738,P0095,3,0.05,9513.49,6495.4,27113.45,7627.25,South,Completed
ORD00042,2024-12-04,CUST0110,P0115,1,0.1,9526.21,7338.52,8573.59,1235.07,West,Cancelled
ORD04550,2024-12-04,CUST0849,P0159,2,0.05,54205.42,36083.24,102990.3,30823.82,West,Completed
ORD04208,2024-12-04,CUST0622,P0030,1,0.0,23508.75,18216.9,23508.75,5291.85,East,Completed
ORD03477,2024-12-04,CUST0759,P0129,2,0.0,43850.97,27932.89,87701.94,31836.16,West,Cancelled
ORD05838,2024-12-04,CUST0319,P0113,1,0.15,26426.25,19479.69,22462.31,2982.62,West,Cancelled
ORD08856,2024-12-04,CUST0408,P0097,1,0.1,11100.34,7751.47,9990.31,2238.84,East,Completed
ORD01849,2024-12-04,CUST0892,P0192,1,0.15,20821.66,13717.57,17698.41,3980.84,South,Completed
ORD02133,2024-12-04,CUST0211,P0026,1,0.05,53440.86,40308.66,50768.82,10460.16,West,Completed
ORD04073,2024-12-04,CUST0225,P0135,1,0.05,644.55,462.91,612.32,149.41,East,Completed
ORD00206,2024-12-04,CUST0189,P0082,2,0.2,14583.87,9123.23,23334.19,5087.73,North,Completed
ORD05145,2024-12-05,CUST0077,P0198,1,0.05,715.13,510.57,679.37,168.8,East,Pending
ORD09622,2024-12-05,CUST0423,P0026,2,0.1,53440.86,40308.66,96193.55,15576.23,West,Completed
ORD06434,2024-12-05,CUST0553,P0121,2,0.05,975.23,645.82,1852.94,561.3,East,Completed
ORD09065,2024-12-05,CUST0410,P0156,1,0.05,44665.09,34536.09,42431.84,7895.75,East,Completed
ORD08139,2024-12-05,CUST0780,P0094,2,0.1,77812.86,47690.34,140063.15,44682.47,East,Completed
ORD06515,2024-12-05,CUST0221,P0181,1,0.05,8670.4,5624.95,8236.88,2611.93,West,Completed
ORD04659,2024-12-05,CUST0294,P0162,1,0.1,46811.03,27452.25,42129.93,14677.68,East,Completed
ORD06523,2024-12-05,CUST0375,P0182,4,0.2,15590.28,12172.38,49888.9,1199.38,North,Completed
ORD01961,2024-12-05,CUST0853,P0006,2,0.15,51610.25,30768.51,87737.42,26200.4,South,Completed
ORD00949,2024-12-05,CUST0565,P0131,3,0.05,896.08,597.69,2553.83,760.76,West,Completed
ORD01456,2024-12-05,CUST0691,P0080,2,0.0,67342.32,40846.14,134684.64,52992.36,East,Completed
ORD00640,2024-12-05,CUST0989,P0170,1,0.0,750.66,462.97,750.66,287.69,South,Cancelled
ORD07755,2024-12-05,CUST0026,P0106,3,0.1,526.46,370.01,1421.44,311.41,South,Completed
ORD01087,2024-12-06,CUST0853,P0058,2,0.0,7347.4,4878.31,14694.8,4938.18,South,Completed
ORD00483,2024-12-06,CUST0533,P0007,2,0.1,8223.62,4942.96,14802.52,4916.6,East,Completed
ORD05640,2024-12-06,CUST0463,P0125,1,0.1,3155.85,2083.96,2840.26,756.3,South,Completed
ORD01027,2024-12-06,CUST0076,P0127,1,0.0,37425.34,27064.21,37425.34,10361.13,South,Completed
ORD01211,2024-12-06,CUST0547,P0092,3,0.15,41737.72,32410.53,106431.19,9199.6,South,Completed
ORD04851,2024-12-06,CUST0307,P0178,4,0.05,4042.35,3098.18,15360.93,2968.21,West,Completed
ORD08109,2024-12-06,CUST0522,P0141,1,0.05,1748.75,1100.65,1661.31,560.66,East,Completed
ORD09875,2024-12-06,CUST0593,P0179,2,0.1,12818.17,8758.44,23072.71,5555.83,East,Completed
ORD03678,2024-12-06,CUST0763,P0123,3,0.0,77212.89,61788.48,231638.67,46273.23,South,Completed
ORD06700,2024-12-06,CUST0477,P0019,2,0.05,27844.42,18931.51,52904.4,15041.38,East,Completed
ORD03409,2024-12-06,CUST0913,P0077,1,0.15,50047.7,37709.36,42540.54,4831.18,North,Completed
ORD05801,2024-12-06,CUST0494,P0104,2,0.15,22437.82,18159.1,38144.29,1826.09,South,Completed
ORD02714,2024-12-06,CUST0643,P0125,1,0.1,3155.85,2083.96,2840.26,756.3,South,Cancelled
ORD00964,2024-12-06,CUST0576,P0069,1,0.0,196.15,126.8,196.15,69.35,East,Completed
ORD05904,2024-12-06,CUST0887,P0103,1,0.05,585.19,454.75,555.93,101.18,North,Completed
ORD07292,2024-12-06,CUST0706,P0062,3,0.05,7214.7,5874.11,20561.89,2939.56,East,Cancelled
ORD05035,2024-12-06,CUST0317,P0008,1,0.15,68633.55,51583.32,58338.52,6755.2,West,Completed
ORD03227,2024-12-07,CUST0784,P0136,2,0.1,3029.54,2200.52,5453.17,1052.13,East,Completed
ORD07880,2024-12-07,CUST0469,P0105,3,0.0,17543.79,10886.17,52631.37,19972.86,South,Completed
ORD04376,2024-12-07,CUST0057,P0102,4,0.1,4149.23,2427.22,14937.23,5228.35,West,Completed
ORD03260,2024-12-07,CUST0973,P0127,1,0.0,37425.34,27064.21,37425.34,10361.13,South,Completed
ORD09938,2024-12-07,CUST0183,P0167,2,0.05,7469.0,4701.25,14191.1,4788.6,South,Completed
ORD08543,2024-12-07,CUST0389,P0037,3,0.0,58358.81,45854.58,175076.43,37512.69,East,Completed
ORD00647,2024-12-07,CUST0162,P0068,1,0.05,41326.98,32432.51,39260.63,6828.12,West,Completed
ORD05726,2024-12-07,CUST0899,P0004,3,0.1,20696.25,15931.27,55879.88,8086.07,South,Completed
ORD06949,2024-12-07,CUST0220,P0106,2,0.15,526.46,370.01,894.98,154.96,West,Completed
ORD06087,2024-12-07,CUST0249,P0113,2,0.05,26426.25,19479.69,50209.88,11250.5,West,Completed
ORD07848,2024-12-07,CUST0255,P0103,1,0.0,585.19,454.75,585.19,130.44,South,Completed
ORD06815,2024-12-07,CUST0561,P0150,2,0.15,53462.03,36715.83,90885.45,17453.79,South,Completed
ORD02747,2024-12-07,CUST0702,P0170,1,0.05,750.66,462.97,713.13,250.16,West,Completed
ORD03969,2024-12-07,CUST0294,P0161,2,0.15,36827.84,23163.81,62607.33,16279.71,East,Completed
ORD01941,2024-12-07,CUST0530,P0193,2,0.15,8422.11,6102.6,14317.59,2112.39,North,Completed
ORD08115,2024-12-07,CUST0947,P0070,3,0.15,56679.56,41863.05,144532.88,18943.73,North,Completed
ORD03972,2024-12-07,CUST0582,P0163,2,0.0,3768.33,3060.43,7536.66,1415.8,West,Completed
ORD06394,2024-12-07,CUST0984,P0073,1,0.2,15561.42,10813.46,12449.14,1635.68,West,Completed
ORD03223,2024-12-07,CUST0239,P0067,2,0.1,5933.02,4559.02,10679.44,1561.4,East,Completed
ORD00313,2024-12-07,CUST0368,P0149,2,0.0,2427.19,1691.68,4854.38,1471.02,North,Completed
ORD06773,2024-12-08,CUST0757,P0091,3,0.1,49350.46,32483.04,133246.24,35797.12,West,Completed
ORD05788,2024-12-08,CUST0456,P0097,1,0.0,11100.34,7751.47,11100.34,3348.87,South,Completed
ORD09129,2024-12-08,CUST0144,P0170,3,0.0,750.66,462.97,2251.98,863.07,South,Completed
ORD02154,2024-12-08,CUST0954,P0045,4,0.05,2217.01,1355.93,8424.64,3000.92,East,Completed
ORD01260,2024-12-08,CUST0928,P0095,1,0.0,9513.49,6495.4,9513.49,3018.09,North,Completed
ORD06683,2024-12-08,CUST0347,P0030,3,0.05,23508.75,18216.9,66999.94,12349.24,North,Completed
ORD05475,2024-12-08,CUST0836,P0157,1,0.15,1290.11,764.14,1096.59,332.45,West,Completed
ORD08237,2024-12-08,CUST0617,P0028,1,0.1,1126.53,825.36,1013.88,188.52,South,Completed
ORD05434,2024-12-08,CUST0144,P0175,1,0.15,791.76,614.23,673.0,58.77,South,Completed
ORD01946,2024-12-08,CUST0950,P0007,2,0.1,8223.62,4942.96,14802.52,4916.6,East,Completed
ORD07568,2024-12-09,CUST0040,P0067,3,0.2,5933.02,4559.02,14239.25,562.19,East,Completed
ORD02845,2024-12-09,CUST0589,P0003,1,0.15,15581.84,9713.54,13244.56,3531.02,East,Completed
ORD01117,2024-12-09,CUST0848,P0158,2,0.1,33125.35,22293.09,59625.63,15039.45,East,Completed
ORD06988,2024-12-09,CUST0224,P0110,2,0.1,30098.59,20298.4,54177.46,13580.66,West,Completed
ORD06615,2024-12-09,CUST0592,P0041,2,0.2,4003.54,2383.24,6405.66,1639.18,South,Completed
ORD02617,2024-12-09,CUST0904,P0102,3,0.1,4149.23,2427.22,11202.92,3921.26,North,Completed
ORD01650,2024-12-09,CUST0695,P0111,1,0.15,32818.12,23699.05,27895.4,4196.35,North,Completed
ORD03101,2024-12-09,CUST0994,P0069,1,0.0,196.15,126.8,196.15,69.35,South,Completed
ORD06912,2024-12-09,CUST0030,P0014,2,0.2,18597.52,13817.51,29756.03,2121.01,South,Completed
ORD06902,2024-12-09,CUST0401,P0146,2,0.1,11482.27,8693.26,20668.09,3281.57,North,Completed
ORD04828,2024-12-09,CUST0997,P0046,3,0.05,61902.8,37121.36,176422.98,65058.9,South,Completed
ORD06878,2024-12-09,CUST0311,P0111,5,0.05,32818.12,23699.05,155886.07,37390.82,North,Completed
ORD08094,2024-12-09,CUST0624,P0196,1,0.1,385.78,231.62,347.2,115.58,East,Completed
ORD07629,2024-12-09,CUST0759,P0103,3,0.1,585.19,454.75,1580.01,215.76,West,Completed
ORD01866,2024-12-10,CUST0332,P0099,3,0.15,908.9,743.94,2317.69,85.87,South,Completed
ORD00443,2024-12-10,CUST0078,P0077,4,0.1,50047.7,37709.36,180171.72,29334.28,South,Completed
ORD03257,2024-12-10,CUST0644,P0105,1,0.0,17543.79,10886.17,17543.79,6657.62,North,Completed
ORD06997,2024-12-10,CUST0816,P0179,2,0.05,12818.17,8758.44,24354.52,6837.64,East,Completed
ORD03008,2024-12-10,CUST0454,P0045,4,0.1,2217.01,1355.93,7981.24,2557.52,West,Completed
ORD00045,2024-12-10,CUST0544,P0043,1,0.05,528.82,390.77,502.38,111.61,East,Cancelled
ORD03224,2024-12-10,CUST0007,P0017,2,0.1,17284.69,10596.05,31112.44,9920.34,South,Completed
ORD02386,2024-12-10,CUST0776,P0148,4,0.1,15484.78,9786.06,55745.21,16600.97,East,Completed
ORD04501,2024-12-10,CUST0618,P0033,3,0.1,54569.41,31985.14,147337.41,51381.99,South,Completed
ORD08407,2024-12-10,CUST0923,P0189,3,0.0,38312.77,25713.12,114938.31,37798.95,South,Completed
ORD06415,2024-12-10,CUST0108,P0138,1,0.1,30903.45,21958.56,27813.1,5854.54,South,Completed
ORD02589,2024-12-10,CUST0603,P0013,1,0.2,8923.66,6594.73,7138.93,544.2,East,Completed
ORD09708,2024-12-11,CUST0511,P0061,1,0.2,49224.25,33194.34,39379.4,6185.06,West,Completed
ORD06069,2024-12-11,CUST0360,P0059,1,0.0,1247.06,804.27,1247.06,442.79,West,Completed
ORD07439,2024-12-11,CUST0511,P0185,2,0.05,76508.26,54062.35,145365.69,37240.99,West,Pending
ORD01460,2024-12-11,CUST0675,P0195,1,0.05,15240.21,11813.53,14478.2,2664.67,North,Completed
ORD03328,2024-12-11,CUST0708,P0096,1,0.2,22714.55,15565.72,18171.64,2605.92,East,Completed
ORD03499,2024-12-11,CUST0153,P0014,5,0.05,18597.52,13817.51,88338.22,19250.67,East,Completed
ORD06722,2024-12-11,CUST0187,P0098,5,0.0,15055.62,11767.46,75278.1,16440.8,North,Completed
ORD05574,2024-12-11,CUST0349,P0123,2,0.05,77212.89,61788.48,146704.49,23127.53,South,Completed
ORD09878,2024-12-11,CUST0222,P0108,3,0.15,673.74,534.39,1718.04,114.87,South,Completed
ORD06153,2024-12-11,CUST0401,P0092,2,0.2,41737.72,32410.53,66780.35,1959.29,North,Completed
ORD04798,2024-12-11,CUST0754,P0138,1,0.0,30903.45,21958.56,30903.45,8944.89,South,Pending
ORD09114,2024-12-11,CUST0749,P0127,2,0.05,37425.34,27064.21,71108.15,16979.73,West,Completed
ORD07993,2024-12-12,CUST0236,P0156,5,0.15,44665.09,34536.09,189826.63,17146.18,West,Completed
ORD00815,2024-12-12,CUST0442,P0110,3,0.05,30098.59,20298.4,85780.98,24885.78,South,Completed
ORD01996,2024-12-12,CUST0829,P0199,1,0.1,404.58,321.41,364.12,42.71,North,Completed
ORD07271,2024-12-12,CUST0791,P0188,2,0.1,5272.37,3130.49,9490.27,3229.29,East,Completed
ORD04084,2024-12-12,CUST0382,P0054,2,0.1,34828.61,21081.63,62691.5,20528.24,North,Completed
ORD06173,2024-12-12,CUST0961,P0176,1,0.05,9388.62,6512.18,8919.19,2407.01,North,Completed
ORD03884,2024-12-12,CUST0606,P0021,1,0.05,6878.25,5112.71,6534.34,1421.63,South,Completed
ORD04999,2024-12-13,CUST0492,P0091,3,0.1,49350.46,32483.04,133246.24,35797.12,South,Completed
ORD07483,2024-12-13,CUST0568,P0167,4,0.0,7469.0,4701.25,29876.0,11071.0,West,Completed
ORD05863,2024-12-13,CUST0443,P0168,3,0.05,1780.85,1042.33,5075.42,1948.43,South,Pending
ORD03437,2024-12-13,CUST0706,P0138,3,0.05,30903.45,21958.56,88074.83,22199.15,East,Completed
ORD05058,2024-12-13,CUST0780,P0188,1,0.0,5272.37,3130.49,5272.37,2141.88,East,Completed
ORD06057,2024-12-13,CUST0695,P0131,2,0.1,896.08,597.69,1612.94,417.56,North,Completed
ORD02015,2024-12-13,CUST0506,P0077,4,0.0,50047.7,37709.36,200190.8,49353.36,North,Completed
ORD05063,2024-12-13,CUST0125,P0095,4,0.0,9513.49,6495.4,38053.96,12072.36,South,Pending
ORD06709,2024-12-13,CUST0673,P0151,2,0.15,5830.9,4665.5,9912.53,581.53,South,Completed
ORD08291,2024-12-13,CUST0027,P0180,2,0.1,23838.69,16889.32,42909.64,9131.0,South,Completed
ORD06574,2024-12-13,CUST0589,P0112,4,0.1,20043.19,13117.75,72155.48,19684.48,East,Completed
ORD04454,2024-12-13,CUST0406,P0143,1,0.05,56727.96,35563.32,53891.56,18328.24,West,Completed
ORD07991,2024-12-13,CUST0881,P0198,2,0.15,715.13,510.57,1215.72,194.58,East,Completed
ORD01234,2024-12-14,CUST0837,P0032,1,0.0,39614.35,24714.41,39614.35,14899.94,West,Completed
ORD00672,2024-12-14,CUST0412,P0095,1,0.05,9513.49,6495.4,9037.82,2542.42,East,Completed
ORD05575,2024-12-14,CUST0756,P0180,2,0.0,23838.69,16889.32,47677.38,13898.74,North,Completed
ORD00306,2024-12-14,CUST0866,P0138,1,0.05,30903.45,21958.56,29358.28,7399.72,West,Completed
ORD03804,2024-12-14,CUST0642,P0072,2,0.0,28334.52,18780.23,56669.04,19108.58,East,Completed
ORD03243,2024-12-14,CUST0673,P0078,1,0.1,66750.32,43644.61,60075.29,16430.68,South,Completed
ORD09474,2024-12-14,CUST0569,P0052,3,0.05,7440.54,4865.29,21205.54,6609.67,West,Completed
ORD01834,2024-12-14,CUST0921,P0179,1,0.0,12818.17,8758.44,12818.17,4059.73,East,Completed
ORD08518,2024-12-14,CUST0770,P0091,3,0.2,49350.46,32483.04,118441.1,20991.98,North,Completed
ORD03602,2024-12-14,CUST0917,P0118,5,0.1,36939.5,23012.67,166227.75,51164.4,West,Completed
ORD00858,2024-12-14,CUST0066,P0127,1,0.1,37425.34,27064.21,33682.81,6618.6,West,Completed
ORD05579,2024-12-14,CUST0396,P0058,1,0.15,7347.4,4878.31,6245.29,1366.98,West,Completed
ORD01192,2024-12-14,CUST0749,P0160,4,0.15,680.29,502.6,2312.99,302.59,West,Completed
ORD06836,2024-12-14,CUST0820,P0191,4,0.0,8442.75,6441.23,33771.0,8006.08,West,Completed
ORD03283,2024-12-14,CUST0441,P0140,1,0.15,12142.58,7367.6,10321.19,2953.59,South,Pending
ORD00085,2024-12-14,CUST0343,P0113,3,0.1,26426.25,19479.69,71350.88,12911.81,South,Completed
ORD01580,2024-12-15,CUST0885,P0086,2,0.1,519.82,398.56,935.68,138.56,North,Cancelled
ORD02974,2024-12-15,CUST0384,P0120,3,0.0,57866.38,42176.37,173599.14,47070.03,South,Completed
ORD05804,2024-12-15,CUST0856,P0058,2,0.1,7347.4,4878.31,13225.32,3468.7,West,Completed
ORD02059,2024-12-15,CUST0926,P0157,1,0.1,1290.11,764.14,1161.1,396.96,West,Completed
ORD00205,2024-12-15,CUST0990,P0041,3,0.1,4003.54,2383.24,10809.56,3659.84,North,Completed
ORD05773,2024-12-15,CUST0791,P0197,1,0.15,15133.72,11886.63,12863.66,977.03,East,Completed
ORD09675,2024-12-15,CUST0580,P0022,2,0.15,68945.25,50670.94,117206.92,15865.04,West,Completed
ORD00969,2024-12-15,CUST0039,P0122,1,0.1,17942.76,13133.8,16148.48,3014.68,East,Completed
ORD03709,2024-12-15,CUST0604,P0197,4,0.05,15133.72,11886.63,57508.14,9961.62,South,Completed
ORD08922,2024-12-15,CUST0688,P0108,4,0.1,673.74,534.39,2425.46,287.9,West,Completed
ORD08716,2024-12-15,CUST0304,P0086,5,0.1,519.82,398.56,2339.19,346.39,West,Completed
ORD08723,2024-12-16,CUST0781,P0095,1,0.1,9513.49,6495.4,8562.14,2066.74,South,Cancelled
ORD06521,2024-12-16,CUST0438,P0176,3,0.15,9388.62,6512.18,23940.98,4404.44,West,Completed
ORD04438,2024-12-16,CUST0671,P0058,2,0.15,7347.4,4878.31,12490.58,2733.96,West,Completed
ORD01731,2024-12-16,CUST0794,P0104,1,0.05,22437.82,18159.1,21315.93,3156.83,West,Completed
ORD07905,2024-12-16,CUST0577,P0009,3,0.1,724.93,490.11,1957.31,486.98,West,Completed
ORD01546,2024-12-16,CUST0896,P0096,2,0.0,22714.55,15565.72,45429.1,14297.66,South,Completed
ORD05463,2024-12-16,CUST0746,P0078,3,0.0,66750.32,43644.61,200250.96,69317.13,East,Completed
ORD03144,2024-12-16,CUST0717,P0059,2,0.1,1247.06,804.27,2244.71,636.17,South,Completed
ORD00297,2024-12-16,CUST0429,P0007,1,0.05,8223.62,4942.96,7812.44,2869.48,West,Completed
ORD09264,2024-12-16,CUST0261,P0042,2,0.1,10683.47,6548.45,19230.25,6133.35,North,Completed
ORD08076,2024-12-16,CUST0377,P0025,3,0.1,49570.32,37427.29,133839.86,21557.99,South,Completed
ORD07314,2024-12-16,CUST0937,P0194,3,0.15,13118.34,8489.04,33451.77,7984.65,East,Completed
ORD01843,2024-12-16,CUST0871,P0054,1,0.1,34828.61,21081.63,31345.75,10264.12,East,Completed
ORD09558,2024-12-16,CUST0249,P0013,2,0.15,8923.66,6594.73,15170.22,1980.76,West,Completed
ORD01421,2024-12-16,CUST0092,P0003,2,0.15,15581.84,9713.54,26489.13,7062.05,West,Completed
ORD04529,2024-12-16,CUST0543,P0108,2,0.1,673.74,534.39,1212.73,143.95,East,Completed
ORD05379,2024-12-16,CUST0107,P0169,4,0.05,12339.56,8305.1,46890.33,13669.93,East,Completed
ORD01285,2024-12-17,CUST0307,P0057,1,0.05,911.67,722.71,866.09,143.38,West,Completed
ORD03391,2024-12-17,CUST0099,P0082,1,0.0,14583.87,9123.23,14583.87,5460.64,South,Completed
ORD07762,2024-12-17,CUST0106,P0183,3,0.1,66902.29,49511.88,180636.18,32100.54,North,Completed
ORD00669,2024-12-17,CUST0468,P0098,3,0.1,15055.62,11767.46,40650.17,5347.79,North,Completed
ORD09717,2024-12-17,CUST0753,P0066,3,0.2,15521.48,11472.78,37251.55,2833.21,East,Cancelled
ORD02016,2024-12-17,CUST0182,P0116,2,0.05,41570.44,24508.05,78983.84,29967.74,North,Completed
ORD09990,2024-12-17,CUST0576,P0087,3,0.1,11879.48,8267.83,32074.6,7271.11,East,Completed
ORD05304,2024-12-17,CUST0578,P0048,1,0.0,1114.29,876.19,1114.29,238.1,South,Completed
ORD06562,2024-12-18,CUST0764,P0168,1,0.15,1780.85,1042.33,1513.72,471.39,East,Completed
ORD03605,2024-12-18,CUST0992,P0164,2,0.0,8324.94,6438.05,16649.88,3773.78,East,Completed
ORD08041,2024-12-18,CUST0730,P0164,3,0.0,8324.94,6438.05,24974.82,5660.67,East,Completed
ORD07937,2024-12-18,CUST0941,P0123,4,0.2,77212.89,61788.48,247081.25,-72.67,South,Completed
ORD07167,2024-12-18,CUST0788,P0158,1,0.1,33125.35,22293.09,29812.82,7519.73,West,Completed
ORD01327,2024-12-18,CUST0514,P0193,3,0.15,8422.11,6102.6,21476.38,3168.58,East,Completed
ORD06226,2024-12-18,CUST0734,P0109,1,0.0,17118.52,11998.2,17118.52,5120.32,South,Completed
ORD03127,2024-12-18,CUST0082,P0014,1,0.1,18597.52,13817.51,16737.77,2920.26,South,Completed
ORD00143,2024-12-18,CUST0258,P0070,1,0.1,56679.56,41863.05,51011.6,9148.55,North,Completed
ORD02879,2024-12-18,CUST0825,P0069,2,0.15,196.15,126.8,333.46,79.86,South,Completed
ORD06510,2024-12-18,CUST0112,P0024,1,0.2,792.84,470.21,634.27,164.06,North,Completed
ORD04563,2024-12-18,CUST0886,P0002,1,0.0,6203.85,4038.58,6203.85,2165.27,East,Completed
ORD09419,2024-12-18,CUST0194,P0073,1,0.1,15561.42,10813.46,14005.28,3191.82,South,Completed
ORD08356,2024-12-18,CUST0741,P0184,1,0.05,20719.38,13335.4,19683.41,6348.01,South,Completed
ORD07809,2024-12-19,CUST0574,P0158,3,0.0,33125.35,22293.09,99376.05,32496.78,East,Completed
ORD00819,2024-12-19,CUST0084,P0131,1,0.1,896.08,597.69,806.47,208.78,West,Completed
ORD00806,2024-12-19,CUST0171,P0194,1,0.15,13118.34,8489.04,11150.59,2661.55,South,Completed
ORD09420,2024-12-19,CUST0158,P0012,1,0.1,4072.78,2687.49,3665.5,978.01,South,Completed
ORD07535,2024-12-19,CUST0147,P0158,1,0.1,33125.35,22293.09,29812.82,7519.73,East,Completed
ORD05888,2024-12-19,CUST0042,P0181,2,0.0,8670.4,5624.95,17340.8,6090.9,South,Completed
ORD09223,2024-12-19,CUST0296,P0001,2,0.1,796.95,617.19,1434.51,200.13,South,Completed
ORD07193,2024-12-19,CUST0932,P0078,1,0.2,66750.32,43644.61,53400.26,9755.65,East,Completed
ORD01283,2024-12-19,CUST0325,P0039,2,0.0,1717.54,1277.52,3435.08,880.04,North,Completed
ORD01140,2024-12-20,CUST0840,P0104,3,0.1,22437.82,18159.1,60582.11,6104.81,South,Completed
ORD09780,2024-12-20,CUST0306,P0036,1,0.05,1008.83,797.09,958.39,161.3,East,Completed
ORD02322,2024-12-20,CUST0191,P0081,1,0.1,11112.68,6733.47,10001.41,3267.94,East,Completed
ORD05619,2024-12-20,CUST0694,P0166,1,0.05,47059.67,34982.34,44706.69,9724.35,North,Completed
ORD08418,2024-12-20,CUST0434,P0191,3,0.0,8442.75,6441.23,25328.25,6004.56,East,Completed
ORD01934,2024-12-20,CUST0466,P0010,1,0.1,16072.59,10816.67,14465.33,3648.66,South,Completed
ORD04782,2024-12-20,CUST0062,P0012,2,0.05,4072.78,2687.49,7738.28,2363.3,East,Completed
ORD05161,2024-12-20,CUST0723,P0077,5,0.1,50047.7,37709.36,225214.65,36667.85,West,Completed
ORD09355,2024-12-20,CUST0833,P0014,2,0.15,18597.52,13817.51,31615.78,3980.76,North,Completed
ORD02488,2024-12-20,CUST0253,P0023,5,0.0,29957.89,23747.89,149789.45,31050.0,South,Completed
ORD04679,2024-12-20,CUST0044,P0126,3,0.05,41856.24,33581.85,119290.28,18544.73,North,Completed
ORD00733,2024-12-20,CUST0690,P0122,2,0.0,17942.76,13133.8,35885.52,9617.92,North,Completed
ORD00063,2024-12-21,CUST0213,P0007,2,0.2,8223.62,4942.96,13157.79,3271.87,North,Completed
ORD08326,2024-12-21,CUST0820,P0137,1,0.0,3327.18,2091.19,3327.18,1235.99,West,Completed
ORD08229,2024-12-21,CUST0069,P0067,2,0.0,5933.02,4559.02,11866.04,2748.0,West,Completed
ORD06235,2024-12-21,CUST0424,P0134,3,0.15,34117.69,25387.96,87000.11,10836.23,West,Completed
ORD06662,2024-12-21,CUST0404,P0135,1,0.15,644.55,462.91,547.87,84.96,North,Cancelled
ORD03618,2024-12-21,CUST0936,P0193,2,0.0,8422.11,6102.6,16844.22,4639.02,South,Completed
ORD02182,2024-12-21,CUST0156,P0183,4,0.1,66902.29,49511.88,240848.24,42800.72,West,Cancelled
ORD00519,2024-12-21,CUST0998,P0055,3,0.15,6422.29,4812.56,16376.84,1939.16,South,Completed
ORD06190,2024-12-21,CUST0765,P0164,1,0.15,8324.94,6438.05,7076.2,638.15,South,Completed
ORD03419,2024-12-21,CUST0054,P0187,2,0.0,184.91,120.68,369.82,128.46,East,Completed
ORD00758,2024-12-22,CUST0646,P0090,4,0.0,446.05,334.33,1784.2,446.88,North,Completed
ORD03433,2024-12-22,CUST0838,P0180,4,0.2,23838.69,16889.32,76283.81,8726.53,West,Completed
ORD07792,2024-12-22,CUST0264,P0070,3,0.1,56679.56,41863.05,153034.81,27445.66,North,Completed
ORD09895,2024-12-22,CUST0027,P0123,1,0.1,77212.89,61788.48,69491.6,7703.12,South,Completed
ORD04477,2024-12-22,CUST0375,P0020,2,0.1,14020.39,10682.55,25236.7,3871.6,North,Completed
ORD09067,2024-12-22,CUST0691,P0003,1,0.05,15581.84,9713.54,14802.75,5089.21,East,Cancelled
ORD09654,2024-12-22,CUST0825,P0176,1,0.1,9388.62,6512.18,8449.76,1937.58,South,Cancelled
ORD07537,2024-12-22,CUST0752,P0111,4,0.1,32818.12,23699.05,118145.23,23349.03,East,Cancelled
ORD04342,2024-12-22,CUST0577,P0059,1,0.0,1247.06,804.27,1247.06,442.79,West,Completed
ORD00817,2024-12-22,CUST0728,P0036,1,0.15,1008.83,797.09,857.51,60.42,West,Completed
ORD00921,2024-12-22,CUST0163,P0193,1,0.0,8422.11,6102.6,8422.11,2319.51,East,Completed
ORD08500,2024-12-22,CUST0917,P0056,1,0.15,312.97,191.98,266.02,74.04,West,Completed
ORD08660,2024-12-22,CUST0821,P0146,2,0.2,11482.27,8693.26,18371.63,985.11,North,Completed
ORD01364,2024-12-22,CUST0849,P0079,2,0.05,409.51,310.64,778.07,156.79,West,Completed
ORD04177,2024-12-22,CUST0798,P0172,2,0.0,53066.45,36105.87,106132.9,33921.16,North,Completed
ORD07889,2024-12-23,CUST0452,P0116,4,0.0,41570.44,24508.05,166281.76,68249.56,South,Completed
ORD07778,2024-12-23,CUST0274,P0108,4,0.1,673.74,534.39,2425.46,287.9,East,Completed
ORD07474,2024-12-23,CUST0399,P0118,2,0.1,36939.5,23012.67,66491.1,20465.76,East,Completed
ORD07608,2024-12-23,CUST0170,P0139,1,0.1,26827.4,18117.75,24144.66,6026.91,West,Completed
ORD08177,2024-12-23,CUST0658,P0173,1,0.0,4259.82,3133.66,4259.82,1126.16,North,Completed
ORD07999,2024-12-23,CUST0173,P0162,3,0.15,46811.03,27452.25,119368.13,37011.38,West,Completed
ORD05517,2024-12-23,CUST0880,P0039,1,0.0,1717.54,1277.52,1717.54,440.02,East,Completed
ORD09504,2024-12-23,CUST0680,P0018,1,0.1,4596.19,2818.15,4136.57,1318.42,South,Completed
ORD07934,2024-12-23,CUST0478,P0173,2,0.1,4259.82,3133.66,7667.68,1400.36,West,Completed
ORD09023,2024-12-23,CUST0470,P0010,3,0.1,16072.59,10816.67,43395.99,10945.98,West,Completed
ORD07888,2024-12-23,CUST0150,P0139,2,0.1,26827.4,18117.75,48289.32,12053.82,West,Cancelled
ORD10000,2024-12-23,CUST0198,P0133,1,0.2,30154.78,21233.5,24123.82,2890.32,West,Completed
ORD04465,2024-12-23,CUST0336,P0048,4,0.1,1114.29,876.19,4011.44,506.68,North,Completed
ORD02141,2024-12-23,CUST0151,P0178,3,0.1,4042.35,3098.18,10914.34,1619.8,North,Completed
ORD03756,2024-12-23,CUST0246,P0087,3,0.05,11879.48,8267.83,33856.52,9053.03,South,Completed
ORD03131,2024-12-23,CUST0865,P0164,4,0.1,8324.94,6438.05,29969.78,4217.58,South,Completed
ORD04909,2024-12-23,CUST0436,P0200,2,0.05,37954.59,28614.99,72113.72,14883.74,South,Completed
ORD00422,2024-12-23,CUST0778,P0098,3,0.1,15055.62,11767.46,40650.17,5347.79,East,Completed
ORD05022,2024-12-24,CUST0957,P0077,2,0.05,50047.7,37709.36,95090.63,19671.91,North,Completed
ORD08173,2024-12-24,CUST0214,P0190,3,0.15,2296.71,1653.27,5856.61,896.8,South,Completed
ORD07930,2024-12-24,CUST0303,P0111,4,0.15,32818.12,23699.05,111581.61,16785.41,West,Completed
ORD06916,2024-12-24,CUST0217,P0114,3,0.15,16683.02,10299.86,42541.7,11642.12,West,Completed
ORD07914,2024-12-24,CUST0268,P0016,1,0.15,20196.29,11952.43,17166.85,5214.42,North,Completed
ORD05353,2024-12-24,CUST0671,P0040,1,0.05,568.55,361.32,540.12,178.8,West,Completed
ORD01376,2024-12-24,CUST0697,P0164,1,0.0,8324.94,6438.05,8324.94,1886.89,West,Completed
ORD09533,2024-12-24,CUST0473,P0043,4,0.15,528.82,390.77,1797.99,234.91,West,Completed
ORD02748,2024-12-24,CUST0687,P0049,1,0.05,56396.41,44202.58,53576.59,9374.01,East,Completed
ORD07772,2024-12-24,CUST0833,P0021,1,0.15,6878.25,5112.71,5846.51,733.8,North,Completed
ORD09867,2024-12-24,CUST0948,P0088,1,0.05,58121.47,37608.48,55215.4,17606.92,South,Completed
ORD01713,2024-12-24,CUST0351,P0172,1,0.05,53066.45,36105.87,50413.13,14307.26,West,Completed
ORD00202,2024-12-24,CUST0663,P0066,1,0.0,15521.48,11472.78,15521.48,4048.7,North,Completed
ORD01042,2024-12-24,CUST0230,P0072,1,0.1,28334.52,18780.23,25501.07,6720.84,North,Completed
ORD06634,2024-12-24,CUST0656,P0189,2,0.1,38312.77,25713.12,68962.99,17536.75,North,Completed
ORD08238,2024-12-24,CUST0132,P0179,3,0.0,12818.17,8758.44,38454.51,12179.19,South,Completed
ORD02709,2024-12-25,CUST0824,P0007,2,0.2,8223.62,4942.96,13157.79,3271.87,South,Pending
ORD05340,2024-12-25,CUST0983,P0166,1,0.0,47059.67,34982.34,47059.67,12077.33,South,Completed
ORD00676,2024-12-25,CUST0718,P0014,1,0.0,18597.52,13817.51,18597.52,4780.01,West,Completed
ORD06859,2024-12-25,CUST0299,P0136,1,0.15,3029.54,2200.52,2575.11,374.59,North,Completed
ORD02401,2024-12-25,CUST0281,P0132,2,0.1,235.21,163.03,423.38,97.32,East,Completed
ORD07620,2024-12-25,CUST0619,P0002,4,0.15,6203.85,4038.58,21093.09,4938.77,West,Completed
ORD02194,2024-12-25,CUST0856,P0157,2,0.0,1290.11,764.14,2580.22,1051.94,West,Completed
ORD02449,2024-12-25,CUST0778,P0184,1,0.0,20719.38,13335.4,20719.38,7383.98,East,Pending
ORD09668,2024-12-25,CUST0159,P0052,1,0.1,7440.54,4865.29,6696.49,1831.2,East,Completed
ORD01962,2024-12-25,CUST0523,P0130,5,0.05,58219.77,46803.43,276543.91,42526.76,North,Completed
ORD07521,2024-12-25,CUST0270,P0064,2,0.1,20038.07,13846.76,36068.53,8375.01,West,Completed
ORD00776,2024-12-25,CUST0869,P0084,2,0.2,52737.3,39276.81,84379.68,5826.06,South,Completed
ORD06835,2024-12-25,CUST0120,P0142,1,0.05,4782.08,3282.92,4542.98,1260.06,North,Completed
ORD08695,2024-12-25,CUST0078,P0110,1,0.05,30098.59,20298.4,28593.66,8295.26,South,Completed
ORD02511,2024-12-26,CUST0396,P0005,5,0.0,759.62,541.79,3798.1,1089.15,West,Completed
ORD08170,2024-12-26,CUST0342,P0175,2,0.2,791.76,614.23,1266.82,38.36,South,Completed
ORD02355,2024-12-26,CUST0770,P0089,1,0.15,74892.61,50603.0,63658.72,13055.72,North,Completed
ORD02704,2024-12-26,CUST0890,P0188,1,0.2,5272.37,3130.49,4217.9,1087.41,North,Completed
ORD02099,2024-12-26,CUST0924,P0124,3,0.1,38907.93,29071.02,105051.41,17838.35,South,Completed
ORD08239,2024-12-26,CUST0996,P0184,2,0.0,20719.38,13335.4,41438.76,14767.96,South,Completed
ORD04273,2024-12-26,CUST0074,P0107,3,0.1,72638.94,50890.24,196125.14,43454.42,South,Completed
ORD06243,2024-12-26,CUST0568,P0181,2,0.05,8670.4,5624.95,16473.76,5223.86,West,Completed
ORD03793,2024-12-26,CUST0887,P0003,1,0.05,15581.84,9713.54,14802.75,5089.21,North,Completed
ORD02179,2024-12-26,CUST0480,P0042,2,0.2,10683.47,6548.45,17093.55,3996.65,West,Completed
ORD05491,2024-12-26,CUST0221,P0101,3,0.2,51632.3,38843.18,123917.52,7387.98,West,Completed
ORD08146,2024-12-26,CUST0409,P0067,4,0.1,5933.02,4559.02,21358.87,3122.79,East,Completed
ORD01040,2024-12-26,CUST0981,P0015,2,0.05,18890.43,14292.88,35891.82,7306.06,East,Completed
ORD04779,2024-12-26,CUST0218,P0137,1,0.05,3327.18,2091.19,3160.82,1069.63,South,Completed
ORD07609,2024-12-27,CUST0598,P0099,4,0.0,908.9,743.94,3635.6,659.84,South,Completed
ORD00656,2024-12-27,CUST0713,P0030,1,0.1,23508.75,18216.9,21157.88,2940.98,West,Completed
ORD06721,2024-12-27,CUST0635,P0072,2,0.1,28334.52,18780.23,51002.14,13441.68,East,Completed
ORD00494,2024-12-27,CUST0025,P0042,1,0.05,10683.47,6548.45,10149.3,3600.85,South,Completed
ORD04626,2024-12-27,CUST0067,P0131,2,0.15,896.08,597.69,1523.34,327.96,West,Completed
ORD00280,2024-12-27,CUST0963,P0112,3,0.1,20043.19,13117.75,54116.61,14763.36,South,Completed
ORD05987,2024-12-27,CUST0354,P0135,2,0.15,644.55,462.91,1095.73,169.91,West,Cancelled
ORD07827,2024-12-27,CUST0141,P0039,2,0.0,1717.54,1277.52,3435.08,880.04,East,Completed
ORD02196,2024-12-27,CUST0888,P0190,1,0.1,2296.71,1653.27,2067.04,413.77,North,Completed
ORD04089,2024-12-27,CUST0869,P0151,1,0.1,5830.9,4665.5,5247.81,582.31,South,Completed
ORD05481,2024-12-28,CUST0064,P0049,5,0.05,56396.41,44202.58,267882.95,46870.05,West,Completed
ORD05597,2024-12-28,CUST0142,P0046,2,0.0,61902.8,37121.36,123805.6,49562.88,South,Completed
ORD00132,2024-12-28,CUST0255,P0056,2,0.05,312.97,191.98,594.64,210.68,South,Completed
ORD05627,2024-12-28,CUST0685,P0098,4,0.0,15055.62,11767.46,60222.48,13152.64,East,Completed
ORD06592,2024-12-28,CUST0640,P0158,2,0.0,33125.35,22293.09,66250.7,21664.52,West,Completed
ORD00461,2024-12-28,CUST0147,P0161,2,0.1,36827.84,23163.81,66290.11,19962.49,East,Completed
ORD00448,2024-12-28,CUST0777,P0137,2,0.1,3327.18,2091.19,5988.92,1806.54,South,Completed
ORD05163,2024-12-28,CUST0223,P0103,1,0.1,585.19,454.75,526.67,71.92,South,Completed
ORD04313,2024-12-28,CUST0714,P0143,4,0.1,56727.96,35563.32,204220.66,61967.38,North,Completed
ORD07273,2024-12-28,CUST0618,P0141,2,0.0,1748.75,1100.65,3497.5,1296.2,South,Completed
ORD09649,2024-12-28,CUST0977,P0133,3,0.05,30154.78,21233.5,85941.12,22240.62,East,Completed
ORD01183,2024-12-28,CUST0368,P0128,2,0.1,7160.91,4568.96,12889.64,3751.72,North,Completed
ORD07756,2024-12-28,CUST0410,P0035,1,0.05,56932.8,34147.01,54086.16,19939.15,East,Completed
ORD09551,2024-12-28,CUST0053,P0165,2,0.1,728.57,514.38,1311.43,282.67,East,Completed
ORD05398,2024-12-29,CUST0836,P0031,1,0.05,12553.48,9544.5,11925.81,2381.31,West,Completed
ORD00327,2024-12-29,CUST0150,P0157,5,0.0,1290.11,764.14,6450.55,2629.85,West,Completed
ORD07973,2024-12-29,CUST0762,P0025,2,0.15,49570.32,37427.29,84269.54,9414.96,South,Pending
ORD01090,2024-12-29,CUST0788,P0076,1,0.05,20055.1,12211.29,19052.34,6841.05,West,Cancelled
ORD01760,2024-12-29,CUST0017,P0100,1,0.0,36262.87,22462.27,36262.87,13800.6,South,Completed
ORD04400,2024-12-29,CUST0088,P0142,2,0.15,4782.08,3282.92,8129.54,1563.7,West,Completed
ORD04222,2024-12-29,CUST0046,P0081,2,0.15,11112.68,6733.47,18891.56,5424.62,North,Completed
ORD01643,2024-12-29,CUST0946,P0186,2,0.0,36288.91,28203.52,72577.82,16170.78,West,Completed
ORD00798,2024-12-29,CUST0849,P0008,2,0.05,68633.55,51583.32,130403.74,27237.1,West,Cancelled
ORD06666,2024-12-29,CUST0955,P0106,5,0.1,526.46,370.01,2369.07,519.02,East,Completed
ORD03646,2024-12-29,CUST0476,P0056,4,0.1,312.97,191.98,1126.69,358.77,South,Completed
ORD05812,2024-12-29,CUST0449,P0038,1,0.1,25137.53,20080.78,22623.78,2543.0,North,Completed
ORD07938,2024-12-29,CUST0160,P0033,2,0.15,54569.41,31985.14,92768.0,28797.72,North,Completed
ORD06481,2024-12-30,CUST0530,P0053,1,0.1,422.63,329.18,380.37,51.19,North,Completed
ORD07095,2024-12-30,CUST0455,P0020,3,0.1,14020.39,10682.55,37855.05,5807.4,North,Completed
ORD02413,2024-12-30,CUST0008,P0075,1,0.1,6740.18,4364.5,6066.16,1701.66,West,Completed
ORD08377,2024-12-30,CUST0171,P0053,1,0.15,422.63,329.18,359.24,30.06,South,Completed
ORD01835,2024-12-30,CUST0825,P0129,2,0.05,43850.97,27932.89,83316.84,27451.06,South,Completed
ORD04893,2024-12-30,CUST0980,P0078,1,0.15,66750.32,43644.61,56737.77,13093.16,West,Completed
ORD00923,2024-12-30,CUST0668,P0121,1,0.0,975.23,645.82,975.23,329.41,West,Completed
ORD05570,2024-12-30,CUST0538,P0059,1,0.15,1247.06,804.27,1060.0,255.73,North,Completed
ORD08198,2024-12-30,CUST0090,P0129,1,0.05,43850.97,27932.89,41658.42,13725.53,East,Pending
ORD04975,2024-12-30,CUST0662,P0093,2,0.1,10189.0,5911.08,18340.2,6518.04,East,Completed
ORD07983,2024-12-30,CUST0607,P0170,2,0.1,750.66,462.97,1351.19,425.25,South,Completed
ORD05114,2024-12-30,CUST0861,P0068,1,0.0,41326.98,32432.51,41326.98,8894.47,North,Completed
ORD04722,2024-12-30,CUST0737,P0054,2,0.0,34828.61,21081.63,69657.22,27493.96,East,Completed
ORD08495,2024-12-30,CUST0433,P0138,4,0.0,30903.45,21958.56,123613.8,35779.56,South,Completed
ORD06078,2024-12-30,CUST0993,P0153,2,0.0,318.53,240.18,637.06,156.7,South,Completed
ORD07438,2024-12-30,CUST0931,P0061,3,0.15,49224.25,33194.34,125521.84,25938.82,West,Completed
ORD07714,2024-12-30,CUST0614,P0064,2,0.1,20038.07,13846.76,36068.53,8375.01,East,Completed
ORD06320,2024-12-30,CUST0809,P0099,1,0.1,908.9,743.94,818.01,74.07,North,Completed
ORD07931,2024-12-30,CUST0770,P0016,1,0.1,20196.29,11952.43,18176.66,6224.23,North,Completed
ORD00221,2024-12-30,CUST0732,P0024,5,0.15,792.84,470.21,3369.57,1018.52,East,Completed
ORD09900,2024-12-31,CUST0982,P0122,1,0.15,17942.76,13133.8,15251.35,2117.55,East,Completed
ORD07310,2024-12-31,CUST0088,P0075,2,0.1,6740.18,4364.5,12132.32,3403.32,West,Completed
ORD08300,2024-12-31,CUST0322,P0113,4,0.05,26426.25,19479.69,100419.75,22500.99,West,Completed
ORD05562,2024-12-31,CUST0527,P0016,4,0.0,20196.29,11952.43,80785.16,32975.44,East,Completed
ORD00093,2024-12-31,CUST0161,P0027,1,0.0,20926.64,14284.36,20926.64,6642.28,North,Completed
ORD06468,2024-12-31,CUST0466,P0167,2,0.1,7469.0,4701.25,13444.2,4041.7,South,Completed
ORD00120,2024-12-31,CUST0410,P0013,2,0.0,8923.66,6594.73,17847.32,4657.86,East,Completed
ORD07225,2024-12-31,CUST0159,P0086,1,0.2,519.82,398.56,415.86,17.3,East,Completed
ORD04876,2024-12-31,CUST0583,P0088,3,0.0,58121.47,37608.48,174364.41,61538.97,North,Completed
ORD08050,2024-12-31,CUST0585,P0107,2,0.0,72638.94,50890.24,145277.88,43497.4,East,Completed
ORD05929,2024-12-31,CUST0833,P0199,2,0.1,404.58,321.41,728.24,85.42,North,Completed
ORD04875,2024-12-31,CUST0992,P0047,1,0.1,1004.63,793.19,904.17,110.98,East,Completed
ORD08852,2024-12-31,CUST0600,P0191,1,0.0,8442.75,6441.23,8442.75,2001.52,East,Completed
ORD02300,2024-12-31,CUST0058,P0118,2,0.15,36939.5,23012.67,62797.15,16771.81,West,Pending
ORD03633,2024-12-31,CUST0381,P0144,2,0.1,501.46,362.98,902.63,176.67,North,Completed
ORD06462,2024-12-31,CUST0221,P0137,3,0.1,3327.18,2091.19,8983.39,2709.82,West,Completed
ORD05082,2025-01-01,CUST0266,P0028,5,0.05,1126.53,825.36,5351.02,1224.22,East,Completed
ORD01294,2025-01-01,CUST0676,P0010,2,0.0,16072.59,10816.67,32145.18,10511.84,South,Completed
ORD01797,2025-01-01,CUST0377,P0101,1,0.15,51632.3,38843.18,43887.46,5044.28,South,Completed
ORD09759,2025-01-01,CUST0645,P0077,4,0.15,50047.7,37709.36,170162.18,19324.74,North,Completed
ORD04455,2025-01-01,CUST0117,P0032,2,0.05,39614.35,24714.41,75267.26,25838.44,South,Completed
ORD06664,2025-01-01,CUST0704,P0015,3,0.2,18890.43,14292.88,45337.03,2458.39,North,Completed
ORD07982,2025-01-01,CUST1000,P0102,4,0.05,4149.23,2427.22,15767.07,6058.19,East,Cancelled
ORD05356,2025-01-01,CUST0798,P0102,4,0.1,4149.23,2427.22,14937.23,5228.35,North,Completed
ORD01890,2025-01-01,CUST0804,P0044,4,0.0,59463.82,38619.72,237855.28,83376.4,North,Pending
ORD04182,2025-01-02,CUST0211,P0044,1,0.05,59463.82,38619.72,56490.63,17870.91,West,Completed
ORD08010,2025-01-02,CUST0201,P0149,4,0.1,2427.19,1691.68,8737.88,1971.16,West,Completed
ORD09912,2025-01-02,CUST0489,P0014,1,0.0,18597.52,13817.51,18597.52,4780.01,South,Completed
ORD01032,2025-01-02,CUST0495,P0117,3,0.2,62915.52,50890.59,150997.25,-1674.52,North,Completed
ORD06049,2025-01-02,CUST0095,P0061,5,0.0,49224.25,33194.34,246121.25,80149.55,West,Completed
ORD06325,2025-01-02,CUST0190,P0045,2,0.0,2217.01,1355.93,4434.02,1722.16,North,Completed
ORD09746,2025-01-02,CUST0302,P0149,2,0.05,2427.19,1691.68,4611.66,1228.3,South,Completed
ORD04506,2025-01-02,CUST0170,P0009,1,0.0,724.93,490.11,724.93,234.82,West,Cancelled
ORD08588,2025-01-02,CUST0150,P0200,2,0.2,37954.59,28614.99,60727.34,3497.36,West,Completed
ORD01323,2025-01-03,CUST0479,P0085,2,0.05,73872.61,56554.21,140357.96,27249.54,North,Completed
ORD05638,2025-01-03,CUST0903,P0167,1,0.15,7469.0,4701.25,6348.65,1647.4,East,Completed
ORD07025,2025-01-03,CUST0467,P0065,1,0.05,21598.4,14583.7,20518.48,5934.78,West,Completed
ORD08103,2025-01-03,CUST0086,P0147,1,0.15,22737.01,13458.16,19326.46,5868.3,West,Completed
ORD08383,2025-01-03,CUST0181,P0114,2,0.05,16683.02,10299.86,31697.74,11098.02,East,Completed
ORD03900,2025-01-03,CUST0270,P0140,4,0.0,12142.58,7367.6,48570.32,19099.92,West,Completed
ORD07997,2025-01-03,CUST0353,P0149,1,0.0,2427.19,1691.68,2427.19,735.51,East,Completed
ORD05377,2025-01-03,CUST0445,P0087,1,0.0,11879.48,8267.83,11879.48,3611.65,North,Completed
ORD00138,2025-01-03,CUST0594,P0071,1,0.0,35759.59,27998.22,35759.59,7761.37,West,Completed
ORD05657,2025-01-03,CUST0733,P0003,1,0.15,15581.84,9713.54,13244.56,3531.02,South,Completed
ORD05625,2025-01-03,CUST0440,P0096,1,0.0,22714.55,15565.72,22714.55,7148.83,East,Completed
ORD07767,2025-01-03,CUST0081,P0136,3,0.0,3029.54,2200.52,9088.62,2487.06,East,Completed
ORD05913,2025-01-03,CUST0208,P0077,2,0.1,50047.7,37709.36,90085.86,14667.14,South,Completed
ORD06960,2025-01-03,CUST0828,P0157,4,0.0,1290.11,764.14,5160.44,2103.88,North,Completed
ORD00404,2025-01-03,CUST0062,P0011,2,0.0,50761.69,39171.65,101523.38,23180.08,East,Completed
ORD01645,2025-01-03,CUST0653,P0200,5,0.05,37954.59,28614.99,180284.3,37209.35,West,Completed
ORD09997,2025-01-03,CUST0969,P0185,1,0.05,76508.26,54062.35,72682.85,18620.5,East,Completed
ORD09251,2025-01-03,CUST0340,P0048,1,0.1,1114.29,876.19,1002.86,126.67,West,Completed
ORD02348,2025-01-03,CUST0936,P0178,3,0.2,4042.35,3098.18,9701.64,407.1,South,Completed
ORD00352,2025-01-03,CUST0689,P0074,2,0.1,40981.75,23771.65,73767.15,26223.85,East,Completed
ORD03832,2025-01-03,CUST0622,P0097,1,0.0,11100.34,7751.47,11100.34,3348.87,East,Completed
ORD07161,2025-01-03,CUST0603,P0183,5,0.05,66902.29,49511.88,317785.88,70226.48,East,Completed
ORD01127,2025-01-04,CUST0073,P0057,2,0.05,911.67,722.71,1732.17,286.75,West,Completed
ORD05540,2025-01-04,CUST0339,P0198,1,0.0,715.13,510.57,715.13,204.56,West,Completed
ORD02934,2025-01-04,CUST0951,P0171,1,0.0,39010.06,29472.11,39010.06,9537.95,South,Completed
ORD04838,2025-01-04,CUST0745,P0016,1,0.1,20196.29,11952.43,18176.66,6224.23,East,Completed
ORD00813,2025-01-04,CUST0227,P0055,1,0.1,6422.29,4812.56,5780.06,967.5,East,Completed
ORD01436,2025-01-04,CUST0289,P0069,1,0.1,196.15,126.8,176.54,49.74,West,Completed
ORD00692,2025-01-04,CUST0351,P0036,1,0.05,1008.83,797.09,958.39,161.3,West,Completed
ORD04099,2025-01-04,CUST0992,P0143,3,0.05,56727.96,35563.32,161674.69,54984.73,East,Completed
ORD00680,2025-01-04,CUST0816,P0175,1,0.15,791.76,614.23,673.0,58.77,East,Completed
ORD04343,2025-01-04,CUST0268,P0133,2,0.1,30154.78,21233.5,54278.6,11811.6,North,Completed
ORD03601,2025-01-04,CUST0862,P0026,1,0.0,53440.86,40308.66,53440.86,13132.2,West,Completed
ORD05940,2025-01-04,CUST0668,P0200,2,0.15,37954.59,28614.99,64522.8,7292.82,West,Completed
ORD06361,2025-01-04,CUST0820,P0055,1,0.1,6422.29,4812.56,5780.06,967.5,West,Completed
ORD09487,2025-01-04,CUST0979,P0092,2,0.15,41737.72,32410.53,70954.12,6133.06,East,Completed
ORD05456,2025-01-04,CUST0873,P0034,2,0.1,143.7,100.11,258.66,58.44,South,Completed
ORD04114,2025-01-05,CUST0787,P0118,2,0.05,36939.5,23012.67,70185.05,24159.71,East,Cancelled
ORD08311,2025-01-05,CUST0395,P0178,5,0.0,4042.35,3098.18,20211.75,4720.85,North,Completed
ORD05207,2025-01-05,CUST0836,P0067,4,0.1,5933.02,4559.02,21358.87,3122.79,West,Completed
ORD01820,2025-01-05,CUST0633,P0162,2,0.15,46811.03,27452.25,79578.75,24674.25,West,Completed
ORD02257,2025-01-05,CUST0639,P0190,2,0.05,2296.71,1653.27,4363.75,1057.21,East,Completed
ORD05996,2025-01-05,CUST0342,P0181,1,0.15,8670.4,5624.95,7369.84,1744.89,South,Completed
ORD00072,2025-01-05,CUST0435,P0029,1,0.05,1310.65,844.84,1245.12,400.28,South,Completed
ORD01555,2025-01-05,CUST0702,P0186,1,0.1,36288.91,28203.52,32660.02,4456.5,West,Completed
ORD06593,2025-01-05,CUST0767,P0186,1,0.05,36288.91,28203.52,34474.46,6270.94,West,Completed
ORD04966,2025-01-05,CUST0647,P0199,1,0.1,404.58,321.41,364.12,42.71,East,Completed
ORD07207,2025-01-06,CUST0284,P0002,4,0.05,6203.85,4038.58,23574.63,7420.31,West,Completed
ORD01137,2025-01-06,CUST0939,P0041,1,0.0,4003.54,2383.24,4003.54,1620.3,North,Cancelled
ORD03539,2025-01-06,CUST0950,P0038,1,0.1,25137.53,20080.78,22623.78,2543.0,East,Cancelled
ORD06516,2025-01-06,CUST0920,P0157,4,0.1,1290.11,764.14,4644.4,1587.84,West,Completed
ORD07823,2025-01-06,CUST0487,P0121,3,0.0,975.23,645.82,2925.69,988.23,North,Completed
ORD05392,2025-01-06,CUST0076,P0102,1,0.1,4149.23,2427.22,3734.31,1307.09,South,Completed
ORD08634,2025-01-06,CUST0389,P0184,1,0.05,20719.38,13335.4,19683.41,6348.01,East,Completed
ORD08561,2025-01-06,CUST0950,P0047,1,0.0,1004.63,793.19,1004.63,211.44,East,Completed
ORD04996,2025-01-06,CUST0214,P0082,1,0.2,14583.87,9123.23,11667.1,2543.87,South,Completed
ORD01424,2025-01-06,CUST0520,P0023,3,0.15,29957.89,23747.89,76392.62,5148.95,East,Completed
ORD01873,2025-01-06,CUST0992,P0026,2,0.0,53440.86,40308.66,106881.72,26264.4,East,Completed
ORD02960,2025-01-06,CUST0636,P0166,1,0.0,47059.67,34982.34,47059.67,12077.33,West,Completed
ORD07092,2025-01-06,CUST0465,P0193,2,0.0,8422.11,6102.6,16844.22,4639.02,West,Completed
ORD09602,2025-01-06,CUST0059,P0041,2,0.0,4003.54,2383.24,8007.08,3240.6,West,Completed
ORD02063,2025-01-06,CUST0235,P0021,1,0.1,6878.25,5112.71,6190.42,1077.71,East,Completed
ORD00375,2025-01-06,CUST0817,P0068,1,0.1,41326.98,32432.51,37194.28,4761.77,West,Completed
ORD05829,2025-01-06,CUST0891,P0106,5,0.15,526.46,370.01,2237.46,387.41,West,Completed
ORD03533,2025-01-07,CUST0827,P0093,1,0.1,10189.0,5911.08,9170.1,3259.02,West,Completed
ORD01063,2025-01-07,CUST0747,P0133,1,0.05,30154.78,21233.5,28647.04,7413.54,West,Completed
ORD03421,2025-01-07,CUST0793,P0169,2,0.05,12339.56,8305.1,23445.16,6834.96,South,Completed
ORD00013,2025-01-07,CUST0051,P0115,4,0.05,9526.21,7338.52,36199.6,6845.52,West,Completed
ORD08028,2025-01-07,CUST0821,P0174,1,0.0,46343.47,28863.63,46343.47,17479.84,North,Cancelled
ORD01067,2025-01-07,CUST0155,P0005,1,0.1,759.62,541.79,683.66,141.87,East,Completed
ORD03106,2025-01-07,CUST0606,P0017,3,0.1,17284.69,10596.05,46668.66,14880.51,South,Completed
ORD02110,2025-01-07,CUST0910,P0162,1,0.05,46811.03,27452.25,44470.48,17018.23,North,Cancelled
ORD05580,2025-01-07,CUST0351,P0177,1,0.15,783.92,493.62,666.33,172.71,West,Completed
ORD09814,2025-01-07,CUST0258,P0167,4,0.0,7469.0,4701.25,29876.0,11071.0,North,Completed
ORD00895,2025-01-07,CUST0790,P0169,1,0.2,12339.56,8305.1,9871.65,1566.55,South,Completed
ORD06245,2025-01-08,CUST0159,P0056,1,0.05,312.97,191.98,297.32,105.34,East,Completed
ORD02639,2025-01-08,CUST0103,P0013,3,0.15,8923.66,6594.73,22755.33,2971.14,South,Completed
ORD00359,2025-01-08,CUST0911,P0185,1,0.1,76508.26,54062.35,68857.43,14795.08,West,Completed
ORD02260,2025-01-08,CUST0935,P0086,4,0.15,519.82,398.56,1767.39,173.15,North,Completed
ORD03938,2025-01-08,CUST0719,P0163,3,0.15,3768.33,3060.43,9609.24,427.95,West,Completed
ORD06270,2025-01-08,CUST0093,P0081,2,0.15,11112.68,6733.47,18891.56,5424.62,East,Completed
ORD00330,2025-01-08,CUST0059,P0115,3,0.15,9526.21,7338.52,24291.84,2276.28,West,Completed
ORD04145,2025-01-08,CUST0794,P0114,1,0.1,16683.02,10299.86,15014.72,4714.86,West,Completed
ORD02642,2025-01-08,CUST0224,P0014,1,0.0,18597.52,13817.51,18597.52,4780.01,West,Completed
ORD07084,2025-01-08,CUST0682,P0076,3,0.1,20055.1,12211.29,54148.77,17514.9,West,Pending
ORD05122,2025-01-08,CUST0486,P0185,1,0.05,76508.26,54062.35,72682.85,18620.5,West,Completed
ORD08343,2025-01-08,CUST0654,P0046,1,0.0,61902.8,37121.36,61902.8,24781.44,South,Completed
ORD08426,2025-01-08,CUST0988,P0065,3,0.1,21598.4,14583.7,58315.68,14564.58,South,Completed
ORD00390,2025-01-08,CUST0151,P0094,1,0.0,77812.86,47690.34,77812.86,30122.52,North,Cancelled
ORD04825,2025-01-08,CUST0468,P0177,1,0.15,783.92,493.62,666.33,172.71,North,Completed
ORD04769,2025-01-08,CUST0161,P0118,2,0.05,36939.5,23012.67,70185.05,24159.71,North,Completed
ORD07194,2025-01-09,CUST0963,P0095,2,0.1,9513.49,6495.4,17124.28,4133.48,South,Completed
ORD02865,2025-01-09,CUST0583,P0153,4,0.0,318.53,240.18,1274.12,313.4,North,Completed
ORD00868,2025-01-09,CUST0921,P0043,1,0.1,528.82,390.77,475.94,85.17,East,Pending
ORD04545,2025-01-09,CUST0476,P0146,3,0.0,11482.27,8693.26,34446.81,8367.03,South,Completed
ORD01258,2025-01-09,CUST0895,P0076,3,0.0,20055.1,12211.29,60165.3,23531.43,East,Completed
ORD04252,2025-01-09,CUST0792,P0076,2,0.0,20055.1,12211.29,40110.2,15687.62,East,Completed
ORD02291,2025-01-09,CUST0471,P0190,1,0.0,2296.71,1653.27,2296.71,643.44,South,Pending
ORD02236,2025-01-09,CUST0118,P0181,1,0.1,8670.4,5624.95,7803.36,2178.41,North,Completed
ORD00993,2025-01-09,CUST0338,P0133,1,0.1,30154.78,21233.5,27139.3,5905.8,North,Completed
ORD09986,2025-01-09,CUST0052,P0096,3,0.15,22714.55,15565.72,57922.1,11224.94,West,Completed
ORD00365,2025-01-09,CUST0926,P0124,1,0.05,38907.93,29071.02,36962.53,7891.51,West,Pending
ORD02189,2025-01-09,CUST0371,P0039,3,0.0,1717.54,1277.52,5152.62,1320.06,North,Completed
ORD06077,2025-01-10,CUST0008,P0029,1,0.1,1310.65,844.84,1179.58,334.74,West,Completed
ORD05410,2025-01-10,CUST0001,P0178,3,0.05,4042.35,3098.18,11520.7,2226.16,West,Completed
ORD05927,2025-01-10,CUST0254,P0200,2,0.1,37954.59,28614.99,68318.26,11088.28,West,Completed
ORD02941,2025-01-10,CUST0849,P0074,1,0.05,40981.75,23771.65,38932.66,15161.01,West,Completed
ORD09851,2025-01-10,CUST0561,P0108,1,0.0,673.74,534.39,673.74,139.35,South,Completed
ORD03043,2025-01-10,CUST0302,P0100,2,0.1,36262.87,22462.27,65273.17,20348.63,South,Completed
ORD08980,2025-01-10,CUST0392,P0018,1,0.1,4596.19,2818.15,4136.57,1318.42,North,Completed
ORD08328,2025-01-10,CUST0091,P0062,1,0.2,7214.7,5874.11,5771.76,-102.35,North,Completed
ORD06567,2025-01-10,CUST0635,P0012,1,0.1,4072.78,2687.49,3665.5,978.01,East,Completed
ORD07891,2025-01-10,CUST0120,P0154,1,0.0,693.93,462.98,693.93,230.95,North,Completed
ORD00712,2025-01-10,CUST0327,P0175,2,0.0,791.76,614.23,1583.52,355.06,West,Completed
ORD06219,2025-01-10,CUST0447,P0150,1,0.15,53462.03,36715.83,45442.73,8726.9,South,Cancelled
ORD04081,2025-01-10,CUST0590,P0029,1,0.0,1310.65,844.84,1310.65,465.81,North,Completed
ORD09416,2025-01-10,CUST0459,P0112,4,0.05,20043.19,13117.75,76164.12,23693.12,South,Completed
ORD03637,2025-01-10,CUST0841,P0055,2,0.1,6422.29,4812.56,11560.12,1935.0,East,Completed
ORD03279,2025-01-10,CUST0700,P0110,3,0.1,30098.59,20298.4,81266.19,20370.99,West,Completed
ORD07875,2025-01-10,CUST0822,P0103,1,0.05,585.19,454.75,555.93,101.18,North,Completed
ORD09412,2025-01-10,CUST0215,P0186,1,0.15,36288.91,28203.52,30845.57,2642.05,North,Completed
ORD06692,2025-01-11,CUST0588,P0128,1,0.05,7160.91,4568.96,6802.86,2233.9,South,Completed
ORD01237,2025-01-11,CUST0394,P0166,3,0.05,47059.67,34982.34,134120.06,29173.04,South,Completed
ORD03943,2025-01-11,CUST0664,P0134,2,0.15,34117.69,25387.96,58000.07,7224.15,West,Completed
ORD03857,2025-01-11,CUST0793,P0036,2,0.05,1008.83,797.09,1916.78,322.6,South,Completed
ORD06989,2025-01-11,CUST0101,P0107,4,0.1,72638.94,50890.24,261500.18,57939.22,East,Completed
ORD06224,2025-01-11,CUST0412,P0098,4,0.0,15055.62,11767.46,60222.48,13152.64,East,Completed
ORD09501,2025-01-11,CUST0205,P0133,3,0.2,30154.78,21233.5,72371.47,8670.97,North,Completed
ORD02583,2025-01-11,CUST0119,P0166,2,0.0,47059.67,34982.34,94119.34,24154.66,East,Completed
ORD06335,2025-01-11,CUST0243,P0140,1,0.15,12142.58,7367.6,10321.19,2953.59,North,Completed
ORD03959,2025-01-11,CUST0017,P0190,1,0.05,2296.71,1653.27,2181.87,528.6,South,Completed
ORD05916,2025-01-11,CUST0221,P0098,2,0.1,15055.62,11767.46,27100.12,3565.2,West,Completed
ORD06829,2025-01-11,CUST0309,P0139,5,0.0,26827.4,18117.75,134137.0,43548.25,South,Completed
ORD03209,2025-01-11,CUST0452,P0050,1,0.15,8890.7,6907.47,7557.1,649.63,South,Completed
ORD06380,2025-01-11,CUST0359,P0137,1,0.15,3327.18,2091.19,2828.1,736.91,South,Completed
ORD02207,2025-01-11,CUST0321,P0095,3,0.05,9513.49,6495.4,27113.45,7627.25,East,Completed
ORD06986,2025-01-12,CUST0280,P0039,1,0.1,1717.54,1277.52,1545.79,268.27,South,Completed
ORD06951,2025-01-12,CUST0771,P0012,3,0.0,4072.78,2687.49,12218.34,4155.87,West,Completed
ORD07617,2025-01-12,CUST0735,P0152,2,0.1,5896.48,4498.55,10613.66,1616.56,West,Completed
ORD06533,2025-01-12,CUST0549,P0078,2,0.1,66750.32,43644.61,120150.58,32861.36,South,Cancelled
ORD03072,2025-01-12,CUST0230,P0056,2,0.1,312.97,191.98,563.35,179.39,North,Completed
ORD00649,2025-01-12,CUST0932,P0101,2,0.1,51632.3,38843.18,92938.14,15251.78,East,Cancelled
ORD07385,2025-01-12,CUST0706,P0160,1,0.0,680.29,502.6,680.29,177.69,East,Completed
ORD03336,2025-01-12,CUST0742,P0076,1,0.0,20055.1,12211.29,20055.1,7843.81,South,Completed
ORD05084,2025-01-12,CUST0293,P0036,2,0.05,1008.83,797.09,1916.78,322.6,West,Completed
ORD09068,2025-01-12,CUST0552,P0154,1,0.1,693.93,462.98,624.54,161.56,East,Completed
ORD00901,2025-01-12,CUST0166,P0030,2,0.1,23508.75,18216.9,42315.75,5881.95,North,Completed
ORD07781,2025-01-12,CUST0172,P0048,4,0.0,1114.29,876.19,4457.16,952.4,South,Completed
ORD03261,2025-01-13,CUST0402,P0056,2,0.0,312.97,191.98,625.94,241.98,North,Completed
ORD09060,2025-01-13,CUST0397,P0077,5,0.05,50047.7,37709.36,237726.58,49179.78,East,Completed
ORD05464,2025-01-13,CUST0381,P0028,2,0.1,1126.53,825.36,2027.75,377.03,North,Completed
ORD08290,2025-01-13,CUST0149,P0165,1,0.15,728.57,514.38,619.28,104.9,West,Completed
ORD06050,2025-01-13,CUST0881,P0106,1,0.0,526.46,370.01,526.46,156.45,East,Completed
ORD03998,2025-01-13,CUST0299,P0105,2,0.1,17543.79,10886.17,31578.82,9806.48,North,Completed
ORD04442,2025-01-13,CUST0292,P0067,1,0.0,5933.02,4559.02,5933.02,1374.0,West,Completed
ORD09122,2025-01-13,CUST0378,P0142,1,0.05,4782.08,3282.92,4542.98,1260.06,East,Completed
ORD08731,2025-01-13,CUST0860,P0014,1,0.0,18597.52,13817.51,18597.52,4780.01,South,Cancelled
ORD05333,2025-01-13,CUST0739,P0119,4,0.05,11965.18,9132.35,45467.68,8938.28,North,Completed
ORD00739,2025-01-13,CUST0854,P0076,2,0.05,20055.1,12211.29,38104.69,13682.11,North,Completed
ORD07628,2025-01-13,CUST0137,P0035,1,0.15,56932.8,34147.01,48392.88,14245.87,East,Completed
ORD09970,2025-01-13,CUST0401,P0081,1,0.05,11112.68,6733.47,10557.05,3823.58,North,Completed
ORD08016,2025-01-13,CUST0040,P0001,1,0.0,796.95,617.19,796.95,179.76,East,Completed
ORD00562,2025-01-13,CUST0423,P0146,1,0.1,11482.27,8693.26,10334.04,1640.78,West,Completed
ORD05214,2025-01-13,CUST0607,P0192,1,0.1,20821.66,13717.57,18739.49,5021.92,South,Completed
ORD08032,2025-01-13,CUST0024,P0175,2,0.1,791.76,614.23,1425.17,196.71,East,Completed
ORD07598,2025-01-13,CUST0861,P0040,2,0.0,568.55,361.32,1137.1,414.46,North,Completed
ORD09366,2025-01-14,CUST0854,P0038,2,0.1,25137.53,20080.78,45247.55,5085.99,North,Pending
ORD06896,2025-01-14,CUST0813,P0150,1,0.1,53462.03,36715.83,48115.83,11400.0,East,Completed
ORD08064,2025-01-14,CUST0937,P0113,2,0.15,26426.25,19479.69,44924.62,5965.24,East,Completed
ORD08777,2025-01-14,CUST0618,P0055,1,0.05,6422.29,4812.56,6101.18,1288.62,South,Completed
ORD09113,2025-01-14,CUST0526,P0160,1,0.05,680.29,502.6,646.28,143.68,South,Completed
ORD00147,2025-01-14,CUST0282,P0101,1,0.0,51632.3,38843.18,51632.3,12789.12,West,Completed
ORD05669,2025-01-14,CUST0670,P0035,1,0.0,56932.8,34147.01,56932.8,22785.79,North,Completed
ORD06841,2025-01-14,CUST0938,P0162,2,0.0,46811.03,27452.25,93622.06,38717.56,West,Completed
ORD02828,2025-01-14,CUST0128,P0145,3,0.15,360.46,274.8,919.17,94.77,South,Completed
ORD04239,2025-01-14,CUST0886,P0031,2,0.1,12553.48,9544.5,22596.26,3507.26,East,Completed
ORD04610,2025-01-15,CUST0963,P0049,2,0.05,56396.41,44202.58,107153.18,18748.02,South,Completed
ORD09908,2025-01-15,CUST0194,P0067,2,0.1,5933.02,4559.02,10679.44,1561.4,South,Completed
ORD03015,2025-01-15,CUST0155,P0181,5,0.0,8670.4,5624.95,43352.0,15227.25,East,Completed
ORD03299,2025-01-15,CUST0887,P0137,1,0.2,3327.18,2091.19,2661.74,570.55,North,Completed
ORD07694,2025-01-15,CUST0480,P0068,1,0.05,41326.98,32432.51,39260.63,6828.12,West,Completed
ORD07457,2025-01-15,CUST0334,P0195,2,0.1,15240.21,11813.53,27432.38,3805.32,East,Completed
ORD04970,2025-01-15,CUST0831,P0193,1,0.15,8422.11,6102.6,7158.79,1056.19,West,Completed
ORD05296,2025-01-15,CUST0467,P0115,2,0.2,9526.21,7338.52,15241.94,564.9,West,Completed
ORD05807,2025-01-15,CUST0522,P0187,2,0.1,184.91,120.68,332.84,91.48,East,Completed
ORD01269,2025-01-15,CUST0001,P0070,2,0.05,56679.56,41863.05,107691.16,23965.06,West,Completed
ORD05655,2025-01-15,CUST0711,P0004,2,0.2,20696.25,15931.27,33114.0,1251.46,East,Completed
ORD06943,2025-01-15,CUST0686,P0023,5,0.0,29957.89,23747.89,149789.45,31050.0,North,Completed
ORD01867,2025-01-16,CUST0717,P0175,2,0.15,791.76,614.23,1345.99,117.53,South,Pending
ORD03937,2025-01-16,CUST0884,P0061,3,0.2,49224.25,33194.34,118138.2,18555.18,North,Completed
ORD03278,2025-01-16,CUST0393,P0182,3,0.05,15590.28,12172.38,44432.3,7915.16,South,Completed
ORD03547,2025-01-16,CUST0439,P0199,3,0.0,404.58,321.41,1213.74,249.51,West,Completed
ORD02486,2025-01-16,CUST0118,P0196,4,0.1,385.78,231.62,1388.81,462.33,North,Completed
ORD04138,2025-01-16,CUST0991,P0123,3,0.05,77212.89,61788.48,220056.74,34691.3,North,Completed
ORD02929,2025-01-16,CUST0717,P0032,5,0.15,39614.35,24714.41,168360.99,44788.94,South,Completed
ORD05797,2025-01-16,CUST0221,P0191,3,0.15,8442.75,6441.23,21529.01,2205.32,West,Completed
ORD07291,2025-01-16,CUST0632,P0164,1,0.05,8324.94,6438.05,7908.69,1470.64,South,Completed
ORD03958,2025-01-16,CUST0577,P0143,2,0.0,56727.96,35563.32,113455.92,42329.28,West,Pending
ORD05661,2025-01-16,CUST0836,P0107,2,0.05,72638.94,50890.24,138013.99,36233.51,West,Completed
ORD05662,2025-01-16,CUST0640,P0050,4,0.1,8890.7,6907.47,32006.52,4376.64,West,Completed
ORD02485,2025-01-16,CUST0056,P0137,1,0.05,3327.18,2091.19,3160.82,1069.63,North,Completed
ORD09091,2025-01-16,CUST0664,P0198,2,0.15,715.13,510.57,1215.72,194.58,West,Completed
ORD08341,2025-01-16,CUST0263,P0147,2,0.1,22737.01,13458.16,40926.62,14010.3,North,Completed
ORD08627,2025-01-16,CUST0446,P0039,1,0.15,1717.54,1277.52,1459.91,182.39,South,Completed
ORD04318,2025-01-16,CUST0060,P0053,1,0.0,422.63,329.18,422.63,93.45,South,Completed
ORD01240,2025-01-17,CUST0482,P0074,1,0.0,40981.75,23771.65,40981.75,17210.1,East,Completed
ORD01378,2025-01-17,CUST0893,P0168,1,0.1,1780.85,1042.33,1602.76,560.43,North,Completed
ORD08680,2025-01-17,CUST0405,P0136,3,0.2,3029.54,2200.52,7270.9,669.34,South,Pending
ORD00658,2025-01-17,CUST0200,P0002,1,0.05,6203.85,4038.58,5893.66,1855.08,North,Completed
ORD09263,2025-01-17,CUST0761,P0021,1,0.2,6878.25,5112.71,5502.6,389.89,North,Completed
ORD00670,2025-01-17,CUST0960,P0043,1,0.1,528.82,390.77,475.94,85.17,North,Completed
ORD04840,2025-01-17,CUST0733,P0091,2,0.0,49350.46,32483.04,98700.92,33734.84,South,Cancelled
ORD01772,2025-01-17,CUST0302,P0087,4,0.1,11879.48,8267.83,42766.13,9694.81,South,Completed
ORD06954,2025-01-17,CUST0564,P0155,3,0.1,9808.49,7104.6,26482.92,5169.12,East,Completed
ORD07815,2025-01-17,CUST0053,P0099,2,0.05,908.9,743.94,1726.91,239.03,East,Completed
ORD09151,2025-01-17,CUST0767,P0022,1,0.0,68945.25,50670.94,68945.25,18274.31,West,Completed
ORD01156,2025-01-17,CUST0923,P0199,1,0.2,404.58,321.41,323.66,2.25,South,Pending
ORD03561,2025-01-17,CUST0450,P0023,1,0.0,29957.89,23747.89,29957.89,6210.0,South,Completed
ORD06888,2025-01-17,CUST0412,P0006,3,0.1,51610.25,30768.51,139347.68,47042.15,East,Completed
ORD00678,2025-01-18,CUST0159,P0055,3,0.1,6422.29,4812.56,17340.18,2902.5,East,Completed
ORD05469,2025-01-18,CUST0732,P0109,2,0.15,17118.52,11998.2,29101.48,5105.08,East,Completed
ORD00839,2025-01-18,CUST0259,P0078,2,0.0,66750.32,43644.61,133500.64,46211.42,South,Completed
ORD09034,2025-01-18,CUST0562,P0067,2,0.1,5933.02,4559.02,10679.44,1561.4,West,Completed
ORD03112,2025-01-18,CUST0376,P0135,2,0.0,644.55,462.91,1289.1,363.28,West,Cancelled
ORD01128,2025-01-18,CUST0249,P0147,1,0.05,22737.01,13458.16,21600.16,8142.0,West,Completed
ORD06606,2025-01-18,CUST0701,P0007,4,0.05,8223.62,4942.96,31249.76,11477.92,West,Completed
ORD09634,2025-01-18,CUST0559,P0136,3,0.0,3029.54,2200.52,9088.62,2487.06,West,Completed
ORD05347,2025-01-18,CUST0746,P0075,2,0.1,6740.18,4364.5,12132.32,3403.32,East,Completed
ORD03569,2025-01-18,CUST0239,P0119,1,0.05,11965.18,9132.35,11366.92,2234.57,East,Completed
ORD08897,2025-01-18,CUST0008,P0193,2,0.15,8422.11,6102.6,14317.59,2112.39,West,Completed
ORD01872,2025-01-19,CUST0256,P0117,4,0.0,62915.52,50890.59,251662.08,48099.72,North,Completed
ORD01033,2025-01-19,CUST0838,P0174,1,0.1,46343.47,28863.63,41709.12,12845.49,West,Cancelled
ORD09495,2025-01-19,CUST0273,P0052,5,0.05,7440.54,4865.29,35342.56,11016.11,East,Completed
ORD03047,2025-01-19,CUST0934,P0150,3,0.0,53462.03,36715.83,160386.09,50238.6,East,Completed
ORD02984,2025-01-19,CUST0560,P0009,1,0.1,724.93,490.11,652.44,162.33,West,Completed
ORD04507,2025-01-19,CUST0205,P0064,1,0.1,20038.07,13846.76,18034.26,4187.5,North,Completed
ORD03675,2025-01-19,CUST0446,P0115,1,0.2,9526.21,7338.52,7620.97,282.45,South,Completed
ORD06008,2025-01-19,CUST0746,P0089,3,0.0,74892.61,50603.0,224677.83,72868.83,East,Completed
ORD05210,2025-01-19,CUST0137,P0172,2,0.0,53066.45,36105.87,106132.9,33921.16,East,Completed
ORD00548,2025-01-19,CUST0042,P0064,1,0.15,20038.07,13846.76,17032.36,3185.6,South,Completed
ORD05965,2025-01-19,CUST0822,P0197,2,0.05,15133.72,11886.63,28754.07,4980.81,North,Pending
ORD01880,2025-01-19,CUST1000,P0154,2,0.05,693.93,462.98,1318.47,392.51,East,Completed
ORD08771,2025-01-19,CUST0191,P0110,1,0.15,30098.59,20298.4,25583.8,5285.4,East,Cancelled
ORD06126,2025-01-19,CUST0891,P0181,2,0.15,8670.4,5624.95,14739.68,3489.78,West,Completed
ORD08380,2025-01-19,CUST0992,P0145,2,0.1,360.46,274.8,648.83,99.23,East,Completed
ORD08169,2025-01-19,CUST0013,P0018,5,0.05,4596.19,2818.15,21831.9,7741.15,East,Completed
ORD00709,2025-01-19,CUST0122,P0012,2,0.05,4072.78,2687.49,7738.28,2363.3,East,Completed
ORD08121,2025-01-19,CUST0291,P0074,3,0.15,40981.75,23771.65,104503.46,33188.51,South,Completed
ORD00555,2025-01-19,CUST0258,P0030,1,0.15,23508.75,18216.9,19982.44,1765.54,North,Pending
ORD01583,2025-01-20,CUST0282,P0190,1,0.1,2296.71,1653.27,2067.04,413.77,West,Completed
ORD01921,2025-01-20,CUST0279,P0120,1,0.05,57866.38,42176.37,54973.06,12796.69,West,Completed
ORD08521,2025-01-20,CUST0358,P0179,2,0.0,12818.17,8758.44,25636.34,8119.46,North,Completed
ORD09941,2025-01-20,CUST0909,P0198,2,0.0,715.13,510.57,1430.26,409.12,East,Completed
ORD03989,2025-01-20,CUST0496,P0113,1,0.1,26426.25,19479.69,23783.62,4303.93,North,Completed
ORD03610,2025-01-20,CUST0687,P0187,1,0.0,184.91,120.68,184.91,64.23,East,Completed
ORD08951,2025-01-20,CUST0934,P0123,3,0.05,77212.89,61788.48,220056.74,34691.3,East,Completed
ORD02857,2025-01-20,CUST0962,P0007,1,0.1,8223.62,4942.96,7401.26,2458.3,North,Completed
ORD01999,2025-01-20,CUST0980,P0079,1,0.15,409.51,310.64,348.08,37.44,West,Completed
ORD06782,2025-01-20,CUST0604,P0144,2,0.1,501.46,362.98,902.63,176.67,South,Completed
ORD04984,2025-01-20,CUST0859,P0009,2,0.05,724.93,490.11,1377.37,397.15,South,Completed
ORD07137,2025-01-20,CUST0165,P0135,2,0.05,644.55,462.91,1224.64,298.82,West,Completed
ORD02155,2025-01-20,CUST0658,P0014,1,0.1,18597.52,13817.51,16737.77,2920.26,North,Completed
ORD08433,2025-01-20,CUST0845,P0183,1,0.0,66902.29,49511.88,66902.29,17390.41,West,Completed
ORD09217,2025-01-20,CUST0629,P0186,2,0.1,36288.91,28203.52,65320.04,8913.0,North,Completed
ORD08084,2025-01-20,CUST0176,P0137,1,0.15,3327.18,2091.19,2828.1,736.91,West,Completed
ORD03971,2025-01-20,CUST0753,P0018,1,0.1,4596.19,2818.15,4136.57,1318.42,East,Completed
ORD03398,2025-01-20,CUST0457,P0182,2,0.2,15590.28,12172.38,24944.45,599.69,North,Completed
ORD05875,2025-01-20,CUST0794,P0145,2,0.05,360.46,274.8,684.87,135.27,West,Completed
ORD07579,2025-01-21,CUST0825,P0124,1,0.2,38907.93,29071.02,31126.34,2055.32,South,Completed
ORD01045,2025-01-21,CUST0026,P0129,3,0.2,43850.97,27932.89,105242.33,21443.66,South,Completed
ORD05856,2025-01-21,CUST0175,P0157,1,0.1,1290.11,764.14,1161.1,396.96,West,Completed
ORD08253,2025-01-21,CUST0633,P0093,1,0.0,10189.0,5911.08,10189.0,4277.92,West,Completed
ORD03826,2025-01-21,CUST0680,P0004,1,0.0,20696.25,15931.27,20696.25,4764.98,South,Completed
ORD00175,2025-01-21,CUST0040,P0069,2,0.1,196.15,126.8,353.07,99.47,East,Pending
ORD00339,2025-01-21,CUST0247,P0015,2,0.2,18890.43,14292.88,30224.69,1638.93,East,Completed
ORD04098,2025-01-21,CUST0073,P0001,3,0.1,796.95,617.19,2151.77,300.2,West,Completed
ORD04159,2025-01-21,CUST0809,P0123,2,0.1,77212.89,61788.48,138983.2,15406.24,North,Completed
ORD05735,2025-01-21,CUST0670,P0164,3,0.1,8324.94,6438.05,22477.34,3163.19,North,Completed
ORD03226,2025-01-21,CUST0453,P0112,2,0.1,20043.19,13117.75,36077.74,9842.24,East,Completed
ORD08758,2025-01-21,CUST0304,P0054,2,0.05,34828.61,21081.63,66174.36,24011.1,West,Completed
ORD06547,2025-01-21,CUST0731,P0010,3,0.0,16072.59,10816.67,48217.77,15767.76,North,Completed
ORD07423,2025-01-21,CUST0046,P0110,2,0.1,30098.59,20298.4,54177.46,13580.66,North,Completed
ORD05138,2025-01-21,CUST0627,P0190,3,0.15,2296.71,1653.27,5856.61,896.8,West,Completed
ORD07463,2025-01-22,CUST0097,P0053,3,0.0,422.63,329.18,1267.89,280.35,East,Completed
ORD02002,2025-01-22,CUST0993,P0074,2,0.15,40981.75,23771.65,69668.97,22125.67,South,Completed
ORD09193,2025-01-22,CUST0059,P0100,3,0.0,36262.87,22462.27,108788.61,41401.8,West,Completed
ORD07948,2025-01-22,CUST0567,P0016,1,0.05,20196.29,11952.43,19186.48,7234.05,North,Completed
ORD05879,2025-01-22,CUST0087,P0112,1,0.1,20043.19,13117.75,18038.87,4921.12,North,Cancelled
ORD05786,2025-01-22,CUST0061,P0055,1,0.0,6422.29,4812.56,6422.29,1609.73,West,Completed
ORD02098,2025-01-22,CUST0843,P0110,2,0.0,30098.59,20298.4,60197.18,19600.38,East,Completed
ORD06466,2025-01-22,CUST0697,P0182,1,0.2,15590.28,12172.38,12472.22,299.84,West,Completed
ORD00087,2025-01-22,CUST0177,P0065,4,0.1,21598.4,14583.7,77754.24,19419.44,South,Cancelled
ORD04922,2025-01-22,CUST0008,P0086,5,0.0,519.82,398.56,2599.1,606.3,West,Completed
ORD09861,2025-01-22,CUST0313,P0046,4,0.05,61902.8,37121.36,235230.64,86745.2,North,Completed
ORD03007,2025-01-22,CUST0892,P0046,2,0.05,61902.8,37121.36,117615.32,43372.6,South,Completed
ORD03690,2025-01-22,CUST0268,P0004,1,0.2,20696.25,15931.27,16557.0,625.73,North,Completed
ORD06053,2025-01-23,CUST0175,P0113,2,0.0,26426.25,19479.69,52852.5,13893.12,West,Completed
ORD03518,2025-01-23,CUST0834,P0175,4,0.0,791.76,614.23,3167.04,710.12,East,Completed
ORD03496,2025-01-23,CUST0843,P0081,2,0.05,11112.68,6733.47,21114.09,7647.15,East,Completed
ORD04500,2025-01-23,CUST0002,P0191,2,0.05,8442.75,6441.23,16041.22,3158.76,West,Completed
ORD07715,2025-01-23,CUST0888,P0199,1,0.0,404.58,321.41,404.58,83.17,North,Cancelled
ORD06291,2025-01-23,CUST0626,P0184,2,0.05,20719.38,13335.4,39366.82,12696.02,South,Completed
ORD08719,2025-01-23,CUST0502,P0064,1,0.1,20038.07,13846.76,18034.26,4187.5,South,Completed
ORD02721,2025-01-23,CUST0876,P0052,1,0.1,7440.54,4865.29,6696.49,1831.2,South,Completed
ORD08551,2025-01-23,CUST0566,P0023,3,0.0,29957.89,23747.89,89873.67,18630.0,North,Completed
ORD01757,2025-01-23,CUST0356,P0132,2,0.05,235.21,163.03,446.9,120.84,West,Completed
ORD00655,2025-01-24,CUST0393,P0187,2,0.0,184.91,120.68,369.82,128.46,South,Completed
ORD05883,2025-01-24,CUST0866,P0162,1,0.05,46811.03,27452.25,44470.48,17018.23,West,Completed
ORD01802,2025-01-24,CUST0739,P0059,2,0.0,1247.06,804.27,2494.12,885.58,North,Completed
ORD07033,2025-01-24,CUST0522,P0080,2,0.1,67342.32,40846.14,121216.18,39523.9,East,Completed
ORD08851,2025-01-24,CUST0572,P0161,1,0.1,36827.84,23163.81,33145.06,9981.25,East,Completed
ORD00166,2025-01-24,CUST0169,P0058,3,0.0,7347.4,4878.31,22042.2,7407.27,West,Cancelled
ORD06667,2025-01-24,CUST0605,P0174,1,0.0,46343.47,28863.63,46343.47,17479.84,West,Completed
ORD06046,2025-01-24,CUST0019,P0166,1,0.0,47059.67,34982.34,47059.67,12077.33,West,Completed
ORD09796,2025-01-24,CUST0429,P0171,3,0.0,39010.06,29472.11,117030.18,28613.85,West,Completed
ORD05132,2025-01-24,CUST0292,P0045,1,0.0,2217.01,1355.93,2217.01,861.08,West,Completed
ORD06572,2025-01-24,CUST0891,P0191,3,0.15,8442.75,6441.23,21529.01,2205.32,West,Completed
ORD05593,2025-01-25,CUST0623,P0046,1,0.1,61902.8,37121.36,55712.52,18591.16,West,Completed
ORD08283,2025-01-25,CUST0304,P0013,1,0.0,8923.66,6594.73,8923.66,2328.93,West,Completed
ORD07047,2025-01-25,CUST0516,P0194,3,0.0,13118.34,8489.04,39355.02,13887.9,East,Completed
ORD04685,2025-01-25,CUST0396,P0172,1,0.0,53066.45,36105.87,53066.45,16960.58,West,Completed
ORD08424,2025-01-25,CUST0106,P0147,1,0.15,22737.01,13458.16,19326.46,5868.3,North,Completed
ORD07256,2025-01-25,CUST0232,P0156,2,0.15,44665.09,34536.09,75930.65,6858.47,East,Completed
ORD07163,2025-01-25,CUST0586,P0064,1,0.0,20038.07,13846.76,20038.07,6191.31,North,Pending
ORD00038,2025-01-25,CUST0816,P0085,5,0.1,73872.61,56554.21,332426.74,49655.69,East,Completed
ORD07487,2025-01-25,CUST0521,P0087,3,0.1,11879.48,8267.83,32074.6,7271.11,North,Completed
ORD05830,2025-01-25,CUST0502,P0182,3,0.0,15590.28,12172.38,46770.84,10253.7,South,Completed
ORD01952,2025-01-25,CUST0632,P0085,1,0.0,73872.61,56554.21,73872.61,17318.4,South,Completed
ORD07541,2025-01-25,CUST0293,P0152,1,0.0,5896.48,4498.55,5896.48,1397.93,West,Completed
ORD01012,2025-01-25,CUST0126,P0122,3,0.2,17942.76,13133.8,43062.62,3661.22,West,Completed
ORD02473,2025-01-26,CUST0011,P0132,2,0.05,235.21,163.03,446.9,120.84,North,Completed
ORD05222,2025-01-26,CUST0072,P0137,1,0.1,3327.18,2091.19,2994.46,903.27,East,Completed
ORD01602,2025-01-26,CUST0929,P0086,1,0.15,519.82,398.56,441.85,43.29,South,Completed
ORD05887,2025-01-26,CUST0783,P0138,2,0.15,30903.45,21958.56,52535.86,8618.74,East,Completed
ORD07366,2025-01-26,CUST0383,P0040,2,0.0,568.55,361.32,1137.1,414.46,North,Completed
ORD07890,2025-01-26,CUST0162,P0139,4,0.05,26827.4,18117.75,101944.12,29473.12,West,Completed
ORD01630,2025-01-26,CUST0246,P0168,5,0.05,1780.85,1042.33,8459.04,3247.39,South,Completed
ORD08293,2025-01-26,CUST0584,P0010,1,0.1,16072.59,10816.67,14465.33,3648.66,North,Pending
ORD06488,2025-01-26,CUST0689,P0016,1,0.05,20196.29,11952.43,19186.48,7234.05,East,Completed
ORD01876,2025-01-26,CUST0880,P0038,1,0.0,25137.53,20080.78,25137.53,5056.75,East,Completed
ORD01978,2025-01-26,CUST0803,P0192,1,0.1,20821.66,13717.57,18739.49,5021.92,East,Completed
ORD06956,2025-01-27,CUST0546,P0141,1,0.05,1748.75,1100.65,1661.31,560.66,North,Completed
ORD04675,2025-01-27,CUST0881,P0112,2,0.05,20043.19,13117.75,38082.06,11846.56,East,Completed
ORD09728,2025-01-27,CUST0581,P0068,1,0.0,41326.98,32432.51,41326.98,8894.47,West,Completed
ORD04287,2025-01-27,CUST0070,P0087,1,0.0,11879.48,8267.83,11879.48,3611.65,East,Completed
ORD04032,2025-01-27,CUST0754,P0110,1,0.15,30098.59,20298.4,25583.8,5285.4,South,Cancelled
ORD00907,2025-01-27,CUST0479,P0085,2,0.05,73872.61,56554.21,140357.96,27249.54,North,Completed
ORD07302,2025-01-27,CUST0232,P0177,2,0.0,783.92,493.62,1567.84,580.6,East,Pending
ORD09583,2025-01-27,CUST0646,P0111,1,0.15,32818.12,23699.05,27895.4,4196.35,North,Completed
ORD04112,2025-01-27,CUST0076,P0006,5,0.05,51610.25,30768.51,245148.69,91306.14,South,Completed
ORD04115,2025-01-27,CUST0149,P0197,2,0.0,15133.72,11886.63,30267.44,6494.18,West,Completed
ORD03987,2025-01-27,CUST0266,P0051,1,0.1,57445.48,35926.8,51700.93,15774.13,East,Completed
ORD03827,2025-01-27,CUST0823,P0042,4,0.2,10683.47,6548.45,34187.1,7993.3,West,Completed
ORD03515,2025-01-27,CUST0047,P0180,1,0.05,23838.69,16889.32,22646.76,5757.44,East,Completed
ORD05076,2025-01-27,CUST0262,P0039,3,0.1,1717.54,1277.52,4637.36,804.8,West,Completed
ORD02377,2025-01-27,CUST0235,P0076,1,0.0,20055.1,12211.29,20055.1,7843.81,East,Completed
ORD05016,2025-01-27,CUST0835,P0173,1,0.0,4259.82,3133.66,4259.82,1126.16,West,Completed
ORD01496,2025-01-28,CUST0397,P0170,4,0.05,750.66,462.97,2852.51,1000.63,East,Completed
ORD07068,2025-01-28,CUST0944,P0019,2,0.0,27844.42,18931.51,55688.84,17825.82,East,Completed
ORD04950,2025-01-28,CUST0979,P0042,1,0.05,10683.47,6548.45,10149.3,3600.85,East,Completed
ORD05762,2025-01-28,CUST0503,P0160,1,0.0,680.29,502.6,680.29,177.69,South,Completed
ORD03997,2025-01-28,CUST0754,P0004,1,0.0,20696.25,15931.27,20696.25,4764.98,South,Completed
ORD00594,2025-01-28,CUST0529,P0174,1,0.05,46343.47,28863.63,44026.3,15162.67,South,Completed
ORD00381,2025-01-28,CUST0863,P0154,1,0.2,693.93,462.98,555.14,92.16,South,Completed
ORD09427,2025-01-28,CUST0325,P0037,1,0.15,58358.81,45854.58,49604.99,3750.41,North,Completed
ORD09423,2025-01-28,CUST0034,P0122,1,0.15,17942.76,13133.8,15251.35,2117.55,North,Completed
ORD07394,2025-01-28,CUST0121,P0184,1,0.05,20719.38,13335.4,19683.41,6348.01,West,Cancelled
ORD01649,2025-01-28,CUST0501,P0151,2,0.15,5830.9,4665.5,9912.53,581.53,North,Completed
ORD08819,2025-01-28,CUST0271,P0002,3,0.1,6203.85,4038.58,16750.4,4634.66,East,Completed
ORD07799,2025-01-28,CUST0462,P0142,1,0.0,4782.08,3282.92,4782.08,1499.16,North,Completed
ORD05309,2025-01-28,CUST0684,P0195,4,0.05,15240.21,11813.53,57912.8,10658.68,North,Completed
ORD00040,2025-01-29,CUST0283,P0019,2,0.05,27844.42,18931.51,52904.4,15041.38,East,Completed
ORD06581,2025-01-29,CUST0011,P0124,1,0.0,38907.93,29071.02,38907.93,9836.91,North,Cancelled
ORD06139,2025-01-29,CUST0319,P0030,1,0.1,23508.75,18216.9,21157.88,2940.98,West,Completed
ORD04244,2025-01-29,CUST0911,P0097,4,0.1,11100.34,7751.47,39961.22,8955.34,West,Completed
ORD01024,2025-01-29,CUST0415,P0117,3,0.1,62915.52,50890.59,169871.9,17200.13,North,Completed
ORD01332,2025-01-29,CUST0059,P0135,1,0.0,644.55,462.91,644.55,181.64,West,Completed
ORD09959,2025-01-29,CUST0432,P0134,1,0.05,34117.69,25387.96,32411.81,7023.85,East,Completed
ORD04704,2025-01-29,CUST0650,P0109,3,0.05,17118.52,11998.2,48787.78,12793.18,South,Completed
ORD00711,2025-01-29,CUST0196,P0174,3,0.0,46343.47,28863.63,139030.41,52439.52,East,Completed
ORD04189,2025-01-29,CUST0023,P0179,2,0.0,12818.17,8758.44,25636.34,8119.46,South,Completed
ORD04853,2025-01-29,CUST0154,P0116,5,0.05,41570.44,24508.05,197459.59,74919.34,South,Completed
ORD04268,2025-01-29,CUST0747,P0194,1,0.0,13118.34,8489.04,13118.34,4629.3,West,Completed
ORD03211,2025-01-29,CUST0105,P0175,2,0.2,791.76,614.23,1266.82,38.36,South,Completed
ORD02755,2025-01-29,CUST0950,P0035,1,0.1,56932.8,34147.01,51239.52,17092.51,East,Completed
ORD03349,2025-01-29,CUST0065,P0155,3,0.05,9808.49,7104.6,27954.2,6640.4,South,Pending
ORD05921,2025-01-29,CUST0989,P0197,3,0.15,15133.72,11886.63,38590.99,2931.1,South,Completed
ORD02765,2025-01-29,CUST0083,P0042,1,0.05,10683.47,6548.45,10149.3,3600.85,North,Completed
ORD06026,2025-01-29,CUST0819,P0149,2,0.15,2427.19,1691.68,4126.22,742.86,North,Completed
ORD03466,2025-01-30,CUST0825,P0080,4,0.0,67342.32,40846.14,269369.28,105984.72,South,Completed
ORD09456,2025-01-30,CUST0794,P0047,1,0.05,1004.63,793.19,954.4,161.21,West,Completed
ORD08036,2025-01-30,CUST0273,P0041,2,0.1,4003.54,2383.24,7206.37,2439.89,East,Cancelled
ORD07349,2025-01-30,CUST0848,P0176,2,0.1,9388.62,6512.18,16899.52,3875.16,East,Completed
ORD03951,2025-01-30,CUST0297,P0015,1,0.05,18890.43,14292.88,17945.91,3653.03,West,Completed
ORD00291,2025-01-30,CUST0105,P0118,1,0.15,36939.5,23012.67,31398.58,8385.91,South,Completed
ORD01453,2025-01-30,CUST0430,P0114,1,0.05,16683.02,10299.86,15848.87,5549.01,North,Completed
ORD05692,2025-01-30,CUST0589,P0114,2,0.1,16683.02,10299.86,30029.44,9429.72,East,Pending
ORD00148,2025-01-30,CUST0986,P0105,2,0.0,17543.79,10886.17,35087.58,13315.24,South,Completed
ORD02775,2025-01-30,CUST0295,P0052,2,0.0,7440.54,4865.29,14881.08,5150.5,South,Completed
ORD07887,2025-01-30,CUST0919,P0076,2,0.0,20055.1,12211.29,40110.2,15687.62,East,Completed
ORD02203,2025-01-30,CUST0715,P0030,3,0.05,23508.75,18216.9,66999.94,12349.24,South,Completed
ORD09399,2025-01-30,CUST0397,P0139,2,0.05,26827.4,18117.75,50972.06,14736.56,East,Completed
ORD04057,2025-01-30,CUST0180,P0136,1,0.1,3029.54,2200.52,2726.59,526.07,East,Completed
ORD01791,2025-01-30,CUST0115,P0104,1,0.1,22437.82,18159.1,20194.04,2034.94,North,Completed
ORD01185,2025-01-30,CUST0577,P0093,3,0.1,10189.0,5911.08,27510.3,9777.06,West,Completed
ORD05525,2025-01-31,CUST0173,P0157,2,0.0,1290.11,764.14,2580.22,1051.94,West,Completed
ORD01452,2025-01-31,CUST0515,P0074,5,0.05,40981.75,23771.65,194663.31,75805.06,West,Completed
ORD08538,2025-01-31,CUST0725,P0045,1,0.05,2217.01,1355.93,2106.16,750.23,South,Completed
ORD04888,2025-01-31,CUST0700,P0166,2,0.05,47059.67,34982.34,89413.37,19448.69,West,Completed
ORD06998,2025-01-31,CUST0711,P0112,5,0.0,20043.19,13117.75,100215.95,34627.2,East,Completed
ORD01943,2025-01-31,CUST0929,P0109,1,0.2,17118.52,11998.2,13694.82,1696.62,South,Completed
ORD05712,2025-01-31,CUST0264,P0124,1,0.1,38907.93,29071.02,35017.14,5946.12,North,Completed
ORD03517,2025-01-31,CUST0729,P0083,2,0.1,374.27,289.15,673.69,95.39,South,Completed
ORD07633,2025-01-31,CUST0875,P0148,5,0.05,15484.78,9786.06,73552.7,24622.4,South,Completed
ORD06751,2025-01-31,CUST0461,P0096,2,0.1,22714.55,15565.72,40886.19,9754.75,West,Completed
ORD05452,2025-01-31,CUST0368,P0079,2,0.2,409.51,310.64,655.22,33.94,North,Completed
ORD06746,2025-01-31,CUST0850,P0002,1,0.15,6203.85,4038.58,5273.27,1234.69,West,Pending
ORD01828,2025-01-31,CUST0819,P0104,1,0.0,22437.82,18159.1,22437.82,4278.72,North,Completed
ORD00240,2025-01-31,CUST0570,P0160,1,0.1,680.29,502.6,612.26,109.66,West,Completed
ORD08688,2025-02-01,CUST0012,P0010,2,0.05,16072.59,10816.67,30537.92,8904.58,East,Completed
ORD09678,2025-02-01,CUST0587,P0076,3,0.1,20055.1,12211.29,54148.77,17514.9,North,Completed
ORD08476,2025-02-01,CUST0249,P0097,1,0.0,11100.34,7751.47,11100.34,3348.87,West,Completed
ORD04031,2025-02-01,CUST0839,P0145,3,0.1,360.46,274.8,973.24,148.84,North,Completed
ORD09837,2025-02-01,CUST0948,P0017,1,0.1,17284.69,10596.05,15556.22,4960.17,South,Completed
ORD00864,2025-02-01,CUST0441,P0133,5,0.1,30154.78,21233.5,135696.51,29529.01,South,Completed
ORD08480,2025-02-01,CUST0881,P0145,3,0.2,360.46,274.8,865.1,40.7,East,Pending
ORD02442,2025-02-01,CUST0113,P0021,3,0.0,6878.25,5112.71,20634.75,5296.62,West,Completed
ORD01074,2025-02-01,CUST0217,P0192,2,0.05,20821.66,13717.57,39561.15,12126.01,West,Cancelled
ORD07471,2025-02-01,CUST0390,P0193,1,0.0,8422.11,6102.6,8422.11,2319.51,North,Completed
ORD07669,2025-02-01,CUST0684,P0199,1,0.05,404.58,321.41,384.35,62.94,North,Completed
ORD03347,2025-02-02,CUST0807,P0172,2,0.1,53066.45,36105.87,95519.61,23307.87,South,Completed
ORD07479,2025-02-02,CUST0478,P0197,3,0.1,15133.72,11886.63,40861.04,5201.15,West,Completed
ORD03541,2025-02-02,CUST0378,P0010,1,0.2,16072.59,10816.67,12858.07,2041.4,East,Completed
ORD06092,2025-02-02,CUST0394,P0136,2,0.1,3029.54,2200.52,5453.17,1052.13,South,Completed
ORD02526,2025-02-02,CUST0375,P0108,2,0.1,673.74,534.39,1212.73,143.95,North,Completed
ORD01903,2025-02-02,CUST0090,P0159,2,0.1,54205.42,36083.24,97569.76,25403.28,East,Completed
ORD07484,2025-02-02,CUST0544,P0164,2,0.2,8324.94,6438.05,13319.9,443.8,East,Completed
ORD02839,2025-02-02,CUST0196,P0027,3,0.1,20926.64,14284.36,56501.93,13648.85,East,Completed
ORD07240,2025-02-02,CUST0213,P0171,1,0.1,39010.06,29472.11,35109.05,5636.94,North,Completed
ORD05110,2025-02-02,CUST0163,P0013,1,0.1,8923.66,6594.73,8031.29,1436.56,East,Pending
ORD08756,2025-02-02,CUST0777,P0080,1,0.05,67342.32,40846.14,63975.2,23129.06,South,Completed
ORD00550,2025-02-02,CUST0788,P0099,1,0.1,908.9,743.94,818.01,74.07,West,Completed
ORD08790,2025-02-03,CUST0517,P0150,2,0.15,53462.03,36715.83,90885.45,17453.79,East,Completed
ORD05832,2025-02-03,CUST0595,P0017,1,0.05,17284.69,10596.05,16420.46,5824.41,East,Completed
ORD03708,2025-02-03,CUST0255,P0196,2,0.0,385.78,231.62,771.56,308.32,South,Completed
ORD09206,2025-02-03,CUST0134,P0103,1,0.1,585.19,454.75,526.67,71.92,East,Completed
ORD07969,2025-02-03,CUST0402,P0133,4,0.1,30154.78,21233.5,108557.21,23623.21,North,Completed
ORD00239,2025-02-03,CUST0368,P0193,2,0.1,8422.11,6102.6,15159.8,2954.6,North,Completed
ORD02701,2025-02-03,CUST0034,P0137,2,0.05,3327.18,2091.19,6321.64,2139.26,North,Completed
ORD06151,2025-02-03,CUST0252,P0097,2,0.15,11100.34,7751.47,18870.58,3367.64,West,Completed
ORD04600,2025-02-03,CUST0506,P0024,2,0.05,792.84,470.21,1506.4,565.98,North,Pending
ORD07711,2025-02-03,CUST0069,P0032,1,0.05,39614.35,24714.41,37633.63,12919.22,West,Completed
ORD03065,2025-02-03,CUST0128,P0088,1,0.05,58121.47,37608.48,55215.4,17606.92,South,Completed
ORD08848,2025-02-03,CUST0530,P0068,5,0.05,41326.98,32432.51,196303.16,34140.61,North,Cancelled
ORD09359,2025-02-03,CUST0640,P0145,2,0.05,360.46,274.8,684.87,135.27,West,Completed
ORD03070,2025-02-03,CUST0700,P0181,2,0.15,8670.4,5624.95,14739.68,3489.78,West,Completed
ORD02878,2025-02-03,CUST0625,P0106,4,0.0,526.46,370.01,2105.84,625.8,West,Completed
ORD09493,2025-02-03,CUST0534,P0103,3,0.15,585.19,454.75,1492.23,127.98,West,Completed
ORD09705,2025-02-03,CUST0887,P0179,1,0.0,12818.17,8758.44,12818.17,4059.73,North,Completed
ORD03558,2025-02-03,CUST0913,P0066,1,0.1,15521.48,11472.78,13969.33,2496.55,North,Completed
ORD08221,2025-02-03,CUST0645,P0076,3,0.0,20055.1,12211.29,60165.3,23531.43,North,Completed
ORD09205,2025-02-04,CUST0480,P0089,3,0.05,74892.61,50603.0,213443.94,61634.94,West,Completed
ORD05738,2025-02-04,CUST0651,P0092,1,0.05,41737.72,32410.53,39650.83,7240.3,West,Completed
ORD07166,2025-02-04,CUST0448,P0137,2,0.1,3327.18,2091.19,5988.92,1806.54,North,Completed
ORD05113,2025-02-04,CUST0195,P0059,4,0.1,1247.06,804.27,4489.42,1272.34,North,Completed
ORD02846,2025-02-04,CUST0805,P0197,2,0.05,15133.72,11886.63,28754.07,4980.81,West,Completed
ORD06796,2025-02-04,CUST0088,P0136,5,0.2,3029.54,2200.52,12118.16,1115.56,West,Completed
ORD02605,2025-02-04,CUST0576,P0071,1,0.05,35759.59,27998.22,33971.61,5973.39,East,Completed
ORD02371,2025-02-04,CUST0104,P0190,1,0.1,2296.71,1653.27,2067.04,413.77,West,Completed
ORD00295,2025-02-04,CUST0425,P0166,2,0.0,47059.67,34982.34,94119.34,24154.66,West,Completed
ORD04991,2025-02-04,CUST0169,P0019,3,0.0,27844.42,18931.51,83533.26,26738.73,West,Completed
ORD00914,2025-02-04,CUST0300,P0192,1,0.1,20821.66,13717.57,18739.49,5021.92,North,Completed
ORD04811,2025-02-04,CUST0639,P0053,4,0.05,422.63,329.18,1605.99,289.27,East,Completed
ORD02792,2025-02-04,CUST0311,P0162,1,0.1,46811.03,27452.25,42129.93,14677.68,North,Completed
ORD06297,2025-02-04,CUST0762,P0043,1,0.0,528.82,390.77,528.82,138.05,South,Completed
ORD09379,2025-02-04,CUST0639,P0082,1,0.1,14583.87,9123.23,13125.48,4002.25,East,Completed
ORD07305,2025-02-05,CUST0615,P0053,1,0.0,422.63,329.18,422.63,93.45,West,Completed
ORD07637,2025-02-05,CUST0733,P0055,1,0.05,6422.29,4812.56,6101.18,1288.62,South,Completed
ORD07747,2025-02-05,CUST0678,P0077,1,0.1,50047.7,37709.36,45042.93,7333.57,East,Cancelled
ORD02659,2025-02-05,CUST0096,P0023,2,0.0,29957.89,23747.89,59915.78,12420.0,South,Completed
ORD00654,2025-02-05,CUST0511,P0013,3,0.05,8923.66,6594.73,25432.43,5648.24,West,Completed
ORD04902,2025-02-05,CUST0580,P0162,1,0.05,46811.03,27452.25,44470.48,17018.23,West,Completed
ORD04288,2025-02-05,CUST0385,P0120,4,0.1,57866.38,42176.37,208318.97,39613.49,East,Completed
ORD02281,2025-02-05,CUST0735,P0097,2,0.15,11100.34,7751.47,18870.58,3367.64,West,Completed
ORD03231,2025-02-05,CUST0487,P0190,1,0.0,2296.71,1653.27,2296.71,643.44,North,Completed
ORD00478,2025-02-05,CUST0825,P0019,1,0.0,27844.42,18931.51,27844.42,8912.91,South,Completed
ORD06338,2025-02-05,CUST0415,P0110,1,0.0,30098.59,20298.4,30098.59,9800.19,North,Cancelled
ORD09062,2025-02-05,CUST0306,P0140,2,0.0,12142.58,7367.6,24285.16,9549.96,East,Completed
ORD08895,2025-02-05,CUST0634,P0126,2,0.1,41856.24,33581.85,75341.23,8177.53,West,Completed
ORD03625,2025-02-05,CUST0859,P0143,4,0.15,56727.96,35563.32,192875.06,50621.78,South,Completed
ORD00162,2025-02-06,CUST0459,P0049,2,0.05,56396.41,44202.58,107153.18,18748.02,South,Completed
ORD08260,2025-02-06,CUST0004,P0184,4,0.05,20719.38,13335.4,78733.64,25392.04,West,Pending
ORD02129,2025-02-06,CUST0021,P0108,1,0.05,673.74,534.39,640.05,105.66,North,Completed
ORD05901,2025-02-06,CUST0560,P0066,1,0.15,15521.48,11472.78,13193.26,1720.48,West,Completed
ORD03298,2025-02-06,CUST0902,P0026,1,0.1,53440.86,40308.66,48096.77,7788.11,South,Completed
ORD06399,2025-02-06,CUST0057,P0058,1,0.05,7347.4,4878.31,6980.03,2101.72,West,Completed
ORD04186,2025-02-06,CUST0743,P0067,1,0.15,5933.02,4559.02,5043.07,484.05,North,Completed
ORD08194,2025-02-06,CUST0925,P0128,1,0.15,7160.91,4568.96,6086.77,1517.81,South,Completed
ORD04819,2025-02-06,CUST0416,P0168,3,0.1,1780.85,1042.33,4808.29,1681.3,South,Completed
ORD00910,2025-02-06,CUST0591,P0104,1,0.1,22437.82,18159.1,20194.04,2034.94,South,Completed
ORD05329,2025-02-06,CUST0234,P0117,2,0.1,62915.52,50890.59,113247.94,11466.76,South,Completed
ORD01458,2025-02-06,CUST0743,P0138,2,0.0,30903.45,21958.56,61806.9,17889.78,North,Completed
ORD09662,2025-02-06,CUST0882,P0191,3,0.1,8442.75,6441.23,22795.42,3471.73,East,Completed
ORD09424,2025-02-06,CUST0102,P0070,4,0.0,56679.56,41863.05,226718.24,59266.04,South,Completed
ORD09916,2025-02-06,CUST0722,P0075,1,0.0,6740.18,4364.5,6740.18,2375.68,North,Completed
ORD01994,2025-02-06,CUST0604,P0131,1,0.0,896.08,597.69,896.08,298.39,South,Completed
ORD02039,2025-02-06,CUST0859,P0116,3,0.0,41570.44,24508.05,124711.32,51187.17,South,Completed
ORD06509,2025-02-06,CUST0777,P0074,3,0.15,40981.75,23771.65,104503.46,33188.51,South,Completed
ORD05578,2025-02-06,CUST0839,P0096,4,0.0,22714.55,15565.72,90858.2,28595.32,North,Completed
ORD09158,2025-02-07,CUST0217,P0189,4,0.0,38312.77,25713.12,153251.08,50398.6,West,Completed
ORD02325,2025-02-07,CUST0767,P0117,2,0.1,62915.52,50890.59,113247.94,11466.76,West,Completed
ORD00149,2025-02-07,CUST0088,P0140,2,0.05,12142.58,7367.6,23070.9,8335.7,West,Completed
ORD02587,2025-02-07,CUST0977,P0183,4,0.1,66902.29,49511.88,240848.24,42800.72,East,Completed
ORD06607,2025-02-07,CUST0044,P0133,1,0.15,30154.78,21233.5,25631.56,4398.06,North,Completed
ORD02206,2025-02-07,CUST0024,P0167,2,0.1,7469.0,4701.25,13444.2,4041.7,East,Completed
ORD09357,2025-02-07,CUST0081,P0109,3,0.15,17118.52,11998.2,43652.23,7657.63,East,Cancelled
ORD01584,2025-02-07,CUST0133,P0108,4,0.05,673.74,534.39,2560.21,422.65,South,Completed
ORD06003,2025-02-07,CUST0662,P0195,2,0.15,15240.21,11813.53,25908.36,2281.3,East,Completed
ORD02047,2025-02-07,CUST0037,P0015,1,0.1,18890.43,14292.88,17001.39,2708.51,East,Pending
ORD05176,2025-02-07,CUST0279,P0078,5,0.15,66750.32,43644.61,283688.86,65465.81,West,Completed
ORD08961,2025-02-07,CUST0296,P0037,2,0.1,58358.81,45854.58,105045.86,13336.7,South,Completed
ORD04040,2025-02-07,CUST0086,P0196,3,0.2,385.78,231.62,925.87,231.01,West,Completed
ORD09422,2025-02-07,CUST0104,P0180,2,0.1,23838.69,16889.32,42909.64,9131.0,West,Completed
ORD03526,2025-02-07,CUST0973,P0034,1,0.05,143.7,100.11,136.51,36.4,South,Completed
ORD08245,2025-02-07,CUST0838,P0166,2,0.1,47059.67,34982.34,84707.41,14742.73,West,Completed
ORD01805,2025-02-07,CUST0101,P0078,1,0.05,66750.32,43644.61,63412.8,19768.19,East,Completed
ORD05332,2025-02-08,CUST0308,P0075,1,0.05,6740.18,4364.5,6403.17,2038.67,West,Completed
ORD09268,2025-02-08,CUST0321,P0010,2,0.15,16072.59,10816.67,27323.4,5690.06,East,Completed
ORD08294,2025-02-08,CUST0248,P0122,3,0.0,17942.76,13133.8,53828.28,14426.88,East,Cancelled
ORD01229,2025-02-08,CUST0847,P0020,5,0.05,14020.39,10682.55,66596.85,13184.1,East,Completed
ORD06569,2025-02-08,CUST0484,P0123,1,0.0,77212.89,61788.48,77212.89,15424.41,East,Completed
ORD03443,2025-02-08,CUST0757,P0148,5,0.1,15484.78,9786.06,69681.51,20751.21,West,Pending
ORD01605,2025-02-08,CUST0961,P0069,2,0.05,196.15,126.8,372.68,119.08,North,Completed
ORD05984,2025-02-08,CUST0061,P0031,5,0.15,12553.48,9544.5,53352.29,5629.79,West,Completed
ORD07592,2025-02-08,CUST0540,P0159,5,0.1,54205.42,36083.24,243924.39,63508.19,West,Completed
ORD08376,2025-02-08,CUST0688,P0067,2,0.0,5933.02,4559.02,11866.04,2748.0,West,Completed
ORD07741,2025-02-08,CUST0042,P0054,1,0.1,34828.61,21081.63,31345.75,10264.12,South,Completed
ORD00757,2025-02-08,CUST0052,P0125,2,0.15,3155.85,2083.96,5364.94,1197.02,West,Completed
ORD08923,2025-02-08,CUST0121,P0060,1,0.2,32036.99,25220.68,25629.59,408.91,West,Completed
ORD09030,2025-02-09,CUST0414,P0012,2,0.15,4072.78,2687.49,6923.73,1548.75,East,Completed
ORD04546,2025-02-09,CUST0949,P0015,1,0.05,18890.43,14292.88,17945.91,3653.03,West,Completed
ORD08667,2025-02-09,CUST0581,P0115,3,0.1,9526.21,7338.52,25720.77,3705.21,West,Completed
ORD00717,2025-02-09,CUST0503,P0128,2,0.1,7160.91,4568.96,12889.64,3751.72,South,Completed
ORD05184,2025-02-09,CUST0947,P0004,2,0.15,20696.25,15931.27,35183.62,3321.08,North,Completed
ORD02171,2025-02-09,CUST0012,P0147,3,0.1,22737.01,13458.16,61389.93,21015.45,East,Completed
ORD02451,2025-02-09,CUST0760,P0191,1,0.0,8442.75,6441.23,8442.75,2001.52,South,Completed
ORD04648,2025-02-09,CUST0663,P0126,1,0.15,41856.24,33581.85,35577.8,1995.95,North,Completed
ORD07788,2025-02-09,CUST0476,P0166,1,0.0,47059.67,34982.34,47059.67,12077.33,South,Completed
ORD05381,2025-02-09,CUST0992,P0118,4,0.05,36939.5,23012.67,140370.1,48319.42,East,Cancelled
ORD01367,2025-02-09,CUST0362,P0097,1,0.1,11100.34,7751.47,9990.31,2238.84,West,Completed
ORD00891,2025-02-09,CUST0677,P0044,1,0.0,59463.82,38619.72,59463.82,20844.1,North,Completed
ORD08324,2025-02-09,CUST0941,P0131,1,0.0,896.08,597.69,896.08,298.39,South,Pending
ORD03746,2025-02-09,CUST0073,P0139,1,0.05,26827.4,18117.75,25486.03,7368.28,West,Completed
ORD05985,2025-02-09,CUST0612,P0034,2,0.1,143.7,100.11,258.66,58.44,South,Completed
ORD06293,2025-02-09,CUST0139,P0185,2,0.0,76508.26,54062.35,153016.52,44891.82,West,Completed
ORD02813,2025-02-09,CUST0441,P0095,1,0.05,9513.49,6495.4,9037.82,2542.42,South,Completed
ORD02121,2025-02-09,CUST0693,P0010,3,0.05,16072.59,10816.67,45806.88,13356.87,East,Completed
ORD00925,2025-02-09,CUST0350,P0154,1,0.05,693.93,462.98,659.23,196.25,North,Completed
ORD07972,2025-02-09,CUST0202,P0063,1,0.15,12786.65,8472.2,10868.65,2396.45,West,Completed
ORD05952,2025-02-10,CUST0950,P0020,4,0.1,14020.39,10682.55,50473.4,7743.2,East,Completed
ORD09929,2025-02-10,CUST0046,P0146,1,0.15,11482.27,8693.26,9759.93,1066.67,North,Completed
ORD06875,2025-02-10,CUST0561,P0121,2,0.0,975.23,645.82,1950.46,658.82,South,Completed
ORD03624,2025-02-10,CUST0752,P0200,1,0.1,37954.59,28614.99,34159.13,5544.14,East,Completed
ORD05087,2025-02-10,CUST0077,P0098,2,0.15,15055.62,11767.46,25594.55,2059.63,East,Completed
ORD00842,2025-02-10,CUST0730,P0132,1,0.1,235.21,163.03,211.69,48.66,East,Completed
ORD01848,2025-02-10,CUST0387,P0004,1,0.0,20696.25,15931.27,20696.25,4764.98,West,Completed
ORD06220,2025-02-10,CUST0803,P0022,2,0.0,68945.25,50670.94,137890.5,36548.62,East,Completed
ORD04863,2025-02-10,CUST0993,P0102,1,0.1,4149.23,2427.22,3734.31,1307.09,South,Cancelled
ORD07267,2025-02-10,CUST0541,P0014,1,0.0,18597.52,13817.51,18597.52,4780.01,South,Completed
ORD06007,2025-02-10,CUST0637,P0090,4,0.05,446.05,334.33,1694.99,357.67,North,Completed
ORD03046,2025-02-10,CUST0716,P0007,2,0.05,8223.62,4942.96,15624.88,5738.96,North,Completed
ORD03030,2025-02-10,CUST0858,P0194,4,0.0,13118.34,8489.04,52473.36,18517.2,South,Completed
ORD04212,2025-02-10,CUST0365,P0113,5,0.05,26426.25,19479.69,125524.69,28126.24,North,Pending
ORD01601,2025-02-10,CUST0551,P0001,4,0.1,796.95,617.19,2869.02,400.26,North,Completed
ORD00821,2025-02-11,CUST0551,P0017,2,0.15,17284.69,10596.05,29383.97,8191.87,North,Completed
ORD01734,2025-02-11,CUST0506,P0058,2,0.0,7347.4,4878.31,14694.8,4938.18,North,Completed
ORD01105,2025-02-11,CUST0592,P0148,1,0.2,15484.78,9786.06,12387.82,2601.76,South,Pending
ORD05822,2025-02-11,CUST0229,P0188,2,0.05,5272.37,3130.49,10017.5,3756.52,West,Completed
ORD07337,2025-02-11,CUST0423,P0022,2,0.0,68945.25,50670.94,137890.5,36548.62,West,Completed
ORD04328,2025-02-11,CUST0571,P0091,2,0.0,49350.46,32483.04,98700.92,33734.84,West,Completed
ORD04905,2025-02-11,CUST0637,P0128,1,0.1,7160.91,4568.96,6444.82,1875.86,North,Pending
ORD05530,2025-02-11,CUST0381,P0057,1,0.05,911.67,722.71,866.09,143.38,North,Completed
ORD08781,2025-02-11,CUST0047,P0097,4,0.05,11100.34,7751.47,42181.29,11175.41,East,Cancelled
ORD06333,2025-02-11,CUST0662,P0090,1,0.0,446.05,334.33,446.05,111.72,East,Cancelled
ORD06196,2025-02-11,CUST0309,P0083,5,0.05,374.27,289.15,1777.78,332.03,South,Completed
ORD07740,2025-02-11,CUST0979,P0060,4,0.05,32036.99,25220.68,121740.56,20857.84,East,Completed
ORD00720,2025-02-11,CUST0674,P0182,1,0.05,15590.28,12172.38,14810.77,2638.39,North,Completed
ORD09800,2025-02-11,CUST0518,P0009,2,0.05,724.93,490.11,1377.37,397.15,North,Completed
ORD05342,2025-02-11,CUST0481,P0058,1,0.05,7347.4,4878.31,6980.03,2101.72,West,Cancelled
ORD04363,2025-02-11,CUST0145,P0123,1,0.1,77212.89,61788.48,69491.6,7703.12,South,Completed
ORD07387,2025-02-12,CUST0612,P0099,1,0.0,908.9,743.94,908.9,164.96,South,Completed
ORD06306,2025-02-12,CUST0676,P0167,1,0.0,7469.0,4701.25,7469.0,2767.75,South,Completed
ORD08913,2025-02-12,CUST0794,P0041,2,0.15,4003.54,2383.24,6806.02,2039.54,West,Completed
ORD00070,2025-02-12,CUST0596,P0084,1,0.0,52737.3,39276.81,52737.3,13460.49,South,Completed
ORD09554,2025-02-12,CUST0034,P0034,3,0.0,143.7,100.11,431.1,130.77,North,Completed
ORD07812,2025-02-12,CUST0611,P0194,2,0.05,13118.34,8489.04,24924.85,7946.77,West,Completed
ORD00168,2025-02-12,CUST0366,P0183,1,0.1,66902.29,49511.88,60212.06,10700.18,East,Completed
ORD08826,2025-02-12,CUST0991,P0145,2,0.1,360.46,274.8,648.83,99.23,North,Completed
ORD08894,2025-02-12,CUST0564,P0131,2,0.0,896.08,597.69,1792.16,596.78,East,Cancelled
ORD00525,2025-02-12,CUST0866,P0026,1,0.0,53440.86,40308.66,53440.86,13132.2,West,Completed
ORD04264,2025-02-12,CUST0516,P0058,3,0.05,7347.4,4878.31,20940.09,6305.16,East,Completed
ORD03380,2025-02-12,CUST0621,P0002,1,0.05,6203.85,4038.58,5893.66,1855.08,West,Completed
ORD03323,2025-02-13,CUST0666,P0158,2,0.05,33125.35,22293.09,62938.16,18351.98,North,Completed
ORD00933,2025-02-13,CUST0181,P0094,2,0.05,77812.86,47690.34,147844.43,52463.75,East,Cancelled
ORD07126,2025-02-13,CUST0560,P0195,2,0.05,15240.21,11813.53,28956.4,5329.34,West,Completed
ORD01936,2025-02-13,CUST0446,P0154,2,0.1,693.93,462.98,1249.07,323.11,South,Completed
ORD02932,2025-02-13,CUST0601,P0096,1,0.0,22714.55,15565.72,22714.55,7148.83,East,Completed
ORD05869,2025-02-13,CUST0762,P0173,5,0.1,4259.82,3133.66,19169.19,3500.89,South,Cancelled
ORD09390,2025-02-13,CUST0382,P0106,3,0.0,526.46,370.01,1579.38,469.35,North,Completed
ORD01629,2025-02-13,CUST0150,P0178,1,0.15,4042.35,3098.18,3436.0,337.82,West,Completed
ORD04830,2025-02-13,CUST0793,P0017,3,0.05,17284.69,10596.05,49261.37,17473.22,South,Completed
ORD01913,2025-02-13,CUST0757,P0131,5,0.0,896.08,597.69,4480.4,1491.95,West,Completed
ORD09258,2025-02-13,CUST0542,P0059,3,0.15,1247.06,804.27,3180.0,767.19,South,Completed
ORD07119,2025-02-13,CUST0424,P0072,3,0.05,28334.52,18780.23,80753.38,24412.69,West,Completed
ORD08604,2025-02-13,CUST0746,P0137,1,0.15,3327.18,2091.19,2828.1,736.91,East,Completed
ORD01113,2025-02-13,CUST0407,P0190,3,0.0,2296.71,1653.27,6890.13,1930.32,South,Completed
ORD06840,2025-02-14,CUST0885,P0193,3,0.2,8422.11,6102.6,20213.06,1905.26,North,Completed
ORD02385,2025-02-14,CUST0894,P0019,4,0.0,27844.42,18931.51,111377.68,35651.64,South,Completed
ORD01360,2025-02-14,CUST0106,P0108,1,0.1,673.74,534.39,606.37,71.98,North,Cancelled
ORD00716,2025-02-14,CUST0252,P0002,1,0.15,6203.85,4038.58,5273.27,1234.69,West,Completed
ORD05451,2025-02-14,CUST0234,P0157,4,0.0,1290.11,764.14,5160.44,2103.88,South,Completed
ORD00349,2025-02-14,CUST0610,P0146,1,0.1,11482.27,8693.26,10334.04,1640.78,South,Completed
ORD07821,2025-02-14,CUST0016,P0025,1,0.05,49570.32,37427.29,47091.8,9664.51,West,Completed
ORD05895,2025-02-14,CUST0265,P0070,1,0.05,56679.56,41863.05,53845.58,11982.53,South,Completed
ORD02913,2025-02-14,CUST0997,P0159,4,0.0,54205.42,36083.24,216821.68,72488.72,South,Completed
ORD02673,2025-02-14,CUST0133,P0023,1,0.05,29957.89,23747.89,28460.0,4712.11,South,Completed
ORD08860,2025-02-14,CUST0578,P0162,1,0.1,46811.03,27452.25,42129.93,14677.68,South,Completed
ORD06952,2025-02-14,CUST0883,P0060,3,0.1,32036.99,25220.68,86499.87,10837.83,East,Completed
ORD08241,2025-02-14,CUST0248,P0057,1,0.05,911.67,722.71,866.09,143.38,East,Completed
ORD07871,2025-02-14,CUST0640,P0192,1,0.0,20821.66,13717.57,20821.66,7104.09,West,Completed
ORD07378,2025-02-14,CUST0628,P0004,1,0.1,20696.25,15931.27,18626.62,2695.35,North,Completed
ORD04246,2025-02-14,CUST0536,P0090,2,0.05,446.05,334.33,847.5,178.84,East,Completed
ORD02406,2025-02-14,CUST0942,P0034,1,0.0,143.7,100.11,143.7,43.59,South,Completed
ORD05876,2025-02-15,CUST0578,P0126,2,0.15,41856.24,33581.85,71155.61,3991.91,South,Completed
ORD09655,2025-02-15,CUST0485,P0066,1,0.1,15521.48,11472.78,13969.33,2496.55,South,Completed
ORD01002,2025-02-15,CUST0897,P0117,3,0.05,62915.52,50890.59,179309.23,26637.46,North,Completed
ORD08334,2025-02-15,CUST0899,P0173,2,0.05,4259.82,3133.66,8093.66,1826.34,South,Completed
ORD08393,2025-02-15,CUST0257,P0176,4,0.05,9388.62,6512.18,35676.76,9628.04,East,Completed
ORD08636,2025-02-15,CUST0263,P0166,1,0.05,47059.67,34982.34,44706.69,9724.35,North,Completed
ORD05955,2025-02-15,CUST0465,P0104,3,0.15,22437.82,18159.1,57216.44,2739.14,West,Completed
ORD04687,2025-02-15,CUST0307,P0017,3,0.15,17284.69,10596.05,44075.96,12287.81,West,Completed
ORD04107,2025-02-15,CUST0186,P0124,1,0.0,38907.93,29071.02,38907.93,9836.91,North,Completed
ORD09035,2025-02-15,CUST0607,P0145,1,0.05,360.46,274.8,342.44,67.64,South,Completed
ORD00043,2025-02-15,CUST0180,P0050,5,0.0,8890.7,6907.47,44453.5,9916.15,East,Completed
ORD07828,2025-02-15,CUST0620,P0063,3,0.15,12786.65,8472.2,32605.96,7189.36,North,Completed
ORD03422,2025-02-15,CUST0387,P0012,4,0.15,4072.78,2687.49,13847.45,3097.49,West,Completed
ORD05701,2025-02-15,CUST0008,P0054,1,0.2,34828.61,21081.63,27862.89,6781.26,West,Completed
ORD09281,2025-02-15,CUST0647,P0124,1,0.1,38907.93,29071.02,35017.14,5946.12,East,Completed
ORD08873,2025-02-15,CUST0830,P0109,2,0.2,17118.52,11998.2,27389.63,3393.23,West,Completed
ORD02767,2025-02-16,CUST0262,P0159,2,0.0,54205.42,36083.24,108410.84,36244.36,West,Completed
ORD04398,2025-02-16,CUST0065,P0105,1,0.2,17543.79,10886.17,14035.03,3148.86,South,Completed
ORD06620,2025-02-16,CUST0177,P0048,1,0.1,1114.29,876.19,1002.86,126.67,South,Completed
ORD07384,2025-02-16,CUST0537,P0071,1,0.0,35759.59,27998.22,35759.59,7761.37,West,Completed
ORD00726,2025-02-16,CUST0179,P0043,3,0.05,528.82,390.77,1507.14,334.83,West,Completed
ORD09383,2025-02-16,CUST0997,P0004,1,0.05,20696.25,15931.27,19661.44,3730.17,South,Completed
ORD07431,2025-02-16,CUST0840,P0151,2,0.0,5830.9,4665.5,11661.8,2330.8,South,Cancelled
ORD04952,2025-02-16,CUST0690,P0089,2,0.15,74892.61,50603.0,127317.44,26111.44,North,Completed
ORD00803,2025-02-16,CUST0066,P0060,3,0.1,32036.99,25220.68,86499.87,10837.83,West,Completed
ORD05151,2025-02-16,CUST0599,P0146,3,0.15,11482.27,8693.26,29279.79,3200.01,West,Completed
ORD09326,2025-02-16,CUST0056,P0153,5,0.15,318.53,240.18,1353.75,152.85,North,Completed
ORD08267,2025-02-16,CUST0749,P0006,2,0.05,51610.25,30768.51,98059.48,36522.46,West,Cancelled
ORD03462,2025-02-16,CUST0276,P0163,4,0.05,3768.33,3060.43,14319.65,2077.93,South,Completed
ORD04499,2025-02-16,CUST0379,P0146,2,0.0,11482.27,8693.26,22964.54,5578.02,North,Completed
ORD05963,2025-02-16,CUST0403,P0006,3,0.0,51610.25,30768.51,154830.75,62525.22,South,Pending
ORD05074,2025-02-16,CUST0542,P0145,1,0.1,360.46,274.8,324.41,49.61,South,Completed
ORD03623,2025-02-16,CUST0560,P0192,1,0.1,20821.66,13717.57,18739.49,5021.92,West,Completed
ORD00032,2025-02-16,CUST0952,P0065,2,0.1,21598.4,14583.7,38877.12,9709.72,East,Completed
ORD07877,2025-02-16,CUST0664,P0029,1,0.05,1310.65,844.84,1245.12,400.28,West,Completed
ORD02336,2025-02-17,CUST0771,P0026,1,0.05,53440.86,40308.66,50768.82,10460.16,West,Completed
ORD00413,2025-02-17,CUST0761,P0171,1,0.1,39010.06,29472.11,35109.05,5636.94,North,Completed
ORD00552,2025-02-17,CUST0017,P0190,2,0.0,2296.71,1653.27,4593.42,1286.88,South,Completed
ORD08863,2025-02-17,CUST0368,P0054,1,0.05,34828.61,21081.63,33087.18,12005.55,North,Completed
ORD06249,2025-02-17,CUST0176,P0185,3,0.1,76508.26,54062.35,206572.3,44385.25,West,Completed
ORD08074,2025-02-17,CUST0522,P0169,4,0.15,12339.56,8305.1,41954.5,8734.1,East,Cancelled
ORD04494,2025-02-17,CUST0461,P0199,3,0.1,404.58,321.41,1092.37,128.14,West,Completed
ORD03795,2025-02-17,CUST0158,P0197,1,0.0,15133.72,11886.63,15133.72,3247.09,South,Completed
ORD09657,2025-02-17,CUST0872,P0053,2,0.0,422.63,329.18,845.26,186.9,South,Completed
ORD00002,2025-02-17,CUST0246,P0179,1,0.1,12818.17,8758.44,11536.35,2777.91,South,Completed
ORD09242,2025-02-17,CUST0105,P0099,2,0.0,908.9,743.94,1817.8,329.92,South,Completed
ORD02654,2025-02-17,CUST0965,P0032,1,0.05,39614.35,24714.41,37633.63,12919.22,North,Completed
ORD09579,2025-02-17,CUST0493,P0075,1,0.1,6740.18,4364.5,6066.16,1701.66,East,Pending
ORD09721,2025-02-17,CUST0621,P0172,1,0.1,53066.45,36105.87,47759.8,11653.93,West,Completed
ORD02145,2025-02-17,CUST0988,P0196,1,0.15,385.78,231.62,327.91,96.29,South,Completed
ORD09167,2025-02-18,CUST0383,P0045,3,0.1,2217.01,1355.93,5985.93,1918.14,North,Completed
ORD06233,2025-02-18,CUST0154,P0134,2,0.15,34117.69,25387.96,58000.07,7224.15,South,Completed
ORD08303,2025-02-18,CUST0529,P0198,1,0.2,715.13,510.57,572.1,61.53,South,Completed
ORD00126,2025-02-18,CUST0259,P0044,3,0.1,59463.82,38619.72,160552.31,44693.15,South,Completed
ORD03064,2025-02-18,CUST0713,P0103,1,0.1,585.19,454.75,526.67,71.92,West,Completed
ORD01833,2025-02-18,CUST0560,P0075,3,0.0,6740.18,4364.5,20220.54,7127.04,West,Completed
ORD02831,2025-02-18,CUST0543,P0198,1,0.1,715.13,510.57,643.62,133.05,East,Completed
ORD00652,2025-02-18,CUST0038,P0185,1,0.05,76508.26,54062.35,72682.85,18620.5,North,Completed
ORD03848,2025-02-18,CUST0402,P0193,1,0.15,8422.11,6102.6,7158.79,1056.19,North,Completed
ORD00909,2025-02-18,CUST0650,P0174,1,0.1,46343.47,28863.63,41709.12,12845.49,South,Completed
ORD02911,2025-02-18,CUST0605,P0195,3,0.1,15240.21,11813.53,41148.57,5707.98,West,Completed
ORD01607,2025-02-18,CUST0422,P0198,3,0.05,715.13,510.57,2038.12,506.41,West,Completed
ORD04457,2025-02-18,CUST0880,P0067,1,0.05,5933.02,4559.02,5636.37,1077.35,East,Pending
ORD00741,2025-02-18,CUST0563,P0089,2,0.05,74892.61,50603.0,142295.96,41089.96,West,Completed
ORD02283,2025-02-18,CUST0250,P0156,3,0.05,44665.09,34536.09,127295.51,23687.24,North,Pending
ORD02153,2025-02-18,CUST0661,P0009,1,0.0,724.93,490.11,724.93,234.82,North,Completed
ORD03672,2025-02-18,CUST0913,P0179,2,0.1,12818.17,8758.44,23072.71,5555.83,North,Completed
ORD05953,2025-02-19,CUST0427,P0153,1,0.0,318.53,240.18,318.53,78.35,North,Completed
ORD00668,2025-02-19,CUST0167,P0032,1,0.0,39614.35,24714.41,39614.35,14899.94,South,Completed
ORD04075,2025-02-19,CUST0735,P0127,1,0.1,37425.34,27064.21,33682.81,6618.6,West,Completed
ORD06987,2025-02-19,CUST0333,P0023,5,0.15,29957.89,23747.89,127321.03,8581.58,East,Completed
ORD00684,2025-02-19,CUST0311,P0137,3,0.0,3327.18,2091.19,9981.54,3707.97,North,Completed
ORD03066,2025-02-19,CUST0287,P0099,1,0.0,908.9,743.94,908.9,164.96,South,Completed
ORD08525,2025-02-19,CUST0133,P0036,3,0.0,1008.83,797.09,3026.49,635.22,South,Completed
ORD01836,2025-02-19,CUST0371,P0027,1,0.0,20926.64,14284.36,20926.64,6642.28,North,Completed
ORD09858,2025-02-19,CUST0328,P0083,2,0.05,374.27,289.15,711.11,132.81,West,Pending
ORD04891,2025-02-19,CUST0019,P0133,5,0.05,30154.78,21233.5,143235.2,37067.7,West,Completed
ORD05573,2025-02-19,CUST0235,P0136,1,0.1,3029.54,2200.52,2726.59,526.07,East,Completed
ORD05819,2025-02-19,CUST0508,P0058,1,0.0,7347.4,4878.31,7347.4,2469.09,West,Completed
ORD08371,2025-02-19,CUST0601,P0050,2,0.15,8890.7,6907.47,15114.19,1299.25,East,Completed
ORD00847,2025-02-19,CUST0184,P0106,5,0.05,526.46,370.01,2500.68,650.63,West,Completed
ORD06563,2025-02-19,CUST0608,P0193,3,0.0,8422.11,6102.6,25266.33,6958.53,West,Completed
ORD03158,2025-02-19,CUST0541,P0037,1,0.15,58358.81,45854.58,49604.99,3750.41,South,Completed
ORD06350,2025-02-20,CUST0122,P0174,1,0.15,46343.47,28863.63,39391.95,10528.32,East,Completed
ORD05614,2025-02-20,CUST0464,P0165,4,0.1,728.57,514.38,2622.85,565.33,East,Completed
ORD01652,2025-02-20,CUST0521,P0010,3,0.0,16072.59,10816.67,48217.77,15767.76,North,Completed
ORD00644,2025-02-20,CUST0822,P0099,1,0.0,908.9,743.94,908.9,164.96,North,Completed
ORD09159,2025-02-20,CUST0245,P0046,3,0.0,61902.8,37121.36,185708.4,74344.32,North,Completed
ORD08565,2025-02-20,CUST0006,P0053,1,0.0,422.63,329.18,422.63,93.45,South,Completed
ORD02217,2025-02-20,CUST0919,P0168,3,0.2,1780.85,1042.33,4274.04,1147.05,East,Completed
ORD06720,2025-02-20,CUST0733,P0063,2,0.0,12786.65,8472.2,25573.3,8628.9,South,Completed
ORD03201,2025-02-20,CUST0585,P0158,2,0.1,33125.35,22293.09,59625.63,15039.45,East,Cancelled
ORD08619,2025-02-20,CUST0509,P0152,4,0.05,5896.48,4498.55,22406.62,4412.42,West,Cancelled
ORD00580,2025-02-20,CUST0728,P0191,1,0.0,8442.75,6441.23,8442.75,2001.52,West,Completed
ORD05173,2025-02-20,CUST0624,P0069,3,0.1,196.15,126.8,529.6,149.2,East,Completed
ORD05203,2025-02-20,CUST0107,P0095,4,0.15,9513.49,6495.4,32345.87,6364.27,East,Completed
ORD09321,2025-02-20,CUST0172,P0089,1,0.1,74892.61,50603.0,67403.35,16800.35,South,Completed
ORD07388,2025-02-21,CUST0402,P0180,1,0.0,23838.69,16889.32,23838.69,6949.37,North,Completed
ORD03796,2025-02-21,CUST0532,P0136,4,0.1,3029.54,2200.52,10906.34,2104.26,West,Completed
ORD01484,2025-02-21,CUST0683,P0073,2,0.05,15561.42,10813.46,29566.7,7939.78,North,Completed
ORD06185,2025-02-21,CUST0719,P0149,3,0.05,2427.19,1691.68,6917.49,1842.45,West,Completed
ORD08722,2025-02-21,CUST0490,P0173,2,0.05,4259.82,3133.66,8093.66,1826.34,West,Completed
ORD06745,2025-02-21,CUST0277,P0050,1,0.1,8890.7,6907.47,8001.63,1094.16,West,Completed
ORD07435,2025-02-21,CUST0157,P0053,4,0.0,422.63,329.18,1690.52,373.8,South,Pending
ORD07738,2025-02-21,CUST0068,P0086,1,0.1,519.82,398.56,467.84,69.28,North,Completed
ORD09334,2025-02-21,CUST0885,P0191,1,0.0,8442.75,6441.23,8442.75,2001.52,North,Cancelled
ORD00588,2025-02-21,CUST0146,P0147,1,0.05,22737.01,13458.16,21600.16,8142.0,West,Completed
ORD03478,2025-02-22,CUST0068,P0065,1,0.1,21598.4,14583.7,19438.56,4854.86,North,Completed
ORD06073,2025-02-22,CUST0892,P0101,1,0.15,51632.3,38843.18,43887.46,5044.28,South,Completed
ORD09397,2025-02-22,CUST0743,P0090,2,0.0,446.05,334.33,892.1,223.44,North,Completed
ORD09331,2025-02-22,CUST0517,P0070,3,0.0,56679.56,41863.05,170038.68,44449.53,East,Completed
ORD07679,2025-02-22,CUST0509,P0103,1,0.0,585.19,454.75,585.19,130.44,West,Completed
ORD08456,2025-02-22,CUST0071,P0013,1,0.05,8923.66,6594.73,8477.48,1882.75,West,Completed
ORD04473,2025-02-22,CUST0081,P0146,1,0.0,11482.27,8693.26,11482.27,2789.01,East,Completed
ORD05069,2025-02-22,CUST0728,P0140,2,0.0,12142.58,7367.6,24285.16,9549.96,West,Completed
ORD01010,2025-02-22,CUST0898,P0196,2,0.0,385.78,231.62,771.56,308.32,South,Completed
ORD00799,2025-02-22,CUST0770,P0113,2,0.05,26426.25,19479.69,50209.88,11250.5,North,Completed
ORD07486,2025-02-22,CUST0884,P0068,1,0.1,41326.98,32432.51,37194.28,4761.77,North,Completed
ORD03080,2025-02-22,CUST0831,P0008,2,0.1,68633.55,51583.32,123540.39,20373.75,West,Completed
ORD01599,2025-02-22,CUST0144,P0005,1,0.0,759.62,541.79,759.62,217.83,South,Completed
ORD05289,2025-02-22,CUST0797,P0111,2,0.05,32818.12,23699.05,62354.43,14956.33,East,Completed
ORD03256,2025-02-22,CUST0037,P0025,5,0.05,49570.32,37427.29,235459.02,48322.57,East,Completed
ORD04297,2025-02-22,CUST0687,P0064,2,0.1,20038.07,13846.76,36068.53,8375.01,East,Completed
ORD00980,2025-02-23,CUST0203,P0160,2,0.05,680.29,502.6,1292.55,287.35,East,Completed
ORD00962,2025-02-23,CUST0147,P0061,1,0.1,49224.25,33194.34,44301.82,11107.48,East,Completed
ORD08413,2025-02-23,CUST0664,P0129,1,0.1,43850.97,27932.89,39465.87,11532.98,West,Completed
ORD00157,2025-02-23,CUST0544,P0105,3,0.15,17543.79,10886.17,44736.66,12078.15,East,Completed
ORD01566,2025-02-23,CUST0229,P0144,1,0.0,501.46,362.98,501.46,138.48,West,Completed
ORD01470,2025-02-23,CUST0031,P0144,5,0.05,501.46,362.98,2381.93,567.03,South,Completed
ORD03221,2025-02-23,CUST0048,P0190,3,0.1,2296.71,1653.27,6201.12,1241.31,South,Completed
ORD00917,2025-02-23,CUST0225,P0147,1,0.15,22737.01,13458.16,19326.46,5868.3,East,Completed
ORD02719,2025-02-23,CUST0044,P0019,1,0.05,27844.42,18931.51,26452.2,7520.69,North,Completed
ORD07634,2025-02-24,CUST0343,P0171,1,0.15,39010.06,29472.11,33158.55,3686.44,South,Completed
ORD05322,2025-02-24,CUST0769,P0109,2,0.05,17118.52,11998.2,32525.19,8528.79,South,Completed
ORD02404,2025-02-24,CUST0702,P0097,1,0.05,11100.34,7751.47,10545.32,2793.85,West,Completed
ORD03081,2025-02-24,CUST0203,P0123,1,0.15,77212.89,61788.48,65630.96,3842.48,East,Completed
ORD00965,2025-02-24,CUST0349,P0168,1,0.1,1780.85,1042.33,1602.76,560.43,South,Completed
ORD02912,2025-02-24,CUST0932,P0114,2,0.05,16683.02,10299.86,31697.74,11098.02,East,Completed
ORD06129,2025-02-24,CUST0018,P0130,3,0.1,58219.77,46803.43,157193.38,16783.09,West,Completed
ORD01683,2025-02-24,CUST0606,P0127,1,0.1,37425.34,27064.21,33682.81,6618.6,South,Completed
ORD04926,2025-02-24,CUST0123,P0175,1,0.0,791.76,614.23,791.76,177.53,North,Completed
ORD00135,2025-02-24,CUST0971,P0081,1,0.1,11112.68,6733.47,10001.41,3267.94,East,Completed
ORD00211,2025-02-24,CUST0671,P0090,3,0.0,446.05,334.33,1338.15,335.16,West,Completed
ORD04986,2025-02-24,CUST0269,P0172,2,0.0,53066.45,36105.87,106132.9,33921.16,East,Pending
ORD06646,2025-02-24,CUST0245,P0028,1,0.05,1126.53,825.36,1070.2,244.84,North,Completed
ORD06115,2025-02-24,CUST0464,P0168,3,0.05,1780.85,1042.33,5075.42,1948.43,East,Completed
ORD04956,2025-02-24,CUST0623,P0166,3,0.05,47059.67,34982.34,134120.06,29173.04,West,Completed
ORD09695,2025-02-25,CUST0110,P0171,1,0.0,39010.06,29472.11,39010.06,9537.95,West,Completed
ORD05236,2025-02-25,CUST0450,P0068,3,0.05,41326.98,32432.51,117781.89,20484.36,South,Completed
ORD00155,2025-02-25,CUST0188,P0186,2,0.05,36288.91,28203.52,68948.93,12541.89,East,Completed
ORD09435,2025-02-25,CUST0884,P0042,2,0.05,10683.47,6548.45,20298.59,7201.69,North,Completed
ORD03710,2025-02-25,CUST0510,P0041,2,0.0,4003.54,2383.24,8007.08,3240.6,West,Completed
ORD06599,2025-02-25,CUST0795,P0148,3,0.15,15484.78,9786.06,39486.19,10128.01,North,Completed
ORD07691,2025-02-25,CUST0397,P0094,1,0.0,77812.86,47690.34,77812.86,30122.52,East,Completed
ORD01659,2025-02-25,CUST0051,P0195,3,0.1,15240.21,11813.53,41148.57,5707.98,West,Completed
ORD05605,2025-02-25,CUST0673,P0196,1,0.05,385.78,231.62,366.49,134.87,South,Completed
ORD03214,2025-02-25,CUST0716,P0038,1,0.05,25137.53,20080.78,23880.65,3799.87,North,Completed
ORD08352,2025-02-25,CUST0859,P0062,2,0.05,7214.7,5874.11,13707.93,1959.71,South,Completed
ORD00888,2025-02-25,CUST0369,P0104,3,0.1,22437.82,18159.1,60582.11,6104.81,West,Completed
ORD04148,2025-02-25,CUST0539,P0164,3,0.15,8324.94,6438.05,21228.6,1914.45,East,Completed
ORD02648,2025-02-25,CUST0163,P0001,1,0.05,796.95,617.19,757.1,139.91,East,Pending
ORD06107,2025-02-25,CUST0273,P0135,1,0.0,644.55,462.91,644.55,181.64,East,Completed
ORD05024,2025-02-25,CUST0923,P0112,3,0.1,20043.19,13117.75,54116.61,14763.36,South,Completed
ORD05010,2025-02-26,CUST0056,P0018,2,0.05,4596.19,2818.15,8732.76,3096.46,North,Completed
ORD07808,2025-02-26,CUST0407,P0136,3,0.15,3029.54,2200.52,7725.33,1123.77,South,Completed
ORD08850,2025-02-26,CUST0502,P0177,3,0.15,783.92,493.62,1999.0,518.14,South,Completed
ORD02545,2025-02-26,CUST0276,P0160,1,0.0,680.29,502.6,680.29,177.69,South,Completed
ORD07678,2025-02-26,CUST0576,P0014,1,0.15,18597.52,13817.51,15807.89,1990.38,East,Completed
ORD06228,2025-02-26,CUST0890,P0080,2,0.05,67342.32,40846.14,127950.41,46258.13,North,Completed
ORD03470,2025-02-26,CUST0154,P0124,1,0.0,38907.93,29071.02,38907.93,9836.91,South,Cancelled
ORD00872,2025-02-26,CUST0657,P0179,2,0.1,12818.17,8758.44,23072.71,5555.83,South,Completed
ORD00262,2025-02-26,CUST0221,P0030,1,0.05,23508.75,18216.9,22333.31,4116.41,West,Completed
ORD05537,2025-02-26,CUST0163,P0106,5,0.15,526.46,370.01,2237.46,387.41,East,Completed
ORD03885,2025-02-26,CUST0434,P0152,2,0.0,5896.48,4498.55,11792.96,2795.86,East,Completed
ORD02618,2025-02-26,CUST0166,P0079,2,0.15,409.51,310.64,696.17,74.89,North,Completed
ORD09269,2025-02-26,CUST0846,P0187,1,0.2,184.91,120.68,147.93,27.25,West,Completed
ORD03253,2025-02-26,CUST0920,P0016,3,0.15,20196.29,11952.43,51500.54,15643.25,West,Completed
ORD07211,2025-02-26,CUST0579,P0180,3,0.1,23838.69,16889.32,64364.46,13696.5,North,Completed
ORD03762,2025-02-26,CUST0662,P0142,4,0.05,4782.08,3282.92,18171.9,5040.22,East,Completed
ORD09332,2025-02-27,CUST0618,P0180,1,0.15,23838.69,16889.32,20262.89,3373.57,South,Completed
ORD08775,2025-02-27,CUST0086,P0148,1,0.15,15484.78,9786.06,13162.06,3376.0,West,Pending
ORD07402,2025-02-27,CUST0183,P0194,2,0.0,13118.34,8489.04,26236.68,9258.6,South,Completed
ORD06264,2025-02-27,CUST0634,P0116,1,0.0,41570.44,24508.05,41570.44,17062.39,West,Completed
ORD06267,2025-02-27,CUST0967,P0162,1,0.05,46811.03,27452.25,44470.48,17018.23,South,Completed
ORD07849,2025-02-27,CUST0353,P0129,1,0.05,43850.97,27932.89,41658.42,13725.53,East,Cancelled
ORD05733,2025-02-27,CUST0212,P0164,2,0.05,8324.94,6438.05,15817.39,2941.29,South,Completed
ORD03031,2025-02-27,CUST0968,P0051,1,0.1,57445.48,35926.8,51700.93,15774.13,South,Completed
ORD04868,2025-02-27,CUST0640,P0029,2,0.0,1310.65,844.84,2621.3,931.62,West,Completed
ORD04498,2025-02-27,CUST0912,P0052,1,0.05,7440.54,4865.29,7068.51,2203.22,East,Completed
ORD02592,2025-02-27,CUST0810,P0090,2,0.05,446.05,334.33,847.5,178.84,North,Cancelled
ORD09855,2025-02-27,CUST0116,P0200,3,0.15,37954.59,28614.99,96784.2,10939.23,West,Completed
ORD06252,2025-02-27,CUST0211,P0058,4,0.1,7347.4,4878.31,26450.64,6937.4,West,Completed
ORD00768,2025-02-27,CUST0536,P0009,2,0.2,724.93,490.11,1159.89,179.67,East,Completed
ORD08004,2025-02-27,CUST0261,P0033,4,0.1,54569.41,31985.14,196449.88,68509.32,North,Completed
ORD05399,2025-02-28,CUST0025,P0021,2,0.05,6878.25,5112.71,13068.68,2843.26,South,Completed
ORD02944,2025-02-28,CUST0144,P0111,1,0.15,32818.12,23699.05,27895.4,4196.35,South,Completed
ORD01673,2025-02-28,CUST0323,P0043,1,0.0,528.82,390.77,528.82,138.05,East,Completed
ORD02895,2025-02-28,CUST0139,P0130,2,0.0,58219.77,46803.43,116439.54,22832.68,West,Completed
ORD00490,2025-02-28,CUST0372,P0120,1,0.15,57866.38,42176.37,49186.42,7010.05,North,Completed
ORD07443,2025-02-28,CUST0114,P0008,3,0.0,68633.55,51583.32,205900.65,51150.69,South,Completed
ORD08067,2025-02-28,CUST0089,P0113,2,0.1,26426.25,19479.69,47567.25,8607.87,South,Completed
ORD07604,2025-02-28,CUST0293,P0069,3,0.0,196.15,126.8,588.45,208.05,West,Completed
ORD09955,2025-03-01,CUST0295,P0059,5,0.05,1247.06,804.27,5923.53,1902.18,South,Cancelled
ORD04904,2025-03-01,CUST0860,P0003,2,0.05,15581.84,9713.54,29605.5,10178.42,South,Completed
ORD03904,2025-03-01,CUST0183,P0052,1,0.05,7440.54,4865.29,7068.51,2203.22,South,Completed
ORD06596,2025-03-01,CUST0751,P0179,1,0.0,12818.17,8758.44,12818.17,4059.73,West,Completed
ORD08287,2025-03-01,CUST0548,P0193,1,0.15,8422.11,6102.6,7158.79,1056.19,West,Completed
ORD03886,2025-03-01,CUST0144,P0178,2,0.1,4042.35,3098.18,7276.23,1079.87,South,Completed
ORD06180,2025-03-01,CUST0847,P0131,1,0.15,896.08,597.69,761.67,163.98,East,Completed
ORD01442,2025-03-01,CUST0029,P0152,4,0.1,5896.48,4498.55,21227.33,3233.13,North,Completed
ORD01944,2025-03-01,CUST0928,P0024,2,0.1,792.84,470.21,1427.11,486.69,North,Completed
ORD02658,2025-03-01,CUST0857,P0004,2,0.05,20696.25,15931.27,39322.88,7460.34,South,Pending
ORD03751,2025-03-01,CUST0055,P0094,2,0.2,77812.86,47690.34,124500.58,29119.9,East,Completed
ORD00645,2025-03-01,CUST0479,P0124,4,0.1,38907.93,29071.02,140068.55,23784.47,North,Completed
ORD02243,2025-03-01,CUST0261,P0027,1,0.0,20926.64,14284.36,20926.64,6642.28,North,Completed
ORD05906,2025-03-01,CUST0326,P0115,2,0.0,9526.21,7338.52,19052.42,4375.38,North,Pending
ORD02340,2025-03-01,CUST0459,P0052,2,0.1,7440.54,4865.29,13392.97,3662.39,South,Completed
ORD05493,2025-03-02,CUST0368,P0053,1,0.05,422.63,329.18,401.5,72.32,North,Pending
ORD02113,2025-03-02,CUST0995,P0122,2,0.15,17942.76,13133.8,30502.69,4235.09,East,Cancelled
ORD02843,2025-03-02,CUST0016,P0156,1,0.0,44665.09,34536.09,44665.09,10129.0,West,Completed
ORD07529,2025-03-02,CUST0729,P0190,3,0.1,2296.71,1653.27,6201.12,1241.31,South,Cancelled
ORD02772,2025-03-02,CUST0692,P0091,1,0.1,49350.46,32483.04,44415.41,11932.37,North,Completed
ORD06167,2025-03-02,CUST0950,P0009,4,0.15,724.93,490.11,2464.76,504.32,East,Cancelled
ORD02178,2025-03-02,CUST0849,P0093,2,0.1,10189.0,5911.08,18340.2,6518.04,West,Completed
ORD02746,2025-03-02,CUST0489,P0141,2,0.15,1748.75,1100.65,2972.88,771.58,South,Completed
ORD08275,2025-03-02,CUST0847,P0028,2,0.2,1126.53,825.36,1802.45,151.73,East,Completed
ORD08820,2025-03-02,CUST0114,P0190,3,0.1,2296.71,1653.27,6201.12,1241.31,South,Completed
ORD05997,2025-03-03,CUST0133,P0092,5,0.0,41737.72,32410.53,208688.6,46635.95,South,Completed
ORD08654,2025-03-03,CUST0367,P0115,4,0.05,9526.21,7338.52,36199.6,6845.52,North,Completed
ORD02584,2025-03-03,CUST0598,P0036,1,0.1,1008.83,797.09,907.95,110.86,South,Completed
ORD05316,2025-03-03,CUST0211,P0150,1,0.05,53462.03,36715.83,50788.93,14073.1,West,Completed
ORD04437,2025-03-03,CUST0473,P0077,2,0.05,50047.7,37709.36,95090.63,19671.91,West,Completed
ORD06736,2025-03-03,CUST0952,P0083,2,0.1,374.27,289.15,673.69,95.39,East,Completed
ORD00866,2025-03-03,CUST0946,P0124,2,0.1,38907.93,29071.02,70034.27,11892.23,West,Pending
ORD06941,2025-03-03,CUST0029,P0064,1,0.05,20038.07,13846.76,19036.17,5189.41,North,Completed
ORD07004,2025-03-03,CUST0395,P0007,1,0.15,8223.62,4942.96,6990.08,2047.12,North,Completed
ORD02161,2025-03-03,CUST0849,P0178,5,0.1,4042.35,3098.18,18190.58,2699.68,West,Completed
ORD00081,2025-03-03,CUST0542,P0086,1,0.0,519.82,398.56,519.82,121.26,South,Completed
ORD08484,2025-03-03,CUST0176,P0142,4,0.05,4782.08,3282.92,18171.9,5040.22,West,Completed
ORD03831,2025-03-03,CUST0300,P0145,1,0.05,360.46,274.8,342.44,67.64,North,Completed
ORD09275,2025-03-03,CUST0462,P0101,4,0.05,51632.3,38843.18,196202.74,40830.02,North,Completed
ORD09402,2025-03-03,CUST0860,P0194,4,0.05,13118.34,8489.04,49849.69,15893.53,South,Completed
ORD05930,2025-03-03,CUST0820,P0116,2,0.15,41570.44,24508.05,70669.75,21653.65,West,Completed
ORD04247,2025-03-03,CUST0718,P0044,1,0.0,59463.82,38619.72,59463.82,20844.1,West,Completed
ORD01181,2025-03-03,CUST0103,P0168,1,0.15,1780.85,1042.33,1513.72,471.39,South,Completed
ORD05846,2025-03-03,CUST0133,P0139,1,0.0,26827.4,18117.75,26827.4,8709.65,South,Completed
ORD00742,2025-03-03,CUST0579,P0178,1,0.0,4042.35,3098.18,4042.35,944.17,North,Completed
ORD07409,2025-03-03,CUST0392,P0060,2,0.0,32036.99,25220.68,64073.98,13632.62,North,Completed
ORD01157,2025-03-03,CUST0129,P0050,5,0.1,8890.7,6907.47,40008.15,5470.8,West,Completed
ORD08751,2025-03-03,CUST0371,P0188,1,0.0,5272.37,3130.49,5272.37,2141.88,North,Completed
ORD02426,2025-03-03,CUST0546,P0084,1,0.1,52737.3,39276.81,47463.57,8186.76,North,Completed
ORD04946,2025-03-04,CUST0506,P0045,1,0.1,2217.01,1355.93,1995.31,639.38,North,Completed
ORD01938,2025-03-04,CUST0801,P0024,2,0.1,792.84,470.21,1427.11,486.69,East,Completed
ORD07304,2025-03-04,CUST0364,P0002,2,0.05,6203.85,4038.58,11787.32,3710.16,North,Completed
ORD07657,2025-03-04,CUST0217,P0135,2,0.0,644.55,462.91,1289.1,363.28,West,Completed
ORD05950,2025-03-04,CUST0526,P0023,3,0.1,29957.89,23747.89,80886.3,9642.63,South,Completed
ORD04517,2025-03-04,CUST0905,P0170,1,0.0,750.66,462.97,750.66,287.69,South,Completed
ORD09660,2025-03-04,CUST0864,P0064,1,0.05,20038.07,13846.76,19036.17,5189.41,South,Completed
ORD03028,2025-03-04,CUST0125,P0142,1,0.2,4782.08,3282.92,3825.66,542.74,South,Completed
ORD06858,2025-03-04,CUST0710,P0070,3,0.0,56679.56,41863.05,170038.68,44449.53,West,Completed
ORD05090,2025-03-04,CUST0622,P0039,5,0.05,1717.54,1277.52,8158.32,1770.72,East,Completed
ORD02139,2025-03-05,CUST0480,P0129,1,0.1,43850.97,27932.89,39465.87,11532.98,West,Pending
ORD03802,2025-03-05,CUST0167,P0171,3,0.15,39010.06,29472.11,99475.65,11059.32,South,Completed
ORD02395,2025-03-05,CUST0199,P0074,1,0.15,40981.75,23771.65,34834.49,11062.84,North,Completed
ORD00134,2025-03-05,CUST0898,P0022,3,0.0,68945.25,50670.94,206835.75,54822.93,South,Completed
ORD08885,2025-03-05,CUST0290,P0155,4,0.0,9808.49,7104.6,39233.96,10815.56,North,Completed
ORD02500,2025-03-05,CUST0080,P0143,5,0.1,56727.96,35563.32,255275.82,77459.22,West,Completed
ORD06326,2025-03-05,CUST0640,P0088,2,0.05,58121.47,37608.48,110430.79,35213.83,West,Cancelled
ORD02131,2025-03-05,CUST0171,P0024,3,0.2,792.84,470.21,1902.82,492.19,South,Completed
ORD03506,2025-03-05,CUST0790,P0059,1,0.1,1247.06,804.27,1122.35,318.08,South,Completed
ORD08653,2025-03-05,CUST0343,P0187,5,0.15,184.91,120.68,785.87,182.47,South,Completed
ORD02008,2025-03-06,CUST0226,P0142,3,0.05,4782.08,3282.92,13628.93,3780.17,East,Completed
ORD07917,2025-03-06,CUST0963,P0119,2,0.15,11965.18,9132.35,20340.81,2076.11,South,Completed
ORD06110,2025-03-06,CUST0210,P0050,2,0.1,8890.7,6907.47,16003.26,2188.32,East,Completed
ORD01070,2025-03-06,CUST0698,P0096,1,0.0,22714.55,15565.72,22714.55,7148.83,North,Completed
ORD07825,2025-03-06,CUST0706,P0068,1,0.0,41326.98,32432.51,41326.98,8894.47,East,Completed
ORD04997,2025-03-06,CUST0562,P0158,1,0.0,33125.35,22293.09,33125.35,10832.26,West,Completed
ORD01200,2025-03-06,CUST0216,P0075,1,0.0,6740.18,4364.5,6740.18,2375.68,South,Completed
ORD04817,2025-03-06,CUST0203,P0170,1,0.1,750.66,462.97,675.59,212.62,East,Completed
ORD04574,2025-03-06,CUST0569,P0078,1,0.05,66750.32,43644.61,63412.8,19768.19,West,Completed
ORD09022,2025-03-06,CUST0794,P0153,5,0.0,318.53,240.18,1592.65,391.75,West,Completed
ORD02357,2025-03-06,CUST0225,P0194,2,0.1,13118.34,8489.04,23613.01,6634.93,East,Completed
ORD04965,2025-03-07,CUST0425,P0045,2,0.0,2217.01,1355.93,4434.02,1722.16,West,Completed
ORD08114,2025-03-07,CUST0355,P0158,2,0.2,33125.35,22293.09,53000.56,8414.38,North,Completed
ORD05732,2025-03-07,CUST0498,P0158,3,0.2,33125.35,22293.09,79500.84,12621.57,West,Pending
ORD00395,2025-03-07,CUST0975,P0103,5,0.0,585.19,454.75,2925.95,652.2,North,Completed
ORD08976,2025-03-07,CUST0053,P0073,1,0.0,15561.42,10813.46,15561.42,4747.96,East,Completed
ORD06022,2025-03-07,CUST0831,P0087,4,0.05,11879.48,8267.83,45142.02,12070.7,West,Completed
ORD00284,2025-03-07,CUST0658,P0123,1,0.2,77212.89,61788.48,61770.31,-18.17,North,Completed
ORD07112,2025-03-07,CUST0973,P0098,2,0.0,15055.62,11767.46,30111.24,6576.32,South,Pending
ORD00625,2025-03-07,CUST0827,P0120,1,0.1,57866.38,42176.37,52079.74,9903.37,West,Completed
ORD08887,2025-03-07,CUST0061,P0148,1,0.05,15484.78,9786.06,14710.54,4924.48,West,Cancelled
ORD00867,2025-03-07,CUST0464,P0151,1,0.15,5830.9,4665.5,4956.26,290.76,East,Pending
ORD09844,2025-03-07,CUST0180,P0067,2,0.0,5933.02,4559.02,11866.04,2748.0,East,Completed
ORD03933,2025-03-08,CUST0103,P0110,1,0.05,30098.59,20298.4,28593.66,8295.26,South,Completed
ORD02263,2025-03-08,CUST0476,P0118,1,0.05,36939.5,23012.67,35092.52,12079.85,South,Completed
ORD08578,2025-03-08,CUST0154,P0004,2,0.1,20696.25,15931.27,37253.25,5390.71,South,Cancelled
ORD05374,2025-03-08,CUST0898,P0062,1,0.05,7214.7,5874.11,6853.96,979.85,South,Completed
ORD07920,2025-03-08,CUST0923,P0096,3,0.2,22714.55,15565.72,54514.92,7817.76,South,Completed
ORD05089,2025-03-08,CUST0047,P0081,1,0.1,11112.68,6733.47,10001.41,3267.94,East,Completed
ORD05970,2025-03-08,CUST0373,P0191,1,0.15,8442.75,6441.23,7176.34,735.11,North,Completed
ORD03092,2025-03-08,CUST0911,P0106,4,0.0,526.46,370.01,2105.84,625.8,West,Cancelled
ORD01102,2025-03-08,CUST0394,P0093,5,0.15,10189.0,5911.08,43303.25,13747.85,South,Completed
ORD04598,2025-03-08,CUST0837,P0168,1,0.1,1780.85,1042.33,1602.76,560.43,West,Completed
ORD06861,2025-03-08,CUST0850,P0067,3,0.1,5933.02,4559.02,16019.15,2342.09,West,Completed
ORD09983,2025-03-08,CUST0760,P0030,1,0.0,23508.75,18216.9,23508.75,5291.85,South,Pending
ORD06917,2025-03-08,CUST0320,P0185,2,0.0,76508.26,54062.35,153016.52,44891.82,West,Completed
ORD03056,2025-03-08,CUST0799,P0046,1,0.15,61902.8,37121.36,52617.38,15496.02,East,Cancelled
ORD03053,2025-03-08,CUST0651,P0072,5,0.05,28334.52,18780.23,134588.97,40687.82,West,Pending
ORD04795,2025-03-09,CUST0691,P0200,2,0.0,37954.59,28614.99,75909.18,18679.2,East,Completed
ORD00657,2025-03-09,CUST0494,P0100,1,0.0,36262.87,22462.27,36262.87,13800.6,South,Completed
ORD09894,2025-03-09,CUST0476,P0116,3,0.15,41570.44,24508.05,106004.62,32480.47,South,Cancelled
ORD06321,2025-03-09,CUST0813,P0033,1,0.15,54569.41,31985.14,46384.0,14398.86,East,Completed
ORD08202,2025-03-09,CUST0539,P0094,1,0.0,77812.86,47690.34,77812.86,30122.52,East,Cancelled
ORD01188,2025-03-09,CUST0763,P0085,2,0.05,73872.61,56554.21,140357.96,27249.54,South,Completed
ORD00942,2025-03-09,CUST0493,P0044,3,0.1,59463.82,38619.72,160552.31,44693.15,East,Completed
ORD07984,2025-03-09,CUST0446,P0020,1,0.1,14020.39,10682.55,12618.35,1935.8,South,Completed
ORD03494,2025-03-09,CUST0831,P0012,4,0.1,4072.78,2687.49,14662.01,3912.05,West,Completed
ORD05604,2025-03-09,CUST0902,P0118,1,0.15,36939.5,23012.67,31398.58,8385.91,South,Completed
ORD09311,2025-03-09,CUST0981,P0138,3,0.0,30903.45,21958.56,92710.35,26834.67,East,Completed
ORD06808,2025-03-09,CUST0221,P0196,3,0.0,385.78,231.62,1157.34,462.48,West,Completed
ORD06176,2025-03-09,CUST0537,P0196,2,0.15,385.78,231.62,655.83,192.59,West,Completed
ORD03199,2025-03-09,CUST0561,P0031,1,0.0,12553.48,9544.5,12553.48,3008.98,South,Completed
ORD05858,2025-03-10,CUST0021,P0090,2,0.15,446.05,334.33,758.28,89.62,North,Completed
ORD05923,2025-03-10,CUST0820,P0078,2,0.0,66750.32,43644.61,133500.64,46211.42,West,Completed
ORD02272,2025-03-10,CUST0364,P0025,2,0.0,49570.32,37427.29,99140.64,24286.06,North,Completed
ORD00572,2025-03-10,CUST0429,P0165,2,0.15,728.57,514.38,1238.57,209.81,West,Completed
ORD04968,2025-03-10,CUST0747,P0106,1,0.1,526.46,370.01,473.81,103.8,West,Completed
ORD02380,2025-03-10,CUST0510,P0020,1,0.1,14020.39,10682.55,12618.35,1935.8,West,Completed
ORD03479,2025-03-10,CUST0445,P0028,2,0.0,1126.53,825.36,2253.06,602.34,North,Completed
ORD06131,2025-03-10,CUST0525,P0050,1,0.1,8890.7,6907.47,8001.63,1094.16,North,Completed
ORD08937,2025-03-10,CUST1000,P0012,2,0.15,4072.78,2687.49,6923.73,1548.75,East,Completed
ORD05294,2025-03-10,CUST0503,P0050,1,0.05,8890.7,6907.47,8446.17,1538.7,South,Completed
ORD08854,2025-03-11,CUST0068,P0054,1,0.0,34828.61,21081.63,34828.61,13746.98,North,Completed
ORD09191,2025-03-11,CUST0949,P0049,1,0.1,56396.41,44202.58,50756.77,6554.19,West,Completed
ORD00268,2025-03-11,CUST0004,P0057,3,0.1,911.67,722.71,2461.51,293.38,West,Completed
ORD00290,2025-03-11,CUST0226,P0102,1,0.15,4149.23,2427.22,3526.85,1099.63,East,Completed
ORD03752,2025-03-11,CUST0061,P0083,2,0.05,374.27,289.15,711.11,132.81,West,Completed
ORD08069,2025-03-11,CUST0047,P0018,4,0.1,4596.19,2818.15,16546.28,5273.68,East,Cancelled
ORD03430,2025-03-11,CUST0586,P0098,3,0.1,15055.62,11767.46,40650.17,5347.79,North,Completed
ORD01268,2025-03-11,CUST0333,P0069,2,0.0,196.15,126.8,392.3,138.7,East,Completed
ORD00593,2025-03-11,CUST0210,P0027,1,0.0,20926.64,14284.36,20926.64,6642.28,East,Completed
ORD04371,2025-03-11,CUST0444,P0184,1,0.15,20719.38,13335.4,17611.47,4276.07,South,Completed
ORD01871,2025-03-11,CUST0942,P0193,4,0.0,8422.11,6102.6,33688.44,9278.04,South,Completed
ORD08867,2025-03-12,CUST0237,P0164,5,0.1,8324.94,6438.05,37462.23,5271.98,North,Completed
ORD05116,2025-03-12,CUST0359,P0117,2,0.0,62915.52,50890.59,125831.04,24049.86,South,Completed
ORD06545,2025-03-12,CUST0547,P0184,1,0.05,20719.38,13335.4,19683.41,6348.01,South,Completed
ORD08600,2025-03-12,CUST0593,P0199,2,0.1,404.58,321.41,728.24,85.42,East,Completed
ORD04620,2025-03-12,CUST0186,P0045,1,0.1,2217.01,1355.93,1995.31,639.38,North,Pending
ORD04834,2025-03-12,CUST0275,P0123,1,0.15,77212.89,61788.48,65630.96,3842.48,East,Completed
ORD04231,2025-03-12,CUST0010,P0040,3,0.0,568.55,361.32,1705.65,621.69,West,Completed
ORD09365,2025-03-12,CUST0969,P0096,1,0.1,22714.55,15565.72,20443.1,4877.38,East,Completed
ORD00491,2025-03-12,CUST0916,P0186,2,0.2,36288.91,28203.52,58062.26,1655.22,East,Pending
ORD05621,2025-03-12,CUST0937,P0172,2,0.1,53066.45,36105.87,95519.61,23307.87,East,Completed
ORD02553,2025-03-12,CUST0880,P0094,2,0.15,77812.86,47690.34,132281.86,36901.18,East,Completed
ORD09367,2025-03-12,CUST0666,P0154,1,0.15,693.93,462.98,589.84,126.86,North,Completed
ORD08807,2025-03-12,CUST0862,P0008,2,0.0,68633.55,51583.32,137267.1,34100.46,West,Completed
ORD03113,2025-03-12,CUST0769,P0007,1,0.0,8223.62,4942.96,8223.62,3280.66,South,Completed
ORD07278,2025-03-12,CUST0864,P0016,3,0.05,20196.29,11952.43,57559.43,21702.14,South,Completed
ORD04134,2025-03-13,CUST0349,P0184,2,0.1,20719.38,13335.4,37294.88,10624.08,South,Completed
ORD00092,2025-03-13,CUST0164,P0072,3,0.15,28334.52,18780.23,72253.03,15912.34,East,Completed
ORD06542,2025-03-13,CUST0755,P0148,1,0.2,15484.78,9786.06,12387.82,2601.76,East,Completed
ORD02484,2025-03-13,CUST0385,P0066,1,0.15,15521.48,11472.78,13193.26,1720.48,East,Completed
ORD04707,2025-03-13,CUST0553,P0186,4,0.1,36288.91,28203.52,130640.08,17826.0,East,Completed
ORD07268,2025-03-13,CUST0019,P0139,1,0.05,26827.4,18117.75,25486.03,7368.28,West,Completed
ORD09754,2025-03-13,CUST0633,P0060,2,0.1,32036.99,25220.68,57666.58,7225.22,West,Completed
ORD06192,2025-03-13,CUST0256,P0182,1,0.0,15590.28,12172.38,15590.28,3417.9,North,Completed
ORD09262,2025-03-13,CUST0001,P0107,5,0.15,72638.94,50890.24,308715.5,54264.3,West,Completed
ORD06085,2025-03-13,CUST0695,P0038,5,0.1,25137.53,20080.78,113118.88,12714.98,North,Completed
ORD01603,2025-03-13,CUST0666,P0082,1,0.1,14583.87,9123.23,13125.48,4002.25,North,Completed
ORD01905,2025-03-13,CUST0060,P0066,1,0.1,15521.48,11472.78,13969.33,2496.55,South,Completed
ORD05349,2025-03-13,CUST0175,P0087,1,0.1,11879.48,8267.83,10691.53,2423.7,West,Completed
ORD03676,2025-03-13,CUST0653,P0158,1,0.15,33125.35,22293.09,28156.55,5863.46,West,Completed
ORD08732,2025-03-13,CUST0589,P0159,1,0.05,54205.42,36083.24,51495.15,15411.91,East,Completed
ORD04219,2025-03-13,CUST0746,P0199,1,0.05,404.58,321.41,384.35,62.94,East,Completed
ORD07184,2025-03-13,CUST0766,P0145,4,0.1,360.46,274.8,1297.66,198.46,South,Pending
ORD01166,2025-03-13,CUST0006,P0031,1,0.2,12553.48,9544.5,10042.78,498.28,South,Completed
ORD06172,2025-03-14,CUST0271,P0196,3,0.1,385.78,231.62,1041.61,346.75,East,Completed
ORD06948,2025-03-14,CUST0107,P0112,2,0.0,20043.19,13117.75,40086.38,13850.88,East,Completed
ORD06475,2025-03-14,CUST0795,P0065,2,0.2,21598.4,14583.7,34557.44,5390.04,North,Completed
ORD01953,2025-03-14,CUST0613,P0003,5,0.15,15581.84,9713.54,66222.82,17655.12,West,Completed
ORD05465,2025-03-14,CUST0696,P0048,2,0.1,1114.29,876.19,2005.72,253.34,West,Completed
ORD06696,2025-03-14,CUST1000,P0067,4,0.0,5933.02,4559.02,23732.08,5496.0,East,Cancelled
ORD04375,2025-03-14,CUST0555,P0052,2,0.05,7440.54,4865.29,14137.03,4406.45,West,Completed
ORD04326,2025-03-14,CUST0410,P0084,2,0.0,52737.3,39276.81,105474.6,26920.98,East,Completed
ORD07464,2025-03-14,CUST0958,P0083,1,0.15,374.27,289.15,318.13,28.98,South,Completed
ORD03412,2025-03-15,CUST0560,P0069,2,0.1,196.15,126.8,353.07,99.47,West,Completed
ORD06526,2025-03-15,CUST0986,P0085,2,0.05,73872.61,56554.21,140357.96,27249.54,South,Pending
ORD09872,2025-03-15,CUST0802,P0195,1,0.1,15240.21,11813.53,13716.19,1902.66,West,Completed
ORD01439,2025-03-15,CUST0542,P0063,2,0.1,12786.65,8472.2,23015.97,6071.57,South,Completed
ORD02852,2025-03-15,CUST0967,P0125,1,0.2,3155.85,2083.96,2524.68,440.72,South,Completed
ORD03392,2025-03-15,CUST0317,P0181,1,0.0,8670.4,5624.95,8670.4,3045.45,West,Completed
ORD02118,2025-03-15,CUST0876,P0176,1,0.0,9388.62,6512.18,9388.62,2876.44,South,Completed
ORD03012,2025-03-15,CUST0555,P0119,1,0.0,11965.18,9132.35,11965.18,2832.83,West,Completed
ORD08729,2025-03-15,CUST0053,P0104,2,0.1,22437.82,18159.1,40388.08,4069.88,East,Completed
ORD01476,2025-03-15,CUST0622,P0051,2,0.0,57445.48,35926.8,114890.96,43037.36,East,Completed
ORD08960,2025-03-15,CUST0017,P0029,1,0.1,1310.65,844.84,1179.58,334.74,South,Completed
ORD09369,2025-03-16,CUST0652,P0158,1,0.0,33125.35,22293.09,33125.35,10832.26,North,Pending
ORD01902,2025-03-16,CUST0516,P0061,4,0.0,49224.25,33194.34,196897.0,64119.64,East,Completed
ORD00831,2025-03-16,CUST0353,P0177,3,0.1,783.92,493.62,2116.58,635.72,East,Completed
ORD01264,2025-03-16,CUST0629,P0031,2,0.15,12553.48,9544.5,21340.92,2251.92,North,Completed
ORD06867,2025-03-16,CUST0538,P0063,3,0.05,12786.65,8472.2,36441.95,11025.35,North,Completed
ORD04634,2025-03-16,CUST0989,P0138,5,0.0,30903.45,21958.56,154517.25,44724.45,South,Completed
ORD00526,2025-03-16,CUST0981,P0177,2,0.15,783.92,493.62,1332.66,345.42,East,Completed
ORD05634,2025-03-16,CUST0669,P0188,1,0.1,5272.37,3130.49,4745.13,1614.64,West,Completed
ORD06785,2025-03-16,CUST0324,P0184,1,0.0,20719.38,13335.4,20719.38,7383.98,East,Completed
ORD02802,2025-03-16,CUST0967,P0091,1,0.1,49350.46,32483.04,44415.41,11932.37,South,Completed
ORD05085,2025-03-16,CUST0207,P0119,1,0.0,11965.18,9132.35,11965.18,2832.83,South,Completed
ORD09882,2025-03-16,CUST0633,P0180,3,0.1,23838.69,16889.32,64364.46,13696.5,West,Completed
ORD02971,2025-03-16,CUST0589,P0171,1,0.1,39010.06,29472.11,35109.05,5636.94,East,Completed
ORD05179,2025-03-16,CUST0218,P0152,2,0.05,5896.48,4498.55,11203.31,2206.21,South,Cancelled
ORD01823,2025-03-16,CUST0454,P0095,1,0.1,9513.49,6495.4,8562.14,2066.74,West,Completed
ORD08106,2025-03-16,CUST0460,P0193,2,0.0,8422.11,6102.6,16844.22,4639.02,East,Completed
ORD01026,2025-03-16,CUST0114,P0014,2,0.0,18597.52,13817.51,37195.04,9560.02,South,Completed
ORD08638,2025-03-16,CUST0065,P0195,1,0.0,15240.21,11813.53,15240.21,3426.68,South,Completed
ORD05484,2025-03-17,CUST0041,P0068,3,0.05,41326.98,32432.51,117781.89,20484.36,South,Completed
ORD08223,2025-03-17,CUST0320,P0132,1,0.05,235.21,163.03,223.45,60.42,West,Completed
ORD00066,2025-03-17,CUST0687,P0062,1,0.15,7214.7,5874.11,6132.5,258.39,East,Completed
ORD08519,2025-03-17,CUST0016,P0005,3,0.0,759.62,541.79,2278.86,653.49,West,Completed
ORD02523,2025-03-17,CUST0354,P0108,4,0.05,673.74,534.39,2560.21,422.65,West,Completed
ORD06194,2025-03-17,CUST0864,P0017,1,0.2,17284.69,10596.05,13827.75,3231.7,South,Completed
ORD09335,2025-03-17,CUST0612,P0196,1,0.0,385.78,231.62,385.78,154.16,South,Completed
ORD02232,2025-03-18,CUST0732,P0030,3,0.05,23508.75,18216.9,66999.94,12349.24,East,Completed
ORD09672,2025-03-18,CUST0849,P0065,1,0.05,21598.4,14583.7,20518.48,5934.78,West,Completed
ORD02028,2025-03-18,CUST0273,P0055,1,0.0,6422.29,4812.56,6422.29,1609.73,East,Completed
ORD08222,2025-03-18,CUST0325,P0172,3,0.05,53066.45,36105.87,151239.38,42921.77,North,Completed
ORD06628,2025-03-18,CUST0527,P0152,2,0.0,5896.48,4498.55,11792.96,2795.86,East,Cancelled
ORD07730,2025-03-18,CUST0483,P0134,2,0.1,34117.69,25387.96,61411.84,10635.92,North,Completed
ORD03855,2025-03-18,CUST0268,P0184,2,0.0,20719.38,13335.4,41438.76,14767.96,North,Completed
ORD01927,2025-03-18,CUST0788,P0143,2,0.0,56727.96,35563.32,113455.92,42329.28,West,Completed
ORD06273,2025-03-18,CUST0688,P0065,1,0.0,21598.4,14583.7,21598.4,7014.7,West,Completed
ORD05501,2025-03-18,CUST0395,P0172,2,0.1,53066.45,36105.87,95519.61,23307.87,North,Completed
ORD09685,2025-03-18,CUST0930,P0050,1,0.1,8890.7,6907.47,8001.63,1094.16,West,Completed
ORD09930,2025-03-19,CUST0440,P0167,1,0.0,7469.0,4701.25,7469.0,2767.75,East,Completed
ORD01273,2025-03-19,CUST0112,P0008,4,0.15,68633.55,51583.32,233354.07,27020.79,North,Completed
ORD01822,2025-03-19,CUST0026,P0018,4,0.0,4596.19,2818.15,18384.76,7112.16,South,Completed
ORD00752,2025-03-19,CUST0004,P0180,1,0.0,23838.69,16889.32,23838.69,6949.37,West,Completed
ORD07729,2025-03-19,CUST0110,P0113,1,0.05,26426.25,19479.69,25104.94,5625.25,West,Completed
ORD07467,2025-03-19,CUST0556,P0004,1,0.1,20696.25,15931.27,18626.62,2695.35,North,Cancelled
ORD06393,2025-03-19,CUST0584,P0006,3,0.05,51610.25,30768.51,147089.21,54783.68,North,Completed
ORD00687,2025-03-19,CUST0088,P0107,1,0.15,72638.94,50890.24,61743.1,10852.86,West,Completed
ORD00179,2025-03-19,CUST0255,P0054,1,0.0,34828.61,21081.63,34828.61,13746.98,South,Completed
ORD09086,2025-03-19,CUST0464,P0098,1,0.1,15055.62,11767.46,13550.06,1782.6,East,Completed
ORD08358,2025-03-20,CUST0221,P0089,4,0.05,74892.61,50603.0,284591.92,82179.92,West,Cancelled
ORD09627,2025-03-20,CUST0147,P0036,4,0.05,1008.83,797.09,3833.55,645.19,East,Completed
ORD04185,2025-03-20,CUST0762,P0156,1,0.0,44665.09,34536.09,44665.09,10129.0,South,Completed
ORD06761,2025-03-20,CUST0490,P0057,2,0.0,911.67,722.71,1823.34,377.92,West,Completed
ORD06025,2025-03-20,CUST0187,P0146,4,0.15,11482.27,8693.26,39039.72,4266.68,North,Completed
ORD09820,2025-03-20,CUST0024,P0156,1,0.0,44665.09,34536.09,44665.09,10129.0,East,Completed
ORD04533,2025-03-20,CUST0523,P0123,1,0.1,77212.89,61788.48,69491.6,7703.12,North,Completed
ORD09477,2025-03-20,CUST0656,P0005,1,0.05,759.62,541.79,721.64,179.85,North,Completed
ORD03594,2025-03-20,CUST0465,P0184,1,0.15,20719.38,13335.4,17611.47,4276.07,West,Completed
ORD05162,2025-03-20,CUST0607,P0018,4,0.1,4596.19,2818.15,16546.28,5273.68,South,Completed
ORD03742,2025-03-20,CUST0033,P0189,4,0.1,38312.77,25713.12,137925.97,35073.49,North,Completed
ORD00563,2025-03-20,CUST0466,P0180,1,0.1,23838.69,16889.32,21454.82,4565.5,South,Completed
ORD00114,2025-03-20,CUST0821,P0006,3,0.0,51610.25,30768.51,154830.75,62525.22,North,Completed
ORD00050,2025-03-20,CUST0791,P0106,1,0.05,526.46,370.01,500.14,130.13,East,Cancelled
ORD03273,2025-03-21,CUST0637,P0021,4,0.15,6878.25,5112.71,23386.05,2935.21,North,Completed
ORD09726,2025-03-21,CUST0595,P0180,3,0.1,23838.69,16889.32,64364.46,13696.5,East,Completed
ORD09515,2025-03-21,CUST0001,P0017,1,0.0,17284.69,10596.05,17284.69,6688.64,West,Completed
ORD00641,2025-03-21,CUST0082,P0044,1,0.0,59463.82,38619.72,59463.82,20844.1,South,Cancelled
ORD05382,2025-03-21,CUST0530,P0006,1,0.1,51610.25,30768.51,46449.22,15680.71,North,Completed
ORD00183,2025-03-21,CUST0853,P0134,3,0.05,34117.69,25387.96,97235.42,21071.54,South,Completed
ORD07922,2025-03-21,CUST0856,P0053,1,0.0,422.63,329.18,422.63,93.45,West,Completed
ORD03811,2025-03-21,CUST0013,P0082,3,0.05,14583.87,9123.23,41564.03,14194.34,East,Completed
ORD05034,2025-03-21,CUST0229,P0177,3,0.1,783.92,493.62,2116.58,635.72,West,Completed
ORD03346,2025-03-21,CUST0769,P0127,2,0.05,37425.34,27064.21,71108.15,16979.73,South,Completed
ORD01776,2025-03-21,CUST0069,P0016,2,0.05,20196.29,11952.43,38372.95,14468.09,West,Completed
ORD01048,2025-03-22,CUST0766,P0115,2,0.05,9526.21,7338.52,18099.8,3422.76,South,Completed
ORD00411,2025-03-22,CUST0300,P0167,1,0.0,7469.0,4701.25,7469.0,2767.75,North,Completed
ORD03723,2025-03-22,CUST0230,P0187,1,0.1,184.91,120.68,166.42,45.74,North,Completed
ORD00637,2025-03-22,CUST0530,P0052,1,0.1,7440.54,4865.29,6696.49,1831.2,North,Pending
ORD08750,2025-03-22,CUST0289,P0164,1,0.05,8324.94,6438.05,7908.69,1470.64,West,Cancelled
ORD00394,2025-03-22,CUST0917,P0043,2,0.05,528.82,390.77,1004.76,223.22,West,Completed
ORD02562,2025-03-22,CUST0240,P0091,3,0.05,49350.46,32483.04,140648.81,43199.69,North,Completed
ORD02173,2025-03-22,CUST0834,P0095,1,0.15,9513.49,6495.4,8086.47,1591.07,East,Completed
ORD01270,2025-03-22,CUST0188,P0005,1,0.15,759.62,541.79,645.68,103.89,East,Completed
ORD04664,2025-03-22,CUST0828,P0198,5,0.1,715.13,510.57,3218.08,665.23,North,Completed
ORD03834,2025-03-22,CUST0417,P0142,3,0.15,4782.08,3282.92,12194.3,2345.54,North,Completed
ORD07393,2025-03-22,CUST0254,P0013,2,0.15,8923.66,6594.73,15170.22,1980.76,West,Completed
ORD09183,2025-03-23,CUST0979,P0133,1,0.1,30154.78,21233.5,27139.3,5905.8,East,Completed
ORD04059,2025-03-23,CUST0480,P0001,3,0.05,796.95,617.19,2271.31,419.74,West,Completed
ORD08188,2025-03-23,CUST0828,P0161,1,0.1,36827.84,23163.81,33145.06,9981.25,North,Completed
ORD00393,2025-03-23,CUST0165,P0187,3,0.1,184.91,120.68,499.26,137.22,West,Completed
ORD08007,2025-03-23,CUST0124,P0189,1,0.0,38312.77,25713.12,38312.77,12599.65,North,Completed
ORD01845,2025-03-23,CUST0697,P0193,2,0.0,8422.11,6102.6,16844.22,4639.02,West,Completed
ORD05663,2025-03-23,CUST0605,P0017,1,0.0,17284.69,10596.05,17284.69,6688.64,West,Completed
ORD01540,2025-03-23,CUST0488,P0176,5,0.05,9388.62,6512.18,44595.95,12035.05,East,Completed
ORD05658,2025-03-23,CUST0536,P0140,3,0.0,12142.58,7367.6,36427.74,14324.94,East,Completed
ORD01906,2025-03-23,CUST0311,P0147,2,0.0,22737.01,13458.16,45474.02,18557.7,North,Completed
ORD09181,2025-03-23,CUST0870,P0131,1,0.0,896.08,597.69,896.08,298.39,West,Completed
ORD09917,2025-03-23,CUST0960,P0102,1,0.15,4149.23,2427.22,3526.85,1099.63,North,Completed
ORD06505,2025-03-24,CUST0019,P0019,2,0.1,27844.42,18931.51,50119.96,12256.94,West,Completed
ORD02816,2025-03-24,CUST0595,P0053,1,0.0,422.63,329.18,422.63,93.45,East,Completed
ORD06295,2025-03-24,CUST0716,P0052,2,0.15,7440.54,4865.29,12648.92,2918.34,North,Completed
ORD08709,2025-03-24,CUST0721,P0055,1,0.0,6422.29,4812.56,6422.29,1609.73,South,Completed
ORD06819,2025-03-24,CUST0298,P0044,2,0.2,59463.82,38619.72,95142.11,17902.67,West,Completed
ORD08952,2025-03-24,CUST0717,P0116,1,0.15,41570.44,24508.05,35334.87,10826.82,South,Completed
ORD00074,2025-03-24,CUST0758,P0079,3,0.0,409.51,310.64,1228.53,296.61,West,Completed
ORD08501,2025-03-24,CUST0868,P0200,4,0.15,37954.59,28614.99,129045.61,14585.65,South,Completed
ORD03984,2025-03-24,CUST0135,P0159,2,0.0,54205.42,36083.24,108410.84,36244.36,North,Completed
ORD05416,2025-03-24,CUST0401,P0060,1,0.05,32036.99,25220.68,30435.14,5214.46,North,Cancelled
ORD04147,2025-03-24,CUST0099,P0031,1,0.1,12553.48,9544.5,11298.13,1753.63,South,Completed
ORD08399,2025-03-25,CUST0956,P0133,3,0.05,30154.78,21233.5,85941.12,22240.62,West,Completed
ORD04842,2025-03-25,CUST0529,P0136,1,0.05,3029.54,2200.52,2878.06,677.54,South,Cancelled
ORD00793,2025-03-25,CUST0785,P0086,2,0.15,519.82,398.56,883.69,86.57,East,Completed
ORD05459,2025-03-25,CUST0503,P0002,2,0.0,6203.85,4038.58,12407.7,4330.54,South,Completed
ORD06001,2025-03-25,CUST0265,P0100,5,0.2,36262.87,22462.27,145051.48,32740.13,South,Completed
ORD00830,2025-03-25,CUST0970,P0162,1,0.15,46811.03,27452.25,39789.38,12337.13,North,Cancelled
ORD01159,2025-03-25,CUST0842,P0142,3,0.2,4782.08,3282.92,11476.99,1628.23,North,Completed
ORD03075,2025-03-25,CUST0811,P0022,2,0.1,68945.25,50670.94,124101.45,22759.57,South,Completed
ORD02626,2025-03-25,CUST0812,P0099,2,0.05,908.9,743.94,1726.91,239.03,North,Completed
ORD08839,2025-03-25,CUST0574,P0025,2,0.1,49570.32,37427.29,89226.58,14372.0,East,Cancelled
ORD04087,2025-03-25,CUST0244,P0069,1,0.0,196.15,126.8,196.15,69.35,East,Completed
ORD02134,2025-03-25,CUST0560,P0025,1,0.0,49570.32,37427.29,49570.32,12143.03,West,Completed
ORD05736,2025-03-26,CUST0466,P0029,1,0.05,1310.65,844.84,1245.12,400.28,South,Completed
ORD06571,2025-03-26,CUST0051,P0083,2,0.0,374.27,289.15,748.54,170.24,West,Cancelled
ORD09720,2025-03-26,CUST0770,P0153,2,0.1,318.53,240.18,573.35,92.99,North,Pending
ORD00191,2025-03-26,CUST0421,P0145,3,0.1,360.46,274.8,973.24,148.84,North,Completed
ORD09853,2025-03-26,CUST0849,P0200,2,0.05,37954.59,28614.99,72113.72,14883.74,West,Completed
ORD01422,2025-03-26,CUST0052,P0019,1,0.05,27844.42,18931.51,26452.2,7520.69,West,Completed
ORD09555,2025-03-26,CUST0796,P0056,1,0.05,312.97,191.98,297.32,105.34,South,Completed
ORD06540,2025-03-26,CUST0385,P0078,1,0.0,66750.32,43644.61,66750.32,23105.71,East,Completed
ORD08351,2025-03-26,CUST0555,P0023,2,0.1,29957.89,23747.89,53924.2,6428.42,West,Completed
ORD00320,2025-03-26,CUST0758,P0108,2,0.0,673.74,534.39,1347.48,278.7,West,Completed
ORD02733,2025-03-26,CUST0443,P0108,3,0.15,673.74,534.39,1718.04,114.87,South,Completed
ORD01898,2025-03-27,CUST0978,P0083,2,0.05,374.27,289.15,711.11,132.81,East,Completed
ORD07408,2025-03-27,CUST0046,P0140,4,0.05,12142.58,7367.6,46141.8,16671.4,North,Completed
ORD06063,2025-03-27,CUST0443,P0186,2,0.05,36288.91,28203.52,68948.93,12541.89,South,Completed
ORD02789,2025-03-27,CUST0293,P0110,2,0.0,30098.59,20298.4,60197.18,19600.38,West,Completed
ORD02636,2025-03-27,CUST0396,P0122,2,0.05,17942.76,13133.8,34091.24,7823.64,West,Completed
ORD01562,2025-03-27,CUST0700,P0042,3,0.15,10683.47,6548.45,27242.85,7597.5,West,Cancelled
ORD06812,2025-03-27,CUST0861,P0168,1,0.15,1780.85,1042.33,1513.72,471.39,North,Completed
ORD08390,2025-03-27,CUST0616,P0047,1,0.1,1004.63,793.19,904.17,110.98,South,Completed
ORD08024,2025-03-27,CUST0107,P0143,1,0.1,56727.96,35563.32,51055.16,15491.84,East,Completed
ORD00293,2025-03-27,CUST0772,P0040,1,0.0,568.55,361.32,568.55,207.23,West,Completed
ORD02564,2025-03-27,CUST0363,P0163,2,0.05,3768.33,3060.43,7159.83,1038.97,South,Completed
ORD06487,2025-03-27,CUST0652,P0018,1,0.0,4596.19,2818.15,4596.19,1778.04,North,Completed
ORD08073,2025-03-27,CUST0692,P0140,2,0.05,12142.58,7367.6,23070.9,8335.7,North,Completed
ORD02858,2025-03-27,CUST0297,P0104,1,0.1,22437.82,18159.1,20194.04,2034.94,West,Completed
ORD07785,2025-03-27,CUST0026,P0017,3,0.2,17284.69,10596.05,41483.26,9695.11,South,Completed
ORD04416,2025-03-27,CUST0698,P0166,1,0.15,47059.67,34982.34,40000.72,5018.38,North,Completed
ORD06552,2025-03-28,CUST0008,P0061,3,0.1,49224.25,33194.34,132905.48,33322.46,West,Pending
ORD08478,2025-03-28,CUST0923,P0056,3,0.1,312.97,191.98,845.02,269.08,South,Completed
ORD00083,2025-03-28,CUST0309,P0029,1,0.1,1310.65,844.84,1179.58,334.74,South,Completed
ORD09614,2025-03-28,CUST0982,P0064,2,0.05,20038.07,13846.76,38072.33,10378.81,East,Completed
ORD05150,2025-03-28,CUST0603,P0085,1,0.0,73872.61,56554.21,73872.61,17318.4,East,Completed
ORD06227,2025-03-28,CUST0786,P0094,4,0.05,77812.86,47690.34,295688.87,104927.51,South,Completed
ORD04739,2025-03-28,CUST0956,P0086,1,0.0,519.82,398.56,519.82,121.26,West,Completed
ORD07707,2025-03-28,CUST0505,P0061,1,0.05,49224.25,33194.34,46763.04,13568.7,West,Completed
ORD08821,2025-03-28,CUST0897,P0115,3,0.1,9526.21,7338.52,25720.77,3705.21,North,Completed
ORD00319,2025-03-28,CUST0170,P0015,3,0.1,18890.43,14292.88,51004.16,8125.52,West,Pending
ORD03965,2025-03-28,CUST0766,P0016,5,0.05,20196.29,11952.43,95932.38,36170.23,South,Completed
ORD00089,2025-03-29,CUST0194,P0020,2,0.1,14020.39,10682.55,25236.7,3871.6,South,Completed
ORD03993,2025-03-29,CUST0158,P0025,1,0.1,49570.32,37427.29,44613.29,7186.0,South,Completed
ORD01809,2025-03-29,CUST0692,P0129,4,0.1,43850.97,27932.89,157863.49,46131.93,North,Completed
ORD09297,2025-03-29,CUST0165,P0131,3,0.05,896.08,597.69,2553.83,760.76,West,Cancelled
ORD02637,2025-03-30,CUST0608,P0180,2,0.15,23838.69,16889.32,40525.77,6747.13,West,Completed
ORD01251,2025-03-30,CUST0049,P0078,2,0.05,66750.32,43644.61,126825.61,39536.39,North,Completed
ORD08304,2025-03-30,CUST0263,P0092,2,0.0,41737.72,32410.53,83475.44,18654.38,North,Completed
ORD02034,2025-03-30,CUST0496,P0195,1,0.05,15240.21,11813.53,14478.2,2664.67,North,Completed
ORD06633,2025-03-30,CUST0609,P0068,2,0.1,41326.98,32432.51,74388.56,9523.54,North,Completed
ORD05086,2025-03-30,CUST0333,P0065,1,0.1,21598.4,14583.7,19438.56,4854.86,East,Completed
ORD01255,2025-03-30,CUST0176,P0137,2,0.0,3327.18,2091.19,6654.36,2471.98,West,Completed
ORD00556,2025-03-30,CUST0575,P0038,1,0.1,25137.53,20080.78,22623.78,2543.0,South,Completed
ORD09279,2025-03-30,CUST0202,P0053,2,0.1,422.63,329.18,760.73,102.37,West,Completed
ORD09227,2025-03-30,CUST0757,P0091,2,0.0,49350.46,32483.04,98700.92,33734.84,West,Completed
ORD06460,2025-03-30,CUST0435,P0141,2,0.15,1748.75,1100.65,2972.88,771.58,South,Completed
ORD06597,2025-03-30,CUST0207,P0011,1,0.1,50761.69,39171.65,45685.52,6513.87,South,Completed
ORD09942,2025-03-31,CUST0861,P0136,4,0.1,3029.54,2200.52,10906.34,2104.26,North,Completed
ORD02046,2025-03-31,CUST0914,P0036,1,0.0,1008.83,797.09,1008.83,211.74,East,Completed
ORD08302,2025-03-31,CUST0278,P0052,1,0.1,7440.54,4865.29,6696.49,1831.2,West,Completed
ORD08747,2025-03-31,CUST0035,P0019,2,0.1,27844.42,18931.51,50119.96,12256.94,West,Completed
ORD01704,2025-03-31,CUST0139,P0078,2,0.1,66750.32,43644.61,120150.58,32861.36,West,Completed
ORD02148,2025-03-31,CUST0521,P0113,2,0.1,26426.25,19479.69,47567.25,8607.87,North,Completed
ORD02364,2025-03-31,CUST0758,P0025,2,0.0,49570.32,37427.29,99140.64,24286.06,West,Completed
ORD03045,2025-03-31,CUST0954,P0158,1,0.05,33125.35,22293.09,31469.08,9175.99,East,Cancelled
ORD07718,2025-03-31,CUST0569,P0045,2,0.0,2217.01,1355.93,4434.02,1722.16,West,Completed
ORD09381,2025-03-31,CUST0631,P0082,1,0.05,14583.87,9123.23,13854.68,4731.45,North,Completed
ORD01022,2025-03-31,CUST0230,P0041,2,0.15,4003.54,2383.24,6806.02,2039.54,North,Completed
ORD04829,2025-03-31,CUST0521,P0126,2,0.2,41856.24,33581.85,66969.98,-193.72,North,Completed
ORD05394,2025-03-31,CUST0267,P0083,1,0.1,374.27,289.15,336.84,47.69,North,Completed
ORD03274,2025-03-31,CUST0394,P0158,1,0.1,33125.35,22293.09,29812.82,7519.73,South,Completed
ORD04304,2025-03-31,CUST0325,P0138,2,0.05,30903.45,21958.56,58716.56,14799.44,North,Completed
ORD02213,2025-03-31,CUST0668,P0063,2,0.15,12786.65,8472.2,21737.3,4792.9,West,Completed
ORD02186,2025-03-31,CUST0977,P0174,2,0.1,46343.47,28863.63,83418.25,25690.99,East,Completed
ORD00285,2025-03-31,CUST0939,P0168,1,0.2,1780.85,1042.33,1424.68,382.35,North,Completed
ORD00583,2025-03-31,CUST0196,P0137,1,0.1,3327.18,2091.19,2994.46,903.27,East,Completed
ORD04666,2025-04-01,CUST0449,P0128,2,0.05,7160.91,4568.96,13605.73,4467.81,North,Completed
ORD00118,2025-04-01,CUST0112,P0165,2,0.2,728.57,514.38,1165.71,136.95,North,Completed
ORD09529,2025-04-01,CUST0471,P0089,2,0.1,74892.61,50603.0,134806.7,33600.7,South,Completed
ORD08769,2025-04-01,CUST0722,P0011,1,0.1,50761.69,39171.65,45685.52,6513.87,North,Cancelled
ORD06624,2025-04-01,CUST0141,P0089,2,0.0,74892.61,50603.0,149785.22,48579.22,East,Completed
ORD08859,2025-04-01,CUST0074,P0153,3,0.1,318.53,240.18,860.03,139.49,South,Completed
ORD02320,2025-04-01,CUST0616,P0050,2,0.05,8890.7,6907.47,16892.33,3077.39,South,Completed
ORD06786,2025-04-01,CUST0565,P0149,2,0.05,2427.19,1691.68,4611.66,1228.3,West,Completed
ORD04385,2025-04-01,CUST0417,P0146,5,0.0,11482.27,8693.26,57411.35,13945.05,North,Completed
ORD03559,2025-04-01,CUST0464,P0122,3,0.1,17942.76,13133.8,48445.45,9044.05,East,Pending
ORD07269,2025-04-01,CUST0815,P0087,1,0.15,11879.48,8267.83,10097.56,1829.73,South,Completed
ORD00592,2025-04-01,CUST0780,P0100,1,0.0,36262.87,22462.27,36262.87,13800.6,East,Completed
ORD00836,2025-04-01,CUST0640,P0089,1,0.1,74892.61,50603.0,67403.35,16800.35,West,Completed
ORD05872,2025-04-02,CUST0075,P0069,2,0.1,196.15,126.8,353.07,99.47,West,Completed
ORD03813,2025-04-02,CUST0923,P0007,1,0.1,8223.62,4942.96,7401.26,2458.3,South,Completed
ORD06193,2025-04-02,CUST0766,P0166,1,0.15,47059.67,34982.34,40000.72,5018.38,South,Completed
ORD00543,2025-04-02,CUST0504,P0134,2,0.1,34117.69,25387.96,61411.84,10635.92,South,Completed
ORD05124,2025-04-02,CUST0449,P0150,1,0.2,53462.03,36715.83,42769.62,6053.79,North,Completed
ORD05544,2025-04-02,CUST0127,P0031,3,0.0,12553.48,9544.5,37660.44,9026.94,North,Completed
ORD01575,2025-04-02,CUST0524,P0136,3,0.05,3029.54,2200.52,8634.19,2032.63,East,Completed
ORD07322,2025-04-02,CUST0583,P0112,1,0.15,20043.19,13117.75,17036.71,3918.96,North,Completed
ORD04274,2025-04-02,CUST0187,P0055,1,0.0,6422.29,4812.56,6422.29,1609.73,North,Completed
ORD05424,2025-04-02,CUST0675,P0100,1,0.15,36262.87,22462.27,30823.44,8361.17,North,Completed
ORD07451,2025-04-02,CUST0239,P0153,4,0.0,318.53,240.18,1274.12,313.4,East,Completed
ORD01206,2025-04-02,CUST0845,P0163,3,0.05,3768.33,3060.43,10739.74,1558.45,West,Completed
ORD05775,2025-04-02,CUST0416,P0168,3,0.0,1780.85,1042.33,5342.55,2215.56,South,Completed
ORD02996,2025-04-02,CUST0057,P0017,2,0.1,17284.69,10596.05,31112.44,9920.34,West,Completed
ORD09739,2025-04-02,CUST0579,P0033,1,0.05,54569.41,31985.14,51840.94,19855.8,North,Completed
ORD08187,2025-04-02,CUST0744,P0074,1,0.05,40981.75,23771.65,38932.66,15161.01,North,Completed
ORD00651,2025-04-02,CUST0508,P0186,4,0.0,36288.91,28203.52,145155.64,32341.56,West,Completed
ORD00892,2025-04-03,CUST0049,P0188,3,0.1,5272.37,3130.49,14235.4,4843.93,North,Completed
ORD01247,2025-04-03,CUST0039,P0123,1,0.0,77212.89,61788.48,77212.89,15424.41,East,Completed
ORD05503,2025-04-03,CUST0017,P0046,2,0.1,61902.8,37121.36,111425.04,37182.32,South,Completed
ORD02077,2025-04-03,CUST0939,P0129,3,0.05,43850.97,27932.89,124975.26,41176.59,North,Completed
ORD09484,2025-04-03,CUST0464,P0026,1,0.05,53440.86,40308.66,50768.82,10460.16,East,Completed
ORD05502,2025-04-03,CUST0474,P0086,2,0.15,519.82,398.56,883.69,86.57,North,Completed
ORD03049,2025-04-03,CUST0268,P0178,2,0.1,4042.35,3098.18,7276.23,1079.87,North,Completed
ORD00218,2025-04-03,CUST0357,P0184,2,0.0,20719.38,13335.4,41438.76,14767.96,North,Completed
ORD09250,2025-04-03,CUST0649,P0147,1,0.05,22737.01,13458.16,21600.16,8142.0,East,Completed
ORD08181,2025-04-03,CUST0110,P0183,5,0.15,66902.29,49511.88,284334.73,36775.33,West,Completed
ORD01671,2025-04-03,CUST0497,P0028,1,0.05,1126.53,825.36,1070.2,244.84,East,Completed
ORD03386,2025-04-04,CUST0910,P0064,2,0.1,20038.07,13846.76,36068.53,8375.01,North,Completed
ORD06849,2025-04-04,CUST0553,P0047,2,0.1,1004.63,793.19,1808.33,221.95,East,Completed
ORD02412,2025-04-04,CUST0688,P0112,1,0.15,20043.19,13117.75,17036.71,3918.96,West,Completed
ORD03239,2025-04-04,CUST0574,P0093,2,0.0,10189.0,5911.08,20378.0,8555.84,East,Completed
ORD00826,2025-04-04,CUST0493,P0069,1,0.0,196.15,126.8,196.15,69.35,East,Completed
ORD02894,2025-04-04,CUST0092,P0173,4,0.05,4259.82,3133.66,16187.32,3652.68,West,Completed
ORD04479,2025-04-04,CUST0063,P0086,3,0.1,519.82,398.56,1403.51,207.83,North,Pending
ORD03146,2025-04-04,CUST0438,P0172,1,0.1,53066.45,36105.87,47759.8,11653.93,West,Completed
ORD02675,2025-04-04,CUST0649,P0129,2,0.0,43850.97,27932.89,87701.94,31836.16,East,Completed
ORD01289,2025-04-04,CUST0109,P0127,5,0.05,37425.34,27064.21,177770.36,42449.31,South,Completed
ORD04812,2025-04-04,CUST0021,P0098,2,0.0,15055.62,11767.46,30111.24,6576.32,North,Pending
ORD02764,2025-04-04,CUST0320,P0090,1,0.05,446.05,334.33,423.75,89.42,West,Completed
ORD03509,2025-04-05,CUST0159,P0042,1,0.0,10683.47,6548.45,10683.47,4135.02,East,Completed
ORD09089,2025-04-05,CUST0238,P0154,1,0.0,693.93,462.98,693.93,230.95,South,Pending
ORD03388,2025-04-05,CUST0796,P0019,5,0.05,27844.42,18931.51,132260.99,37603.44,South,Completed
ORD05355,2025-04-05,CUST0348,P0130,2,0.0,58219.77,46803.43,116439.54,22832.68,East,Completed
ORD02940,2025-04-05,CUST0228,P0003,2,0.05,15581.84,9713.54,29605.5,10178.42,South,Completed
ORD07727,2025-04-05,CUST0865,P0156,1,0.05,44665.09,34536.09,42431.84,7895.75,South,Completed
ORD09659,2025-04-05,CUST0183,P0065,1,0.0,21598.4,14583.7,21598.4,7014.7,South,Completed
ORD01909,2025-04-05,CUST0474,P0150,5,0.05,53462.03,36715.83,253944.64,70365.49,North,Completed
ORD07424,2025-04-05,CUST0886,P0084,1,0.0,52737.3,39276.81,52737.3,13460.49,East,Completed
ORD06734,2025-04-05,CUST0178,P0022,2,0.05,68945.25,50670.94,130995.98,29654.1,West,Completed
ORD06661,2025-04-05,CUST0012,P0138,1,0.0,30903.45,21958.56,30903.45,8944.89,East,Completed
ORD00534,2025-04-05,CUST0973,P0184,2,0.1,20719.38,13335.4,37294.88,10624.08,South,Completed
ORD06289,2025-04-05,CUST0743,P0077,1,0.0,50047.7,37709.36,50047.7,12338.34,North,Cancelled
ORD00616,2025-04-05,CUST0660,P0194,2,0.2,13118.34,8489.04,20989.34,4011.26,North,Completed
ORD03644,2025-04-06,CUST0845,P0190,1,0.1,2296.71,1653.27,2067.04,413.77,West,Completed
ORD02467,2025-04-06,CUST0012,P0160,3,0.0,680.29,502.6,2040.87,533.07,East,Completed
ORD07224,2025-04-06,CUST0348,P0076,3,0.15,20055.1,12211.29,51140.5,14506.63,East,Completed
ORD00314,2025-04-06,CUST0251,P0092,1,0.1,41737.72,32410.53,37563.95,5153.42,North,Completed
ORD08580,2025-04-06,CUST0181,P0093,2,0.05,10189.0,5911.08,19359.1,7536.94,East,Completed
ORD01858,2025-04-06,CUST0200,P0111,1,0.0,32818.12,23699.05,32818.12,9119.07,North,Completed
ORD03040,2025-04-06,CUST0106,P0001,2,0.05,796.95,617.19,1514.2,279.82,North,Completed
ORD03481,2025-04-06,CUST0326,P0148,3,0.15,15484.78,9786.06,39486.19,10128.01,North,Completed
ORD04374,2025-04-06,CUST0643,P0151,1,0.05,5830.9,4665.5,5539.36,873.86,South,Completed
ORD07671,2025-04-06,CUST0818,P0028,3,0.15,1126.53,825.36,2872.65,396.57,North,Completed
ORD03634,2025-04-06,CUST0073,P0067,1,0.1,5933.02,4559.02,5339.72,780.7,West,Completed
ORD01552,2025-04-06,CUST0992,P0081,1,0.1,11112.68,6733.47,10001.41,3267.94,East,Completed
ORD04030,2025-04-06,CUST0466,P0177,2,0.1,783.92,493.62,1411.06,423.82,South,Completed
ORD04006,2025-04-06,CUST0751,P0145,2,0.0,360.46,274.8,720.92,171.32,West,Completed
ORD00255,2025-04-06,CUST0586,P0050,2,0.1,8890.7,6907.47,16003.26,2188.32,North,Completed
ORD09360,2025-04-06,CUST0695,P0149,3,0.05,2427.19,1691.68,6917.49,1842.45,North,Cancelled
ORD00622,2025-04-06,CUST0522,P0056,3,0.05,312.97,191.98,891.96,316.02,East,Completed
ORD08590,2025-04-07,CUST0091,P0018,1,0.2,4596.19,2818.15,3676.95,858.8,North,Pending
ORD06926,2025-04-07,CUST0047,P0114,3,0.05,16683.02,10299.86,47546.61,16647.03,East,Completed
ORD04567,2025-04-07,CUST0996,P0072,3,0.15,28334.52,18780.23,72253.03,15912.34,South,Completed
ORD07499,2025-04-07,CUST0653,P0178,2,0.1,4042.35,3098.18,7276.23,1079.87,West,Completed
ORD06583,2025-04-07,CUST0008,P0160,3,0.0,680.29,502.6,2040.87,533.07,West,Completed
ORD04119,2025-04-07,CUST0280,P0118,1,0.15,36939.5,23012.67,31398.58,8385.91,South,Completed
ORD07202,2025-04-07,CUST0997,P0063,2,0.05,12786.65,8472.2,24294.64,7350.24,South,Completed
ORD02483,2025-04-07,CUST0360,P0134,3,0.1,34117.69,25387.96,92117.76,15953.88,West,Completed
ORD03200,2025-04-07,CUST0641,P0007,2,0.1,8223.62,4942.96,14802.52,4916.6,North,Cancelled
ORD09178,2025-04-07,CUST0556,P0178,2,0.05,4042.35,3098.18,7680.46,1484.1,North,Completed
ORD00139,2025-04-08,CUST0589,P0016,1,0.05,20196.29,11952.43,19186.48,7234.05,East,Completed
ORD04596,2025-04-08,CUST0232,P0105,1,0.15,17543.79,10886.17,14912.22,4026.05,East,Completed
ORD09566,2025-04-08,CUST0874,P0109,3,0.1,17118.52,11998.2,46220.0,10225.4,North,Completed
ORD00855,2025-04-08,CUST0587,P0155,1,0.1,9808.49,7104.6,8827.64,1723.04,North,Completed
ORD00005,2025-04-08,CUST0086,P0178,2,0.15,4042.35,3098.18,6872.0,675.64,West,Completed
ORD00165,2025-04-08,CUST0845,P0092,2,0.0,41737.72,32410.53,83475.44,18654.38,West,Pending
ORD04022,2025-04-08,CUST0218,P0197,1,0.15,15133.72,11886.63,12863.66,977.03,South,Completed
ORD08576,2025-04-08,CUST0617,P0123,2,0.0,77212.89,61788.48,154425.78,30848.82,South,Completed
ORD01356,2025-04-08,CUST0867,P0162,1,0.15,46811.03,27452.25,39789.38,12337.13,West,Completed
ORD02438,2025-04-08,CUST0733,P0162,1,0.05,46811.03,27452.25,44470.48,17018.23,South,Completed
ORD05402,2025-04-09,CUST0596,P0194,2,0.0,13118.34,8489.04,26236.68,9258.6,South,Completed
ORD07397,2025-04-09,CUST0778,P0096,3,0.0,22714.55,15565.72,68143.65,21446.49,East,Completed
ORD05321,2025-04-09,CUST0533,P0060,3,0.0,32036.99,25220.68,96110.97,20448.93,East,Completed
ORD01141,2025-04-09,CUST0727,P0117,2,0.0,62915.52,50890.59,125831.04,24049.86,East,Completed
ORD06955,2025-04-09,CUST0572,P0140,2,0.1,12142.58,7367.6,21856.64,7121.44,East,Completed
ORD00208,2025-04-09,CUST0068,P0172,2,0.0,53066.45,36105.87,106132.9,33921.16,North,Completed
ORD00133,2025-04-09,CUST0588,P0158,3,0.2,33125.35,22293.09,79500.84,12621.57,South,Completed
ORD02255,2025-04-09,CUST0738,P0160,1,0.2,680.29,502.6,544.23,41.63,South,Completed
ORD04315,2025-04-09,CUST0849,P0173,3,0.0,4259.82,3133.66,12779.46,3378.48,West,Completed
ORD07522,2025-04-09,CUST0134,P0126,4,0.15,41856.24,33581.85,142311.22,7983.82,East,Completed
ORD03760,2025-04-09,CUST0783,P0195,1,0.0,15240.21,11813.53,15240.21,3426.68,East,Completed
ORD00514,2025-04-09,CUST0552,P0057,1,0.1,911.67,722.71,820.5,97.79,East,Completed
ORD02493,2025-04-09,CUST0180,P0103,4,0.0,585.19,454.75,2340.76,521.76,East,Completed
ORD06448,2025-04-09,CUST0421,P0186,1,0.05,36288.91,28203.52,34474.46,6270.94,North,Completed
ORD09375,2025-04-09,CUST0149,P0105,1,0.0,17543.79,10886.17,17543.79,6657.62,West,Completed
ORD01668,2025-04-10,CUST0759,P0062,1,0.15,7214.7,5874.11,6132.5,258.39,West,Completed
ORD03141,2025-04-10,CUST0461,P0120,1,0.0,57866.38,42176.37,57866.38,15690.01,West,Completed
ORD08391,2025-04-10,CUST0895,P0199,5,0.05,404.58,321.41,1921.76,314.71,East,Completed
ORD04377,2025-04-10,CUST0562,P0105,4,0.05,17543.79,10886.17,66666.4,23121.72,West,Completed
ORD02809,2025-04-10,CUST0447,P0187,3,0.05,184.91,120.68,526.99,164.95,South,Completed
ORD01325,2025-04-10,CUST0561,P0130,1,0.2,58219.77,46803.43,46575.82,-227.61,South,Completed
ORD04618,2025-04-10,CUST0832,P0051,1,0.15,57445.48,35926.8,48828.66,12901.86,South,Completed
ORD06979,2025-04-10,CUST0394,P0088,4,0.05,58121.47,37608.48,220861.59,70427.67,South,Completed
ORD06512,2025-04-10,CUST0676,P0125,3,0.15,3155.85,2083.96,8047.42,1795.54,South,Completed
ORD04233,2025-04-10,CUST0187,P0116,2,0.1,41570.44,24508.05,74826.79,25810.69,North,Completed
ORD09752,2025-04-10,CUST0307,P0174,2,0.1,46343.47,28863.63,83418.25,25690.99,West,Completed
ORD02254,2025-04-10,CUST0293,P0134,1,0.1,34117.69,25387.96,30705.92,5317.96,West,Completed
ORD04436,2025-04-10,CUST0759,P0164,2,0.05,8324.94,6438.05,15817.39,2941.29,West,Completed
ORD01052,2025-04-10,CUST0257,P0007,3,0.05,8223.62,4942.96,23437.32,8608.44,East,Completed
ORD06263,2025-04-10,CUST0182,P0063,2,0.0,12786.65,8472.2,25573.3,8628.9,North,Completed
ORD06794,2025-04-10,CUST0486,P0135,1,0.1,644.55,462.91,580.1,117.19,West,Completed
ORD08803,2025-04-10,CUST0520,P0080,2,0.1,67342.32,40846.14,121216.18,39523.9,East,Completed
ORD06501,2025-04-10,CUST0135,P0018,2,0.0,4596.19,2818.15,9192.38,3556.08,North,Completed
ORD07900,2025-04-11,CUST0976,P0020,3,0.0,14020.39,10682.55,42061.17,10013.52,East,Completed
ORD04732,2025-04-11,CUST0920,P0022,3,0.05,68945.25,50670.94,196493.96,44481.14,West,Completed
ORD07496,2025-04-11,CUST0588,P0083,2,0.1,374.27,289.15,673.69,95.39,South,Completed
ORD08488,2025-04-11,CUST0603,P0080,2,0.05,67342.32,40846.14,127950.41,46258.13,East,Completed
ORD01475,2025-04-11,CUST0845,P0111,2,0.05,32818.12,23699.05,62354.43,14956.33,West,Completed
ORD05360,2025-04-11,CUST0867,P0093,1,0.15,10189.0,5911.08,8660.65,2749.57,West,Completed
ORD07852,2025-04-11,CUST0855,P0127,3,0.1,37425.34,27064.21,101048.42,19855.79,East,Completed
ORD04503,2025-04-11,CUST0072,P0087,2,0.0,11879.48,8267.83,23758.96,7223.3,East,Completed
ORD07195,2025-04-11,CUST0325,P0109,5,0.15,17118.52,11998.2,72753.71,12762.71,North,Completed
ORD06877,2025-04-11,CUST0063,P0095,2,0.1,9513.49,6495.4,17124.28,4133.48,North,Completed
ORD05538,2025-04-11,CUST0609,P0187,1,0.1,184.91,120.68,166.42,45.74,North,Completed
ORD08468,2025-04-12,CUST0613,P0042,1,0.1,10683.47,6548.45,9615.12,3066.67,West,Completed
ORD09255,2025-04-12,CUST0544,P0101,2,0.0,51632.3,38843.18,103264.6,25578.24,East,Completed
ORD06807,2025-04-12,CUST0396,P0194,2,0.15,13118.34,8489.04,22301.18,5323.1,West,Completed
ORD04921,2025-04-12,CUST0813,P0038,1,0.1,25137.53,20080.78,22623.78,2543.0,East,Completed
ORD01282,2025-04-12,CUST0577,P0083,1,0.05,374.27,289.15,355.56,66.41,West,Completed
ORD04113,2025-04-12,CUST0051,P0117,2,0.0,62915.52,50890.59,125831.04,24049.86,West,Completed
ORD00565,2025-04-12,CUST0758,P0112,1,0.2,20043.19,13117.75,16034.55,2916.8,West,Completed
ORD08510,2025-04-12,CUST0881,P0057,2,0.15,911.67,722.71,1549.84,104.42,East,Completed
ORD05871,2025-04-12,CUST0354,P0049,2,0.0,56396.41,44202.58,112792.82,24387.66,West,Completed
ORD00223,2025-04-12,CUST0524,P0108,1,0.0,673.74,534.39,673.74,139.35,East,Completed
ORD01222,2025-04-12,CUST0207,P0042,3,0.15,10683.47,6548.45,27242.85,7597.5,South,Completed
ORD06402,2025-04-12,CUST0816,P0062,1,0.05,7214.7,5874.11,6853.96,979.85,East,Completed
ORD02950,2025-04-13,CUST0732,P0138,4,0.0,30903.45,21958.56,123613.8,35779.56,East,Completed
ORD05785,2025-04-13,CUST0852,P0121,1,0.05,975.23,645.82,926.47,280.65,North,Completed
ORD09601,2025-04-13,CUST0939,P0151,1,0.2,5830.9,4665.5,4664.72,-0.78,North,Completed
ORD07208,2025-04-13,CUST0475,P0127,1,0.1,37425.34,27064.21,33682.81,6618.6,West,Completed
ORD00771,2025-04-13,CUST0152,P0199,3,0.0,404.58,321.41,1213.74,249.51,South,Completed
ORD09213,2025-04-13,CUST0625,P0183,1,0.0,66902.29,49511.88,66902.29,17390.41,West,Completed
ORD00403,2025-04-13,CUST0206,P0153,2,0.15,318.53,240.18,541.5,61.14,East,Completed
ORD00700,2025-04-13,CUST0380,P0167,2,0.0,7469.0,4701.25,14938.0,5535.5,East,Cancelled
ORD01557,2025-04-13,CUST0896,P0065,3,0.1,21598.4,14583.7,58315.68,14564.58,South,Completed
ORD05042,2025-04-13,CUST0561,P0093,1,0.0,10189.0,5911.08,10189.0,4277.92,South,Completed
ORD03591,2025-04-14,CUST0963,P0091,1,0.15,49350.46,32483.04,41947.89,9464.85,South,Completed
ORD01907,2025-04-14,CUST0528,P0053,3,0.05,422.63,329.18,1204.5,216.96,South,Completed
ORD01168,2025-04-14,CUST0314,P0148,3,0.15,15484.78,9786.06,39486.19,10128.01,East,Completed
ORD03213,2025-04-14,CUST0146,P0185,2,0.0,76508.26,54062.35,153016.52,44891.82,West,Completed
ORD05571,2025-04-14,CUST0855,P0102,2,0.1,4149.23,2427.22,7468.61,2614.17,East,Completed
ORD00023,2025-04-14,CUST0070,P0047,3,0.1,1004.63,793.19,2712.5,332.93,East,Completed
ORD09407,2025-04-14,CUST0934,P0021,2,0.2,6878.25,5112.71,11005.2,779.78,East,Completed
ORD03304,2025-04-14,CUST0893,P0134,2,0.05,34117.69,25387.96,64823.61,14047.69,North,Completed
ORD08878,2025-04-14,CUST0076,P0037,1,0.1,58358.81,45854.58,52522.93,6668.35,South,Completed
ORD04778,2025-04-14,CUST0383,P0089,1,0.15,74892.61,50603.0,63658.72,13055.72,North,Completed
ORD02384,2025-04-14,CUST0785,P0031,3,0.15,12553.48,9544.5,32011.37,3377.87,East,Completed
ORD00940,2025-04-14,CUST0862,P0020,1,0.0,14020.39,10682.55,14020.39,3337.84,West,Completed
ORD02574,2025-04-14,CUST0999,P0183,1,0.1,66902.29,49511.88,60212.06,10700.18,North,Cancelled
ORD07589,2025-04-14,CUST0133,P0041,3,0.1,4003.54,2383.24,10809.56,3659.84,South,Completed
ORD06066,2025-04-14,CUST0540,P0102,2,0.05,4149.23,2427.22,7883.54,3029.1,West,Completed
ORD09282,2025-04-14,CUST0234,P0042,4,0.05,10683.47,6548.45,40597.19,14403.39,South,Completed
ORD02298,2025-04-14,CUST0874,P0032,2,0.1,39614.35,24714.41,71305.83,21877.01,North,Completed
ORD00075,2025-04-15,CUST0402,P0023,1,0.0,29957.89,23747.89,29957.89,6210.0,North,Completed
ORD03093,2025-04-15,CUST0914,P0138,1,0.15,30903.45,21958.56,26267.93,4309.37,East,Completed
ORD08138,2025-04-15,CUST0939,P0048,4,0.1,1114.29,876.19,4011.44,506.68,North,Completed
ORD00307,2025-04-15,CUST0746,P0185,1,0.1,76508.26,54062.35,68857.43,14795.08,East,Completed
ORD05172,2025-04-15,CUST0842,P0035,1,0.05,56932.8,34147.01,54086.16,19939.15,North,Completed
ORD07878,2025-04-15,CUST0360,P0187,4,0.0,184.91,120.68,739.64,256.92,West,Pending
ORD01001,2025-04-15,CUST0615,P0096,1,0.0,22714.55,15565.72,22714.55,7148.83,West,Completed
ORD06076,2025-04-15,CUST0641,P0170,1,0.1,750.66,462.97,675.59,212.62,North,Completed
ORD07238,2025-04-15,CUST0913,P0023,1,0.0,29957.89,23747.89,29957.89,6210.0,North,Cancelled
ORD01899,2025-04-15,CUST0305,P0058,3,0.05,7347.4,4878.31,20940.09,6305.16,East,Completed
ORD01233,2025-04-15,CUST0299,P0062,3,0.2,7214.7,5874.11,17315.28,-307.05,North,Completed
ORD03619,2025-04-15,CUST0870,P0041,5,0.1,4003.54,2383.24,18015.93,6099.73,West,Completed
ORD03360,2025-04-15,CUST0110,P0106,1,0.15,526.46,370.01,447.49,77.48,West,Completed
ORD03548,2025-04-15,CUST0132,P0114,2,0.0,16683.02,10299.86,33366.04,12766.32,South,Completed
ORD02427,2025-04-15,CUST0864,P0180,2,0.05,23838.69,16889.32,45293.51,11514.87,South,Completed
ORD09015,2025-04-16,CUST0605,P0102,4,0.15,4149.23,2427.22,14107.38,4398.5,West,Completed
ORD09032,2025-04-16,CUST0071,P0106,1,0.0,526.46,370.01,526.46,156.45,West,Completed
ORD07649,2025-04-16,CUST0982,P0199,3,0.0,404.58,321.41,1213.74,249.51,East,Completed
ORD03927,2025-04-16,CUST0575,P0101,3,0.1,51632.3,38843.18,139407.21,22877.67,South,Completed
ORD07097,2025-04-16,CUST0712,P0044,3,0.1,59463.82,38619.72,160552.31,44693.15,West,Completed
ORD00754,2025-04-16,CUST0231,P0052,1,0.1,7440.54,4865.29,6696.49,1831.2,South,Completed
ORD09380,2025-04-16,CUST0877,P0037,5,0.15,58358.81,45854.58,248024.94,18752.04,East,Completed
ORD02516,2025-04-16,CUST0874,P0108,1,0.1,673.74,534.39,606.37,71.98,North,Completed
ORD06358,2025-04-16,CUST0492,P0184,1,0.05,20719.38,13335.4,19683.41,6348.01,South,Completed
ORD07453,2025-04-16,CUST0303,P0142,1,0.2,4782.08,3282.92,3825.66,542.74,West,Completed
ORD02686,2025-04-16,CUST0788,P0135,3,0.05,644.55,462.91,1836.97,448.24,West,Completed
ORD02157,2025-04-16,CUST0968,P0055,1,0.05,6422.29,4812.56,6101.18,1288.62,South,Completed
ORD02238,2025-04-16,CUST0309,P0111,1,0.05,32818.12,23699.05,31177.21,7478.16,South,Completed
ORD02441,2025-04-16,CUST0444,P0018,2,0.1,4596.19,2818.15,8273.14,2636.84,South,Completed
ORD01205,2025-04-16,CUST0922,P0050,1,0.0,8890.7,6907.47,8890.7,1983.23,West,Completed
ORD07826,2025-04-16,CUST0502,P0056,1,0.0,312.97,191.98,312.97,120.99,South,Completed
ORD04995,2025-04-16,CUST0377,P0100,3,0.0,36262.87,22462.27,108788.61,41401.8,South,Completed
ORD00450,2025-04-16,CUST0069,P0165,1,0.05,728.57,514.38,692.14,177.76,West,Completed
ORD04201,2025-04-16,CUST0785,P0129,1,0.1,43850.97,27932.89,39465.87,11532.98,East,Completed
ORD02074,2025-04-16,CUST0396,P0022,1,0.05,68945.25,50670.94,65497.99,14827.05,West,Completed
ORD01628,2025-04-16,CUST0974,P0149,1,0.1,2427.19,1691.68,2184.47,492.79,South,Completed
ORD07872,2025-04-17,CUST0124,P0182,2,0.15,15590.28,12172.38,26503.48,2158.72,North,Completed
ORD06750,2025-04-17,CUST0325,P0188,3,0.1,5272.37,3130.49,14235.4,4843.93,North,Completed
ORD04755,2025-04-17,CUST0965,P0015,2,0.05,18890.43,14292.88,35891.82,7306.06,North,Completed
ORD05598,2025-04-17,CUST0356,P0179,4,0.05,12818.17,8758.44,48709.05,13675.29,West,Completed
ORD03154,2025-04-17,CUST0587,P0085,3,0.15,73872.61,56554.21,188375.16,18712.53,North,Completed
ORD03474,2025-04-17,CUST0115,P0056,1,0.0,312.97,191.98,312.97,120.99,North,Completed
ORD00967,2025-04-17,CUST0637,P0106,2,0.1,526.46,370.01,947.63,207.61,North,Completed
ORD07571,2025-04-17,CUST0520,P0193,1,0.0,8422.11,6102.6,8422.11,2319.51,East,Completed
ORD02265,2025-04-17,CUST0462,P0191,4,0.05,8442.75,6441.23,32082.45,6317.53,North,Completed
ORD08120,2025-04-17,CUST0536,P0151,3,0.0,5830.9,4665.5,17492.7,3496.2,East,Completed
ORD09116,2025-04-17,CUST0330,P0191,3,0.1,8442.75,6441.23,22795.42,3471.73,West,Completed
ORD02381,2025-04-18,CUST0552,P0137,3,0.05,3327.18,2091.19,9482.46,3208.89,East,Completed
ORD06763,2025-04-18,CUST0969,P0025,2,0.05,49570.32,37427.29,94183.61,19329.03,East,Completed
ORD04637,2025-04-18,CUST0388,P0099,1,0.0,908.9,743.94,908.9,164.96,East,Completed
ORD00511,2025-04-18,CUST0277,P0113,1,0.05,26426.25,19479.69,25104.94,5625.25,West,Completed
ORD02711,2025-04-18,CUST0118,P0024,1,0.0,792.84,470.21,792.84,322.63,North,Completed
ORD08926,2025-04-18,CUST0899,P0005,1,0.0,759.62,541.79,759.62,217.83,South,Completed
ORD08973,2025-04-18,CUST0029,P0158,1,0.0,33125.35,22293.09,33125.35,10832.26,North,Completed
ORD04353,2025-04-18,CUST0746,P0102,2,0.0,4149.23,2427.22,8298.46,3444.02,East,Completed
ORD08907,2025-04-18,CUST0930,P0031,4,0.1,12553.48,9544.5,45192.53,7014.53,West,Completed
ORD08669,2025-04-18,CUST0006,P0123,3,0.05,77212.89,61788.48,220056.74,34691.3,South,Completed
ORD06910,2025-04-18,CUST0794,P0017,1,0.1,17284.69,10596.05,15556.22,4960.17,West,Completed
ORD06392,2025-04-18,CUST0260,P0176,1,0.05,9388.62,6512.18,8919.19,2407.01,East,Completed
ORD04000,2025-04-18,CUST0725,P0031,1,0.05,12553.48,9544.5,11925.81,2381.31,South,Completed
ORD05510,2025-04-18,CUST0931,P0154,1,0.05,693.93,462.98,659.23,196.25,West,Completed
ORD00366,2025-04-18,CUST0420,P0086,2,0.1,519.82,398.56,935.68,138.56,South,Completed
ORD01942,2025-04-18,CUST0073,P0145,1,0.1,360.46,274.8,324.41,49.61,West,Pending
ORD01939,2025-04-19,CUST0743,P0078,1,0.0,66750.32,43644.61,66750.32,23105.71,North,Completed
ORD02907,2025-04-19,CUST0475,P0014,1,0.1,18597.52,13817.51,16737.77,2920.26,West,Completed
ORD02515,2025-04-19,CUST0231,P0154,2,0.05,693.93,462.98,1318.47,392.51,South,Completed
ORD01491,2025-04-19,CUST0767,P0086,4,0.2,519.82,398.56,1663.42,69.18,West,Completed
ORD03050,2025-04-19,CUST0170,P0045,2,0.1,2217.01,1355.93,3990.62,1278.76,West,Completed
ORD02890,2025-04-19,CUST0627,P0001,1,0.05,796.95,617.19,757.1,139.91,West,Completed
ORD06999,2025-04-19,CUST0001,P0138,1,0.05,30903.45,21958.56,29358.28,7399.72,West,Completed
ORD03188,2025-04-19,CUST0849,P0005,1,0.0,759.62,541.79,759.62,217.83,West,Completed
ORD05546,2025-04-19,CUST0705,P0079,1,0.05,409.51,310.64,389.03,78.39,West,Pending
ORD06604,2025-04-19,CUST0793,P0183,3,0.15,66902.29,49511.88,170600.84,22065.2,South,Completed
ORD09980,2025-04-19,CUST0560,P0042,2,0.15,10683.47,6548.45,18161.9,5065.0,West,Completed
ORD04708,2025-04-19,CUST0479,P0031,2,0.0,12553.48,9544.5,25106.96,6017.96,North,Completed
ORD02021,2025-04-19,CUST0543,P0032,1,0.0,39614.35,24714.41,39614.35,14899.94,East,Completed
ORD09006,2025-04-19,CUST0497,P0061,1,0.0,49224.25,33194.34,49224.25,16029.91,East,Completed
ORD08978,2025-04-19,CUST0791,P0106,3,0.0,526.46,370.01,1579.38,469.35,East,Pending
ORD09656,2025-04-20,CUST0189,P0144,4,0.15,501.46,362.98,1704.96,253.04,North,Completed
ORD07415,2025-04-20,CUST0942,P0168,1,0.05,1780.85,1042.33,1691.81,649.48,South,Completed
ORD02492,2025-04-20,CUST0845,P0072,5,0.1,28334.52,18780.23,127505.34,33604.19,West,Completed
ORD02835,2025-04-20,CUST0313,P0085,1,0.2,73872.61,56554.21,59098.09,2543.88,North,Completed
ORD07534,2025-04-20,CUST0013,P0063,2,0.1,12786.65,8472.2,23015.97,6071.57,East,Completed
ORD02352,2025-04-20,CUST0258,P0003,4,0.0,15581.84,9713.54,62327.36,23473.2,North,Completed
ORD00844,2025-04-20,CUST0894,P0082,1,0.15,14583.87,9123.23,12396.29,3273.06,South,Completed
ORD07546,2025-04-20,CUST0939,P0104,2,0.0,22437.82,18159.1,44875.64,8557.44,North,Completed
ORD08454,2025-04-20,CUST0711,P0037,3,0.15,58358.81,45854.58,148814.97,11251.23,East,Completed
ORD08262,2025-04-20,CUST0568,P0168,1,0.0,1780.85,1042.33,1780.85,738.52,West,Completed
ORD03195,2025-04-20,CUST0393,P0063,1,0.0,12786.65,8472.2,12786.65,4314.45,South,Completed
ORD02147,2025-04-20,CUST0968,P0026,2,0.0,53440.86,40308.66,106881.72,26264.4,South,Completed
ORD07215,2025-04-20,CUST0703,P0115,1,0.1,9526.21,7338.52,8573.59,1235.07,North,Completed
ORD00521,2025-04-20,CUST0980,P0063,3,0.1,12786.65,8472.2,34523.96,9107.36,West,Completed
ORD09476,2025-04-20,CUST0372,P0087,3,0.15,11879.48,8267.83,30292.67,5489.18,North,Completed
ORD02022,2025-04-21,CUST0984,P0137,2,0.05,3327.18,2091.19,6321.64,2139.26,West,Completed
ORD03842,2025-04-21,CUST0148,P0086,3,0.1,519.82,398.56,1403.51,207.83,North,Completed
ORD03237,2025-04-21,CUST0730,P0182,1,0.1,15590.28,12172.38,14031.25,1858.87,East,Pending
ORD07270,2025-04-21,CUST0392,P0162,3,0.1,46811.03,27452.25,126389.78,44033.03,North,Completed
ORD06148,2025-04-21,CUST0080,P0068,2,0.05,41326.98,32432.51,78521.26,13656.24,West,Completed
ORD03720,2025-04-21,CUST0746,P0084,2,0.0,52737.3,39276.81,105474.6,26920.98,East,Completed
ORD04694,2025-04-21,CUST0710,P0015,2,0.1,18890.43,14292.88,34002.77,5417.01,West,Completed
ORD08801,2025-04-21,CUST0591,P0137,1,0.05,3327.18,2091.19,3160.82,1069.63,South,Completed
ORD06756,2025-04-21,CUST0469,P0023,1,0.15,29957.89,23747.89,25464.21,1716.32,South,Completed
ORD05023,2025-04-21,CUST0919,P0024,3,0.1,792.84,470.21,2140.67,730.04,East,Completed
ORD04153,2025-04-21,CUST0189,P0119,5,0.1,11965.18,9132.35,53843.31,8181.56,North,Completed
ORD04699,2025-04-22,CUST0112,P0104,2,0.1,22437.82,18159.1,40388.08,4069.88,North,Completed
ORD07420,2025-04-22,CUST0762,P0161,4,0.0,36827.84,23163.81,147311.36,54656.12,South,Completed
ORD03935,2025-04-22,CUST0192,P0149,4,0.05,2427.19,1691.68,9223.32,2456.6,North,Completed
ORD02900,2025-04-22,CUST0340,P0082,1,0.05,14583.87,9123.23,13854.68,4731.45,West,Completed
ORD03691,2025-04-22,CUST0596,P0182,1,0.2,15590.28,12172.38,12472.22,299.84,South,Completed
ORD06619,2025-04-22,CUST0856,P0032,1,0.05,39614.35,24714.41,37633.63,12919.22,West,Cancelled
ORD05147,2025-04-22,CUST0517,P0032,1,0.1,39614.35,24714.41,35652.92,10938.51,East,Completed
ORD09691,2025-04-22,CUST0568,P0012,4,0.1,4072.78,2687.49,14662.01,3912.05,West,Completed
ORD05065,2025-04-22,CUST0891,P0199,1,0.1,404.58,321.41,364.12,42.71,West,Completed
ORD00222,2025-04-22,CUST0521,P0200,1,0.05,37954.59,28614.99,36056.86,7441.87,North,Cancelled
ORD03363,2025-04-22,CUST0354,P0046,2,0.05,61902.8,37121.36,117615.32,43372.6,West,Completed
ORD05759,2025-04-22,CUST0675,P0151,5,0.0,5830.9,4665.5,29154.5,5827.0,North,Completed
ORD00054,2025-04-22,CUST0232,P0072,1,0.0,28334.52,18780.23,28334.52,9554.29,East,Completed
ORD05704,2025-04-22,CUST0320,P0137,1,0.1,3327.18,2091.19,2994.46,903.27,West,Completed
ORD04214,2025-04-22,CUST0342,P0107,2,0.15,72638.94,50890.24,123486.2,21705.72,South,Completed
ORD01359,2025-04-22,CUST0506,P0121,1,0.1,975.23,645.82,877.71,231.89,North,Completed
ORD02167,2025-04-22,CUST0718,P0111,2,0.0,32818.12,23699.05,65636.24,18238.14,West,Cancelled
ORD04756,2025-04-22,CUST0929,P0131,1,0.05,896.08,597.69,851.28,253.59,South,Completed
ORD00207,2025-04-23,CUST0255,P0051,3,0.0,57445.48,35926.8,172336.44,64556.04,South,Completed
ORD01274,2025-04-23,CUST0798,P0009,4,0.1,724.93,490.11,2609.75,649.31,North,Completed
ORD01131,2025-04-23,CUST0216,P0042,4,0.1,10683.47,6548.45,38460.49,12266.69,South,Completed
ORD04684,2025-04-23,CUST0497,P0068,1,0.0,41326.98,32432.51,41326.98,8894.47,East,Completed
ORD00115,2025-04-23,CUST0904,P0153,2,0.05,318.53,240.18,605.21,124.85,North,Completed
ORD09738,2025-04-23,CUST0321,P0006,1,0.05,51610.25,30768.51,49029.74,18261.23,East,Completed
ORD06678,2025-04-23,CUST0521,P0066,2,0.15,15521.48,11472.78,26386.52,3440.96,North,Completed
ORD08179,2025-04-23,CUST0956,P0150,2,0.0,53462.03,36715.83,106924.06,33492.4,West,Completed
ORD05844,2025-04-23,CUST0136,P0161,1,0.1,36827.84,23163.81,33145.06,9981.25,West,Completed
ORD04108,2025-04-23,CUST0856,P0034,1,0.0,143.7,100.11,143.7,43.59,West,Completed
ORD01756,2025-04-23,CUST0556,P0002,1,0.1,6203.85,4038.58,5583.46,1544.88,North,Completed
ORD01620,2025-04-24,CUST0988,P0181,2,0.2,8670.4,5624.95,13872.64,2622.74,South,Completed
ORD06083,2025-04-24,CUST0793,P0143,5,0.1,56727.96,35563.32,255275.82,77459.22,South,Completed
ORD09195,2025-04-24,CUST0393,P0018,1,0.05,4596.19,2818.15,4366.38,1548.23,South,Completed
ORD04205,2025-04-24,CUST0047,P0018,1,0.05,4596.19,2818.15,4366.38,1548.23,East,Completed
ORD01004,2025-04-24,CUST0043,P0192,3,0.05,20821.66,13717.57,59341.73,18189.02,East,Completed
ORD07539,2025-04-24,CUST0095,P0073,2,0.1,15561.42,10813.46,28010.56,6383.64,West,Completed
ORD01231,2025-04-24,CUST0115,P0127,3,0.0,37425.34,27064.21,112276.02,31083.39,North,Completed
ORD09341,2025-04-24,CUST0086,P0151,1,0.0,5830.9,4665.5,5830.9,1165.4,West,Completed
ORD06688,2025-04-24,CUST0485,P0196,4,0.0,385.78,231.62,1543.12,616.64,South,Completed
ORD02319,2025-04-24,CUST0539,P0196,3,0.0,385.78,231.62,1157.34,462.48,East,Cancelled
ORD01514,2025-04-24,CUST0354,P0078,1,0.05,66750.32,43644.61,63412.8,19768.19,West,Completed
ORD06708,2025-04-24,CUST0277,P0027,1,0.15,20926.64,14284.36,17787.64,3503.28,West,Completed
ORD02027,2025-04-24,CUST0736,P0077,3,0.1,50047.7,37709.36,135128.79,22000.71,West,Completed
ORD02368,2025-04-24,CUST0006,P0025,2,0.15,49570.32,37427.29,84269.54,9414.96,South,Completed
ORD09304,2025-04-24,CUST0772,P0119,2,0.05,11965.18,9132.35,22733.84,4469.14,West,Completed
ORD09883,2025-04-24,CUST0078,P0093,1,0.15,10189.0,5911.08,8660.65,2749.57,South,Cancelled
ORD01143,2025-04-24,CUST0389,P0189,4,0.0,38312.77,25713.12,153251.08,50398.6,East,Completed
ORD09421,2025-04-25,CUST0465,P0086,1,0.0,519.82,398.56,519.82,121.26,West,Completed
ORD04226,2025-04-25,CUST0208,P0120,1,0.05,57866.38,42176.37,54973.06,12796.69,South,Completed
ORD00673,2025-04-25,CUST0204,P0078,4,0.05,66750.32,43644.61,253651.22,79072.78,North,Completed
ORD08881,2025-04-25,CUST0807,P0159,3,0.1,54205.42,36083.24,146354.63,38104.91,South,Completed
ORD09846,2025-04-25,CUST0191,P0060,4,0.0,32036.99,25220.68,128147.96,27265.24,East,Completed
ORD09581,2025-04-25,CUST0945,P0034,1,0.15,143.7,100.11,122.14,22.03,West,Completed
ORD04810,2025-04-25,CUST0624,P0134,1,0.0,34117.69,25387.96,34117.69,8729.73,East,Completed
ORD02893,2025-04-25,CUST0010,P0107,3,0.1,72638.94,50890.24,196125.14,43454.42,West,Completed
ORD06476,2025-04-25,CUST0920,P0069,2,0.0,196.15,126.8,392.3,138.7,West,Completed
ORD02927,2025-04-25,CUST0500,P0135,2,0.0,644.55,462.91,1289.1,363.28,North,Completed
ORD09886,2025-04-26,CUST0241,P0026,2,0.15,53440.86,40308.66,90849.46,10232.14,South,Completed
ORD02869,2025-04-26,CUST0363,P0167,1,0.1,7469.0,4701.25,6722.1,2020.85,South,Completed
ORD02629,2025-04-26,CUST0503,P0063,1,0.05,12786.65,8472.2,12147.32,3675.12,South,Completed
ORD05001,2025-04-26,CUST0489,P0053,5,0.05,422.63,329.18,2007.49,361.59,South,Completed
ORD02506,2025-04-26,CUST0737,P0042,1,0.1,10683.47,6548.45,9615.12,3066.67,East,Completed
ORD04364,2025-04-26,CUST0956,P0070,2,0.05,56679.56,41863.05,107691.16,23965.06,West,Pending
ORD09603,2025-04-26,CUST0386,P0044,4,0.15,59463.82,38619.72,202176.99,47698.11,West,Completed
ORD03570,2025-04-26,CUST0270,P0184,4,0.0,20719.38,13335.4,82877.52,29535.92,West,Completed
ORD01236,2025-04-26,CUST0397,P0178,2,0.0,4042.35,3098.18,8084.7,1888.34,East,Completed
ORD08766,2025-04-26,CUST0220,P0198,3,0.1,715.13,510.57,1930.85,399.14,West,Completed
ORD02487,2025-04-26,CUST0900,P0109,3,0.2,17118.52,11998.2,41084.45,5089.85,South,Completed
ORD00414,2025-04-26,CUST0428,P0036,2,0.05,1008.83,797.09,1916.78,322.6,East,Completed
ORD08461,2025-04-26,CUST0493,P0008,1,0.05,68633.55,51583.32,65201.87,13618.55,East,Completed
ORD07606,2025-04-26,CUST0580,P0069,2,0.0,196.15,126.8,392.3,138.7,West,Cancelled
ORD05818,2025-04-26,CUST0499,P0011,1,0.05,50761.69,39171.65,48223.61,9051.96,West,Completed
ORD04046,2025-04-27,CUST0799,P0180,3,0.05,23838.69,16889.32,67940.27,17272.31,East,Completed
ORD03067,2025-04-27,CUST0823,P0062,2,0.15,7214.7,5874.11,12264.99,516.77,West,Completed
ORD03186,2025-04-27,CUST0106,P0168,1,0.1,1780.85,1042.33,1602.76,560.43,North,Completed
ORD04589,2025-04-27,CUST0948,P0091,1,0.1,49350.46,32483.04,44415.41,11932.37,South,Completed
ORD02557,2025-04-27,CUST0333,P0004,3,0.15,20696.25,15931.27,52775.44,4981.63,East,Completed
ORD00689,2025-04-27,CUST0001,P0052,1,0.0,7440.54,4865.29,7440.54,2575.25,West,Completed
ORD06605,2025-04-27,CUST0234,P0168,2,0.0,1780.85,1042.33,3561.7,1477.04,South,Completed
ORD02041,2025-04-27,CUST0187,P0071,1,0.0,35759.59,27998.22,35759.59,7761.37,North,Completed
ORD00916,2025-04-27,CUST0087,P0177,1,0.05,783.92,493.62,744.72,251.1,North,Completed
ORD07009,2025-04-27,CUST0044,P0159,3,0.1,54205.42,36083.24,146354.63,38104.91,North,Completed
ORD05060,2025-04-28,CUST0373,P0064,1,0.05,20038.07,13846.76,19036.17,5189.41,North,Completed
ORD02559,2025-04-28,CUST0621,P0063,3,0.1,12786.65,8472.2,34523.96,9107.36,West,Completed
ORD02218,2025-04-28,CUST0981,P0157,3,0.0,1290.11,764.14,3870.33,1577.91,East,Completed
ORD05504,2025-04-28,CUST0728,P0090,2,0.1,446.05,334.33,802.89,134.23,West,Completed
ORD00009,2025-04-28,CUST0446,P0104,1,0.05,22437.82,18159.1,21315.93,3156.83,South,Completed
ORD02699,2025-04-28,CUST0054,P0153,1,0.05,318.53,240.18,302.6,62.42,East,Completed
ORD06463,2025-04-28,CUST0308,P0191,1,0.1,8442.75,6441.23,7598.48,1157.25,West,Completed
ORD06121,2025-04-28,CUST0216,P0064,2,0.2,20038.07,13846.76,32060.91,4367.39,South,Completed
ORD04794,2025-04-28,CUST0106,P0085,1,0.15,73872.61,56554.21,62791.72,6237.51,North,Completed
ORD09410,2025-04-28,CUST0706,P0129,2,0.1,43850.97,27932.89,78931.75,23065.97,East,Completed
ORD02969,2025-04-28,CUST0901,P0113,2,0.0,26426.25,19479.69,52852.5,13893.12,North,Completed
ORD04723,2025-04-28,CUST0994,P0133,4,0.1,30154.78,21233.5,108557.21,23623.21,South,Completed
ORD09029,2025-04-28,CUST0620,P0123,3,0.15,77212.89,61788.48,196892.87,11527.43,North,Completed
ORD06767,2025-04-29,CUST0927,P0085,2,0.15,73872.61,56554.21,125583.44,12475.02,South,Completed
ORD03874,2025-04-29,CUST0443,P0170,3,0.05,750.66,462.97,2139.38,750.47,South,Completed
ORD06799,2025-04-29,CUST0007,P0139,1,0.05,26827.4,18117.75,25486.03,7368.28,South,Completed
ORD02399,2025-04-29,CUST0596,P0098,2,0.0,15055.62,11767.46,30111.24,6576.32,South,Completed
ORD00591,2025-04-29,CUST0723,P0167,1,0.1,7469.0,4701.25,6722.1,2020.85,West,Cancelled
ORD04230,2025-04-29,CUST0124,P0115,2,0.15,9526.21,7338.52,16194.56,1517.52,North,Completed
ORD06990,2025-04-29,CUST0132,P0092,1,0.05,41737.72,32410.53,39650.83,7240.3,South,Completed
ORD09718,2025-04-29,CUST0923,P0141,2,0.05,1748.75,1100.65,3322.62,1121.32,South,Completed
ORD00529,2025-04-29,CUST0368,P0073,2,0.0,15561.42,10813.46,31122.84,9495.92,North,Completed
ORD03079,2025-04-29,CUST0056,P0066,2,0.05,15521.48,11472.78,29490.81,6545.25,North,Completed
ORD01748,2025-04-30,CUST0149,P0151,2,0.1,5830.9,4665.5,10495.62,1164.62,West,Completed
ORD09821,2025-04-30,CUST0271,P0143,2,0.1,56727.96,35563.32,102110.33,30983.69,East,Completed
ORD00236,2025-04-30,CUST0615,P0103,2,0.05,585.19,454.75,1111.86,202.36,West,Completed
ORD07272,2025-04-30,CUST0629,P0104,2,0.05,22437.82,18159.1,42631.86,6313.66,North,Completed
ORD02994,2025-04-30,CUST0177,P0182,1,0.1,15590.28,12172.38,14031.25,1858.87,South,Completed
ORD04593,2025-04-30,CUST0672,P0189,2,0.1,38312.77,25713.12,68962.99,17536.75,West,Completed
ORD05428,2025-04-30,CUST0623,P0200,2,0.1,37954.59,28614.99,68318.26,11088.28,West,Completed
ORD06731,2025-04-30,CUST0337,P0101,1,0.2,51632.3,38843.18,41305.84,2462.66,East,Completed
ORD01750,2025-04-30,CUST0833,P0137,1,0.1,3327.18,2091.19,2994.46,903.27,North,Completed
ORD05488,2025-04-30,CUST0706,P0154,5,0.1,693.93,462.98,3122.68,807.78,East,Completed
ORD01578,2025-04-30,CUST0106,P0158,3,0.15,33125.35,22293.09,84469.64,17590.37,North,Completed
ORD00301,2025-04-30,CUST0682,P0035,2,0.15,56932.8,34147.01,96785.76,28491.74,West,Completed
ORD07912,2025-04-30,CUST0434,P0120,3,0.1,57866.38,42176.37,156239.23,29710.12,East,Completed
ORD04228,2025-04-30,CUST0861,P0053,1,0.0,422.63,329.18,422.63,93.45,North,Completed
ORD05792,2025-04-30,CUST0876,P0034,1,0.05,143.7,100.11,136.51,36.4,South,Completed
ORD09648,2025-04-30,CUST0785,P0108,4,0.05,673.74,534.39,2560.21,422.65,East,Completed
ORD07411,2025-04-30,CUST0933,P0100,2,0.05,36262.87,22462.27,68899.45,23974.91,South,Completed
ORD01310,2025-04-30,CUST0615,P0010,1,0.2,16072.59,10816.67,12858.07,2041.4,West,Completed
ORD02669,2025-05-01,CUST0501,P0101,3,0.1,51632.3,38843.18,139407.21,22877.67,North,Completed
ORD07046,2025-05-01,CUST0175,P0175,1,0.0,791.76,614.23,791.76,177.53,West,Completed
ORD00346,2025-05-01,CUST0560,P0172,1,0.1,53066.45,36105.87,47759.8,11653.93,West,Completed
ORD05478,2025-05-01,CUST0135,P0023,3,0.0,29957.89,23747.89,89873.67,18630.0,North,Completed
ORD05149,2025-05-01,CUST0590,P0103,2,0.05,585.19,454.75,1111.86,202.36,North,Completed
ORD09572,2025-05-01,CUST0202,P0002,4,0.2,6203.85,4038.58,19852.32,3698.0,West,Completed
ORD04848,2025-05-01,CUST0084,P0054,1,0.05,34828.61,21081.63,33087.18,12005.55,West,Completed
ORD06919,2025-05-01,CUST0399,P0139,4,0.0,26827.4,18117.75,107309.6,34838.6,East,Pending
ORD07638,2025-05-02,CUST0783,P0100,1,0.0,36262.87,22462.27,36262.87,13800.6,East,Completed
ORD07219,2025-05-02,CUST0935,P0024,1,0.0,792.84,470.21,792.84,322.63,North,Completed
ORD07627,2025-05-02,CUST0981,P0086,3,0.05,519.82,398.56,1481.49,285.81,East,Completed
ORD00876,2025-05-02,CUST0893,P0139,3,0.0,26827.4,18117.75,80482.2,26128.95,North,Completed
ORD07752,2025-05-02,CUST0711,P0113,1,0.0,26426.25,19479.69,26426.25,6946.56,East,Completed
ORD09957,2025-05-02,CUST0053,P0044,2,0.15,59463.82,38619.72,101088.49,23849.05,East,Cancelled
ORD04721,2025-05-02,CUST0909,P0184,1,0.1,20719.38,13335.4,18647.44,5312.04,East,Pending
ORD03428,2025-05-02,CUST0802,P0057,3,0.05,911.67,722.71,2598.26,430.13,West,Completed
ORD09157,2025-05-02,CUST0735,P0119,2,0.1,11965.18,9132.35,21537.32,3272.62,West,Completed
ORD00361,2025-05-02,CUST0452,P0162,1,0.05,46811.03,27452.25,44470.48,17018.23,South,Completed
ORD05331,2025-05-02,CUST0859,P0108,1,0.05,673.74,534.39,640.05,105.66,South,Cancelled
ORD03754,2025-05-02,CUST0520,P0038,2,0.1,25137.53,20080.78,45247.55,5085.99,East,Completed
ORD09414,2025-05-02,CUST0732,P0073,1,0.05,15561.42,10813.46,14783.35,3969.89,East,Cancelled
ORD05956,2025-05-02,CUST0622,P0180,1,0.05,23838.69,16889.32,22646.76,5757.44,East,Completed
ORD09766,2025-05-02,CUST0378,P0032,3,0.1,39614.35,24714.41,106958.74,32815.51,East,Completed
ORD04445,2025-05-02,CUST0631,P0120,3,0.1,57866.38,42176.37,156239.23,29710.12,North,Completed
ORD02805,2025-05-02,CUST0011,P0155,1,0.05,9808.49,7104.6,9318.07,2213.47,North,Completed
ORD08908,2025-05-02,CUST0849,P0068,2,0.1,41326.98,32432.51,74388.56,9523.54,West,Completed
ORD03342,2025-05-02,CUST0522,P0158,1,0.1,33125.35,22293.09,29812.82,7519.73,East,Completed
ORD01080,2025-05-02,CUST0199,P0017,2,0.0,17284.69,10596.05,34569.38,13377.28,North,Completed
ORD03204,2025-05-03,CUST0979,P0051,1,0.1,57445.48,35926.8,51700.93,15774.13,East,Completed
ORD08167,2025-05-03,CUST0752,P0053,1,0.1,422.63,329.18,380.37,51.19,East,Completed
ORD09624,2025-05-03,CUST0694,P0121,1,0.1,975.23,645.82,877.71,231.89,North,Completed
ORD01471,2025-05-03,CUST0047,P0109,2,0.1,17118.52,11998.2,30813.34,6816.94,East,Cancelled
ORD02010,2025-05-03,CUST0463,P0192,2,0.1,20821.66,13717.57,37478.99,10043.85,South,Completed
ORD02958,2025-05-03,CUST0079,P0026,2,0.1,53440.86,40308.66,96193.55,15576.23,North,Completed
ORD04143,2025-05-03,CUST0433,P0104,2,0.0,22437.82,18159.1,44875.64,8557.44,South,Completed
ORD00129,2025-05-03,CUST0891,P0060,2,0.05,32036.99,25220.68,60870.28,10428.92,West,Completed
ORD05821,2025-05-03,CUST0062,P0168,1,0.05,1780.85,1042.33,1691.81,649.48,East,Completed
ORD07791,2025-05-03,CUST0034,P0037,1,0.05,58358.81,45854.58,55440.87,9586.29,North,Completed
ORD08151,2025-05-03,CUST0156,P0028,2,0.05,1126.53,825.36,2140.41,489.69,West,Completed
ORD06254,2025-05-03,CUST0586,P0132,2,0.1,235.21,163.03,423.38,97.32,North,Completed
ORD08783,2025-05-03,CUST0963,P0030,4,0.15,23508.75,18216.9,79929.75,7062.15,South,Completed
ORD09363,2025-05-03,CUST0732,P0058,1,0.0,7347.4,4878.31,7347.4,2469.09,East,Completed
ORD01058,2025-05-03,CUST0863,P0031,3,0.05,12553.48,9544.5,35777.42,7143.92,South,Completed
ORD03706,2025-05-03,CUST0527,P0055,2,0.15,6422.29,4812.56,10917.89,1292.77,East,Completed
ORD01497,2025-05-04,CUST0515,P0190,2,0.15,2296.71,1653.27,3904.41,597.87,West,Completed
ORD00861,2025-05-04,CUST0447,P0071,1,0.1,35759.59,27998.22,32183.63,4185.41,South,Completed
ORD02820,2025-05-04,CUST0080,P0114,1,0.0,16683.02,10299.86,16683.02,6383.16,West,Completed
ORD08998,2025-05-04,CUST0073,P0102,1,0.1,4149.23,2427.22,3734.31,1307.09,West,Completed
ORD02552,2025-05-04,CUST0736,P0145,5,0.15,360.46,274.8,1531.96,157.96,West,Completed
ORD02055,2025-05-04,CUST0182,P0173,2,0.05,4259.82,3133.66,8093.66,1826.34,North,Completed
ORD02888,2025-05-04,CUST0127,P0048,2,0.15,1114.29,876.19,1894.29,141.91,North,Completed
ORD00477,2025-05-04,CUST0262,P0156,3,0.0,44665.09,34536.09,133995.27,30387.0,West,Pending
ORD07111,2025-05-04,CUST0165,P0032,1,0.0,39614.35,24714.41,39614.35,14899.94,West,Cancelled
ORD06117,2025-05-04,CUST0728,P0187,3,0.15,184.91,120.68,471.52,109.48,West,Completed
ORD02783,2025-05-04,CUST0878,P0104,1,0.05,22437.82,18159.1,21315.93,3156.83,North,Completed
ORD03325,2025-05-04,CUST0560,P0099,4,0.15,908.9,743.94,3090.26,114.5,West,Completed
ORD01708,2025-05-04,CUST0029,P0030,2,0.05,23508.75,18216.9,44666.62,8232.82,North,Completed
ORD02416,2025-05-04,CUST0675,P0121,5,0.15,975.23,645.82,4144.73,915.63,North,Pending
ORD04236,2025-05-04,CUST0060,P0043,4,0.1,528.82,390.77,1903.75,340.67,South,Cancelled
ORD00467,2025-05-05,CUST0609,P0175,2,0.15,791.76,614.23,1345.99,117.53,North,Completed
ORD09417,2025-05-05,CUST0801,P0186,4,0.0,36288.91,28203.52,145155.64,32341.56,East,Completed
ORD05971,2025-05-05,CUST0597,P0196,1,0.0,385.78,231.62,385.78,154.16,West,Completed
ORD06830,2025-05-05,CUST0052,P0085,2,0.15,73872.61,56554.21,125583.44,12475.02,West,Completed
ORD05849,2025-05-05,CUST0476,P0192,4,0.15,20821.66,13717.57,70793.64,15923.36,South,Completed
ORD07567,2025-05-05,CUST0180,P0160,1,0.1,680.29,502.6,612.26,109.66,East,Completed
ORD02169,2025-05-05,CUST0396,P0185,3,0.1,76508.26,54062.35,206572.3,44385.25,West,Completed
ORD08513,2025-05-05,CUST0541,P0070,1,0.0,56679.56,41863.05,56679.56,14816.51,South,Completed
ORD09425,2025-05-05,CUST0639,P0108,2,0.0,673.74,534.39,1347.48,278.7,East,Completed
ORD03780,2025-05-05,CUST0795,P0041,2,0.15,4003.54,2383.24,6806.02,2039.54,North,Completed
ORD05285,2025-05-05,CUST0438,P0133,3,0.05,30154.78,21233.5,85941.12,22240.62,West,Completed
ORD05806,2025-05-05,CUST0998,P0128,2,0.05,7160.91,4568.96,13605.73,4467.81,South,Completed
ORD00142,2025-05-06,CUST0972,P0139,1,0.0,26827.4,18117.75,26827.4,8709.65,West,Completed
ORD07171,2025-05-06,CUST0590,P0187,1,0.15,184.91,120.68,157.17,36.49,North,Completed
ORD04516,2025-05-06,CUST0007,P0166,2,0.05,47059.67,34982.34,89413.37,19448.69,South,Completed
ORD03062,2025-05-06,CUST0184,P0190,2,0.05,2296.71,1653.27,4363.75,1057.21,West,Completed
ORD00337,2025-05-06,CUST0472,P0171,3,0.2,39010.06,29472.11,93624.14,5207.81,North,Completed
ORD01483,2025-05-06,CUST0824,P0134,3,0.15,34117.69,25387.96,87000.11,10836.23,South,Cancelled
ORD07726,2025-05-06,CUST0518,P0064,2,0.05,20038.07,13846.76,38072.33,10378.81,North,Completed
ORD00989,2025-05-06,CUST0603,P0166,2,0.0,47059.67,34982.34,94119.34,24154.66,East,Completed
ORD01657,2025-05-06,CUST0781,P0187,2,0.1,184.91,120.68,332.84,91.48,South,Completed
ORD04227,2025-05-06,CUST0929,P0061,4,0.2,49224.25,33194.34,157517.6,24740.24,South,Completed
ORD01733,2025-05-06,CUST0195,P0154,3,0.05,693.93,462.98,1977.7,588.76,North,Completed
ORD02205,2025-05-06,CUST0758,P0135,4,0.2,644.55,462.91,2062.56,210.92,West,Cancelled
ORD01253,2025-05-06,CUST0161,P0164,1,0.05,8324.94,6438.05,7908.69,1470.64,North,Completed
ORD01078,2025-05-07,CUST0609,P0017,2,0.1,17284.69,10596.05,31112.44,9920.34,North,Completed
ORD08022,2025-05-07,CUST0465,P0179,3,0.0,12818.17,8758.44,38454.51,12179.19,West,Completed
ORD08092,2025-05-07,CUST0804,P0038,3,0.05,25137.53,20080.78,71641.96,11399.62,North,Completed
ORD09653,2025-05-07,CUST0818,P0068,2,0.15,41326.98,32432.51,70255.87,5390.85,North,Completed
ORD04796,2025-05-07,CUST0528,P0010,4,0.15,16072.59,10816.67,54646.81,11380.13,South,Completed
ORD04258,2025-05-07,CUST0167,P0072,1,0.0,28334.52,18780.23,28334.52,9554.29,South,Completed
ORD09370,2025-05-07,CUST0071,P0009,3,0.0,724.93,490.11,2174.79,704.46,West,Completed
ORD02646,2025-05-07,CUST0427,P0089,2,0.05,74892.61,50603.0,142295.96,41089.96,North,Cancelled
ORD00811,2025-05-07,CUST0439,P0056,1,0.15,312.97,191.98,266.02,74.04,West,Pending
ORD02696,2025-05-08,CUST0161,P0085,2,0.1,73872.61,56554.21,132970.7,19862.28,North,Completed
ORD06882,2025-05-08,CUST0617,P0184,2,0.0,20719.38,13335.4,41438.76,14767.96,South,Completed
ORD01276,2025-05-08,CUST0036,P0105,1,0.1,17543.79,10886.17,15789.41,4903.24,West,Completed
ORD02495,2025-05-08,CUST0870,P0080,4,0.1,67342.32,40846.14,242432.35,79047.79,West,Cancelled
ORD01313,2025-05-08,CUST0285,P0096,2,0.15,22714.55,15565.72,38614.74,7483.3,West,Completed
ORD02799,2025-05-08,CUST0094,P0096,1,0.05,22714.55,15565.72,21578.82,6013.1,East,Completed
ORD02978,2025-05-08,CUST0751,P0045,1,0.1,2217.01,1355.93,1995.31,639.38,West,Cancelled
ORD06158,2025-05-08,CUST0723,P0168,2,0.1,1780.85,1042.33,3205.53,1120.87,West,Completed
ORD03255,2025-05-08,CUST0644,P0080,1,0.0,67342.32,40846.14,67342.32,26496.18,North,Completed
ORD06209,2025-05-08,CUST0909,P0037,1,0.1,58358.81,45854.58,52522.93,6668.35,East,Completed
ORD01588,2025-05-08,CUST0412,P0136,1,0.05,3029.54,2200.52,2878.06,677.54,East,Completed
ORD05135,2025-05-08,CUST0993,P0114,3,0.05,16683.02,10299.86,47546.61,16647.03,South,Completed
ORD03936,2025-05-08,CUST0672,P0110,4,0.05,30098.59,20298.4,114374.64,33181.04,West,Completed
ORD02312,2025-05-08,CUST0620,P0057,2,0.1,911.67,722.71,1641.01,195.59,North,Completed
ORD07226,2025-05-09,CUST0889,P0138,2,0.1,30903.45,21958.56,55626.21,11709.09,West,Completed
ORD08000,2025-05-09,CUST0843,P0095,2,0.0,9513.49,6495.4,19026.98,6036.18,East,Completed
ORD06016,2025-05-09,CUST0378,P0050,3,0.0,8890.7,6907.47,26672.1,5949.69,East,Completed
ORD08333,2025-05-09,CUST0594,P0125,3,0.05,3155.85,2083.96,8994.17,2742.29,West,Completed
ORD02037,2025-05-09,CUST0703,P0060,5,0.05,32036.99,25220.68,152175.7,26072.3,North,Completed
ORD01434,2025-05-09,CUST0234,P0110,1,0.1,30098.59,20298.4,27088.73,6790.33,South,Completed
ORD04484,2025-05-09,CUST0868,P0162,5,0.05,46811.03,27452.25,222352.39,85091.14,South,Completed
ORD01457,2025-05-09,CUST0141,P0123,2,0.1,77212.89,61788.48,138983.2,15406.24,East,Completed
ORD07252,2025-05-09,CUST0858,P0134,3,0.1,34117.69,25387.96,92117.76,15953.88,South,Completed
ORD01935,2025-05-09,CUST0663,P0190,1,0.05,2296.71,1653.27,2181.87,528.6,North,Completed
ORD00902,2025-05-10,CUST0374,P0026,4,0.0,53440.86,40308.66,213763.44,52528.8,East,Completed
ORD07783,2025-05-10,CUST0963,P0136,5,0.05,3029.54,2200.52,14390.32,3387.72,South,Completed
ORD03670,2025-05-10,CUST0352,P0045,4,0.0,2217.01,1355.93,8868.04,3444.32,North,Completed
ORD09920,2025-05-10,CUST0375,P0174,2,0.05,46343.47,28863.63,88052.59,30325.33,North,Cancelled
ORD00785,2025-05-10,CUST0296,P0167,1,0.2,7469.0,4701.25,5975.2,1273.95,South,Completed
ORD00212,2025-05-10,CUST0821,P0140,1,0.15,12142.58,7367.6,10321.19,2953.59,North,Completed
ORD09415,2025-05-10,CUST0954,P0006,2,0.15,51610.25,30768.51,87737.42,26200.4,East,Completed
ORD04832,2025-05-10,CUST0993,P0104,1,0.05,22437.82,18159.1,21315.93,3156.83,South,Completed
ORD05611,2025-05-10,CUST0445,P0162,1,0.1,46811.03,27452.25,42129.93,14677.68,North,Completed
ORD07355,2025-05-11,CUST0216,P0071,1,0.05,35759.59,27998.22,33971.61,5973.39,South,Completed
ORD06059,2025-05-11,CUST0403,P0121,2,0.2,975.23,645.82,1560.37,268.73,South,Completed
ORD08778,2025-05-11,CUST0844,P0186,2,0.15,36288.91,28203.52,61691.15,5284.11,West,Completed
ORD01955,2025-05-11,CUST0596,P0085,2,0.1,73872.61,56554.21,132970.7,19862.28,South,Completed
ORD09693,2025-05-11,CUST0245,P0082,1,0.1,14583.87,9123.23,13125.48,4002.25,North,Completed
ORD08652,2025-05-11,CUST0438,P0021,1,0.0,6878.25,5112.71,6878.25,1765.54,West,Completed
ORD05667,2025-05-11,CUST0989,P0017,1,0.15,17284.69,10596.05,14691.99,4095.94,South,Completed
ORD02956,2025-05-11,CUST0353,P0188,1,0.05,5272.37,3130.49,5008.75,1878.26,East,Completed
ORD06446,2025-05-11,CUST0592,P0064,1,0.1,20038.07,13846.76,18034.26,4187.5,South,Completed
ORD05536,2025-05-12,CUST0820,P0078,4,0.1,66750.32,43644.61,240301.15,65722.71,West,Completed
ORD09486,2025-05-12,CUST0456,P0002,1,0.1,6203.85,4038.58,5583.46,1544.88,South,Completed
ORD00035,2025-05-12,CUST0756,P0085,2,0.1,73872.61,56554.21,132970.7,19862.28,North,Completed
ORD00856,2025-05-12,CUST0237,P0040,2,0.2,568.55,361.32,909.68,187.04,North,Completed
ORD01755,2025-05-12,CUST0198,P0065,3,0.1,21598.4,14583.7,58315.68,14564.58,West,Pending
ORD02537,2025-05-12,CUST0284,P0100,1,0.0,36262.87,22462.27,36262.87,13800.6,West,Completed
ORD01361,2025-05-12,CUST0032,P0165,1,0.05,728.57,514.38,692.14,177.76,North,Completed
ORD09593,2025-05-12,CUST0999,P0112,1,0.0,20043.19,13117.75,20043.19,6925.44,North,Completed
ORD02073,2025-05-12,CUST0403,P0078,3,0.2,66750.32,43644.61,160200.77,29266.94,South,Completed
ORD08844,2025-05-12,CUST0809,P0018,2,0.2,4596.19,2818.15,7353.9,1717.6,North,Cancelled
ORD01773,2025-05-12,CUST0726,P0160,1,0.0,680.29,502.6,680.29,177.69,North,Completed
ORD08594,2025-05-13,CUST0060,P0084,1,0.1,52737.3,39276.81,47463.57,8186.76,South,Completed
ORD02439,2025-05-13,CUST0009,P0191,4,0.15,8442.75,6441.23,28705.35,2940.43,South,Completed
ORD04677,2025-05-13,CUST0891,P0079,1,0.0,409.51,310.64,409.51,98.87,West,Completed
ORD03803,2025-05-13,CUST0922,P0157,1,0.05,1290.11,764.14,1225.6,461.46,West,Completed
ORD06403,2025-05-13,CUST0940,P0071,3,0.05,35759.59,27998.22,101914.83,17920.17,West,Completed
ORD00238,2025-05-13,CUST0365,P0090,1,0.0,446.05,334.33,446.05,111.72,North,Completed
ORD04172,2025-05-13,CUST0614,P0070,2,0.0,56679.56,41863.05,113359.12,29633.02,East,Completed
ORD08095,2025-05-13,CUST0718,P0187,5,0.1,184.91,120.68,832.1,228.7,West,Completed
ORD05513,2025-05-13,CUST0619,P0081,3,0.1,11112.68,6733.47,30004.24,9803.83,West,Cancelled
ORD02854,2025-05-14,CUST0904,P0192,2,0.0,20821.66,13717.57,41643.32,14208.18,North,Completed
ORD00991,2025-05-14,CUST0971,P0194,2,0.05,13118.34,8489.04,24924.85,7946.77,East,Completed
ORD08404,2025-05-14,CUST0762,P0022,3,0.05,68945.25,50670.94,196493.96,44481.14,South,Completed
ORD02968,2025-05-14,CUST0289,P0051,1,0.15,57445.48,35926.8,48828.66,12901.86,West,Completed
ORD06204,2025-05-14,CUST0593,P0033,4,0.05,54569.41,31985.14,207363.76,79423.2,East,Completed
ORD00277,2025-05-14,CUST0610,P0014,1,0.1,18597.52,13817.51,16737.77,2920.26,South,Completed
ORD01444,2025-05-14,CUST0474,P0119,1,0.0,11965.18,9132.35,11965.18,2832.83,North,Completed
ORD05629,2025-05-14,CUST0172,P0001,3,0.0,796.95,617.19,2390.85,539.28,South,Completed
ORD00859,2025-05-14,CUST0070,P0033,1,0.0,54569.41,31985.14,54569.41,22584.27,East,Completed
ORD09245,2025-05-14,CUST0027,P0031,2,0.1,12553.48,9544.5,22596.26,3507.26,South,Pending
ORD07369,2025-05-15,CUST0960,P0020,3,0.1,14020.39,10682.55,37855.05,5807.4,North,Cancelled
ORD02045,2025-05-15,CUST0878,P0015,1,0.1,18890.43,14292.88,17001.39,2708.51,North,Completed
ORD03990,2025-05-15,CUST0253,P0143,1,0.05,56727.96,35563.32,53891.56,18328.24,South,Completed
ORD01191,2025-05-15,CUST0628,P0036,4,0.05,1008.83,797.09,3833.55,645.19,North,Cancelled
ORD01719,2025-05-15,CUST0192,P0035,3,0.0,56932.8,34147.01,170798.4,68357.37,North,Completed
ORD02396,2025-05-15,CUST0463,P0087,1,0.0,11879.48,8267.83,11879.48,3611.65,South,Completed
ORD04441,2025-05-15,CUST0980,P0103,1,0.1,585.19,454.75,526.67,71.92,West,Completed
ORD07959,2025-05-15,CUST0174,P0059,1,0.1,1247.06,804.27,1122.35,318.08,South,Completed
ORD05556,2025-05-15,CUST0464,P0130,2,0.15,58219.77,46803.43,98973.61,5366.75,East,Completed
ORD07338,2025-05-15,CUST0989,P0115,3,0.1,9526.21,7338.52,25720.77,3705.21,South,Completed
ORD02030,2025-05-15,CUST0232,P0080,1,0.2,67342.32,40846.14,53873.86,13027.72,East,Completed
ORD03784,2025-05-15,CUST0583,P0155,1,0.2,9808.49,7104.6,7846.79,742.19,North,Completed
ORD08098,2025-05-15,CUST0501,P0103,1,0.05,585.19,454.75,555.93,101.18,North,Completed
ORD06968,2025-05-15,CUST0278,P0002,2,0.1,6203.85,4038.58,11166.93,3089.77,West,Completed
ORD01292,2025-05-15,CUST0181,P0075,1,0.0,6740.18,4364.5,6740.18,2375.68,East,Completed
ORD08631,2025-05-15,CUST0230,P0067,3,0.05,5933.02,4559.02,16909.11,3232.05,North,Completed
ORD08941,2025-05-15,CUST0322,P0180,1,0.1,23838.69,16889.32,21454.82,4565.5,West,Completed
ORD08419,2025-05-16,CUST0879,P0194,2,0.1,13118.34,8489.04,23613.01,6634.93,East,Completed
ORD02810,2025-05-16,CUST0452,P0192,1,0.05,20821.66,13717.57,19780.58,6063.01,South,Completed
ORD01539,2025-05-16,CUST0276,P0164,3,0.15,8324.94,6438.05,21228.6,1914.45,South,Completed
ORD05462,2025-05-16,CUST0592,P0049,1,0.0,56396.41,44202.58,56396.41,12193.83,South,Completed
ORD08406,2025-05-16,CUST0810,P0168,2,0.05,1780.85,1042.33,3383.62,1298.96,North,Completed
ORD09336,2025-05-16,CUST0750,P0020,1,0.05,14020.39,10682.55,13319.37,2636.82,East,Completed
ORD07461,2025-05-16,CUST0857,P0100,1,0.2,36262.87,22462.27,29010.3,6548.03,South,Completed
ORD06575,2025-05-16,CUST0160,P0128,1,0.0,7160.91,4568.96,7160.91,2591.95,North,Completed
ORD07513,2025-05-16,CUST0553,P0171,2,0.0,39010.06,29472.11,78020.12,19075.9,East,Completed
ORD02116,2025-05-16,CUST0395,P0184,3,0.1,20719.38,13335.4,55942.33,15936.13,North,Completed
ORD04847,2025-05-16,CUST0350,P0038,5,0.05,25137.53,20080.78,119403.27,18999.37,North,Completed
ORD03743,2025-05-17,CUST0840,P0026,2,0.0,53440.86,40308.66,106881.72,26264.4,South,Completed
ORD03317,2025-05-17,CUST0014,P0118,2,0.0,36939.5,23012.67,73879.0,27853.66,East,Completed
ORD03703,2025-05-17,CUST0798,P0149,3,0.0,2427.19,1691.68,7281.57,2206.53,North,Completed
ORD08536,2025-05-17,CUST0316,P0102,1,0.15,4149.23,2427.22,3526.85,1099.63,East,Completed
ORD02079,2025-05-17,CUST0677,P0116,2,0.15,41570.44,24508.05,70669.75,21653.65,North,Completed
ORD05586,2025-05-17,CUST0081,P0100,3,0.0,36262.87,22462.27,108788.61,41401.8,East,Completed
ORD05534,2025-05-17,CUST0911,P0062,1,0.1,7214.7,5874.11,6493.23,619.12,West,Completed
ORD00628,2025-05-17,CUST0103,P0198,2,0.1,715.13,510.57,1287.23,266.09,South,Pending
ORD07902,2025-05-17,CUST0664,P0044,4,0.0,59463.82,38619.72,237855.28,83376.4,West,Completed
ORD07776,2025-05-17,CUST0661,P0002,1,0.1,6203.85,4038.58,5583.46,1544.88,North,Completed
ORD08676,2025-05-18,CUST0386,P0028,1,0.05,1126.53,825.36,1070.2,244.84,West,Completed
ORD01694,2025-05-18,CUST0297,P0019,1,0.15,27844.42,18931.51,23667.76,4736.25,West,Completed
ORD08598,2025-05-18,CUST0021,P0066,4,0.0,15521.48,11472.78,62085.92,16194.8,North,Completed
ORD02423,2025-05-18,CUST0219,P0026,4,0.0,53440.86,40308.66,213763.44,52528.8,West,Completed
ORD09758,2025-05-18,CUST0179,P0159,2,0.0,54205.42,36083.24,108410.84,36244.36,West,Completed
ORD03459,2025-05-18,CUST0139,P0080,1,0.0,67342.32,40846.14,67342.32,26496.18,West,Completed
ORD01007,2025-05-18,CUST0963,P0004,2,0.1,20696.25,15931.27,37253.25,5390.71,South,Completed
ORD08313,2025-05-18,CUST0921,P0057,1,0.15,911.67,722.71,774.92,52.21,East,Completed
ORD07141,2025-05-18,CUST0849,P0096,1,0.1,22714.55,15565.72,20443.1,4877.38,West,Completed
ORD00286,2025-05-18,CUST0931,P0153,3,0.0,318.53,240.18,955.59,235.05,West,Completed
ORD03697,2025-05-18,CUST0063,P0100,1,0.1,36262.87,22462.27,32636.58,10174.31,North,Completed
ORD07683,2025-05-18,CUST0784,P0146,1,0.15,11482.27,8693.26,9759.93,1066.67,East,Completed
ORD02282,2025-05-18,CUST0367,P0164,1,0.1,8324.94,6438.05,7492.45,1054.4,North,Completed
ORD02522,2025-05-18,CUST0233,P0092,1,0.1,41737.72,32410.53,37563.95,5153.42,East,Pending
ORD02535,2025-05-18,CUST0093,P0109,1,0.15,17118.52,11998.2,14550.74,2552.54,East,Completed
ORD06551,2025-05-19,CUST0252,P0164,1,0.1,8324.94,6438.05,7492.45,1054.4,West,Completed
ORD01165,2025-05-19,CUST0067,P0082,1,0.0,14583.87,9123.23,14583.87,5460.64,West,Completed
ORD05582,2025-05-19,CUST0886,P0048,3,0.1,1114.29,876.19,3008.58,380.01,East,Completed
ORD06966,2025-05-19,CUST0111,P0076,1,0.2,20055.1,12211.29,16044.08,3832.79,North,Completed
ORD09993,2025-05-19,CUST0025,P0041,2,0.1,4003.54,2383.24,7206.37,2439.89,South,Completed
ORD05649,2025-05-19,CUST0860,P0197,2,0.2,15133.72,11886.63,24213.95,440.69,South,Completed
ORD09356,2025-05-19,CUST0373,P0099,1,0.1,908.9,743.94,818.01,74.07,North,Completed
ORD04418,2025-05-19,CUST0219,P0180,1,0.0,23838.69,16889.32,23838.69,6949.37,West,Cancelled
ORD07422,2025-05-19,CUST0744,P0158,1,0.15,33125.35,22293.09,28156.55,5863.46,North,Completed
ORD05224,2025-05-19,CUST0024,P0089,3,0.2,74892.61,50603.0,179742.26,27933.26,East,Completed
ORD05816,2025-05-19,CUST0026,P0052,4,0.1,7440.54,4865.29,26785.94,7324.78,South,Completed
ORD00630,2025-05-19,CUST0854,P0031,1,0.0,12553.48,9544.5,12553.48,3008.98,North,Completed
ORD08522,2025-05-19,CUST0646,P0057,1,0.1,911.67,722.71,820.5,97.79,North,Completed
ORD07098,2025-05-19,CUST0980,P0195,2,0.0,15240.21,11813.53,30480.42,6853.36,West,Completed
ORD08891,2025-05-19,CUST0818,P0152,1,0.0,5896.48,4498.55,5896.48,1397.93,North,Completed
ORD07721,2025-05-19,CUST0385,P0023,4,0.15,29957.89,23747.89,101856.83,6865.27,East,Completed
ORD05468,2025-05-19,CUST0646,P0177,3,0.05,783.92,493.62,2234.17,753.31,North,Completed
ORD01427,2025-05-19,CUST0236,P0105,1,0.05,17543.79,10886.17,16666.6,5780.43,West,Completed
ORD06842,2025-05-19,CUST0260,P0137,1,0.05,3327.18,2091.19,3160.82,1069.63,East,Completed
ORD06669,2025-05-19,CUST0730,P0087,1,0.0,11879.48,8267.83,11879.48,3611.65,East,Completed
ORD04625,2025-05-19,CUST0643,P0093,4,0.05,10189.0,5911.08,38718.2,15073.88,South,Completed
ORD06776,2025-05-20,CUST0555,P0005,2,0.1,759.62,541.79,1367.32,283.74,West,Completed
ORD08560,2025-05-20,CUST0374,P0049,4,0.1,56396.41,44202.58,203027.08,26216.76,East,Completed
ORD08685,2025-05-20,CUST0566,P0020,1,0.1,14020.39,10682.55,12618.35,1935.8,North,Completed
ORD06925,2025-05-20,CUST0617,P0008,2,0.05,68633.55,51583.32,130403.74,27237.1,South,Completed
ORD08345,2025-05-20,CUST1000,P0138,2,0.15,30903.45,21958.56,52535.86,8618.74,East,Completed
ORD02898,2025-05-20,CUST0333,P0040,2,0.1,568.55,361.32,1023.39,300.75,East,Completed
ORD02702,2025-05-20,CUST0242,P0017,4,0.1,17284.69,10596.05,62224.88,19840.68,West,Completed
ORD06091,2025-05-20,CUST0885,P0111,1,0.1,32818.12,23699.05,29536.31,5837.26,North,Completed
ORD09099,2025-05-20,CUST0616,P0116,2,0.0,41570.44,24508.05,83140.88,34124.78,South,Completed
ORD05483,2025-05-20,CUST0647,P0109,1,0.05,17118.52,11998.2,16262.59,4264.39,East,Completed
ORD03280,2025-05-20,CUST0623,P0004,4,0.15,20696.25,15931.27,70367.25,6642.17,West,Completed
ORD06421,2025-05-20,CUST0398,P0139,1,0.05,26827.4,18117.75,25486.03,7368.28,West,Completed
ORD00018,2025-05-20,CUST0266,P0118,4,0.0,36939.5,23012.67,147758.0,55707.32,East,Completed
ORD09520,2025-05-20,CUST0620,P0156,4,0.05,44665.09,34536.09,169727.34,31582.98,North,Completed
ORD03657,2025-05-20,CUST0578,P0171,1,0.05,39010.06,29472.11,37059.56,7587.45,South,Completed
ORD08320,2025-05-20,CUST0831,P0188,1,0.15,5272.37,3130.49,4481.51,1351.02,West,Completed
ORD08400,2025-05-21,CUST0699,P0064,1,0.0,20038.07,13846.76,20038.07,6191.31,North,Completed
ORD01542,2025-05-21,CUST0275,P0015,2,0.0,18890.43,14292.88,37780.86,9195.1,East,Completed
ORD04690,2025-05-21,CUST0417,P0054,3,0.15,34828.61,21081.63,88812.96,25568.07,North,Completed
ORD09818,2025-05-21,CUST0828,P0181,2,0.0,8670.4,5624.95,17340.8,6090.9,North,Completed
ORD06518,2025-05-21,CUST0703,P0071,1,0.15,35759.59,27998.22,30395.65,2397.43,North,Completed
ORD06248,2025-05-21,CUST0652,P0031,2,0.0,12553.48,9544.5,25106.96,6017.96,North,Completed
ORD00016,2025-05-21,CUST0920,P0017,5,0.1,17284.69,10596.05,77781.1,24800.85,West,Completed
ORD01838,2025-05-21,CUST0332,P0012,2,0.1,4072.78,2687.49,7331.0,1956.02,South,Completed
ORD04120,2025-05-21,CUST0538,P0129,2,0.0,43850.97,27932.89,87701.94,31836.16,North,Completed
ORD00458,2025-05-21,CUST0678,P0003,1,0.1,15581.84,9713.54,14023.66,4310.12,East,Completed
ORD07053,2025-05-21,CUST0976,P0001,2,0.15,796.95,617.19,1354.82,120.44,East,Completed
ORD08837,2025-05-21,CUST0739,P0191,2,0.1,8442.75,6441.23,15196.95,2314.49,North,Completed
ORD04880,2025-05-21,CUST0381,P0023,2,0.05,29957.89,23747.89,56919.99,9424.21,North,Completed
ORD08822,2025-05-21,CUST0523,P0049,1,0.05,56396.41,44202.58,53576.59,9374.01,North,Completed
ORD06375,2025-05-22,CUST0664,P0031,1,0.1,12553.48,9544.5,11298.13,1753.63,West,Completed
ORD06863,2025-05-22,CUST0453,P0001,2,0.15,796.95,617.19,1354.82,120.44,East,Completed
ORD01735,2025-05-22,CUST0334,P0167,1,0.15,7469.0,4701.25,6348.65,1647.4,East,Completed
ORD02276,2025-05-22,CUST0742,P0186,2,0.0,36288.91,28203.52,72577.82,16170.78,South,Completed
ORD04696,2025-05-22,CUST0080,P0185,4,0.0,76508.26,54062.35,306033.04,89783.64,West,Completed
ORD00378,2025-05-22,CUST0469,P0045,1,0.05,2217.01,1355.93,2106.16,750.23,South,Pending
ORD01700,2025-05-22,CUST0024,P0055,1,0.1,6422.29,4812.56,5780.06,967.5,East,Completed
ORD02313,2025-05-22,CUST0793,P0074,2,0.15,40981.75,23771.65,69668.97,22125.67,South,Completed
ORD02982,2025-05-22,CUST0606,P0167,1,0.05,7469.0,4701.25,7095.55,2394.3,South,Completed
ORD04548,2025-05-22,CUST0464,P0134,4,0.0,34117.69,25387.96,136470.76,34918.92,East,Completed
ORD08242,2025-05-22,CUST0273,P0110,4,0.05,30098.59,20298.4,114374.64,33181.04,East,Completed
ORD00384,2025-05-22,CUST0698,P0091,2,0.1,49350.46,32483.04,88830.83,23864.75,North,Cancelled
ORD01019,2025-05-22,CUST0258,P0169,2,0.0,12339.56,8305.1,24679.12,8068.92,North,Completed
ORD03597,2025-05-22,CUST0654,P0163,1,0.1,3768.33,3060.43,3391.5,331.07,South,Completed
ORD05561,2025-05-22,CUST0195,P0158,4,0.0,33125.35,22293.09,132501.4,43329.04,North,Completed
ORD03373,2025-05-22,CUST0592,P0074,4,0.1,40981.75,23771.65,147534.3,52447.7,South,Completed
ORD02841,2025-05-23,CUST0029,P0085,2,0.05,73872.61,56554.21,140357.96,27249.54,North,Completed
ORD04317,2025-05-23,CUST0917,P0078,1,0.1,66750.32,43644.61,60075.29,16430.68,West,Completed
ORD07032,2025-05-23,CUST0974,P0161,2,0.05,36827.84,23163.81,69972.9,23645.28,South,Completed
ORD01810,2025-05-23,CUST0941,P0112,2,0.0,20043.19,13117.75,40086.38,13850.88,South,Completed
ORD03405,2025-05-23,CUST0709,P0063,5,0.0,12786.65,8472.2,63933.25,21572.25,North,Completed
ORD05780,2025-05-23,CUST0308,P0111,2,0.15,32818.12,23699.05,55790.8,8392.7,West,Completed
ORD08153,2025-05-23,CUST0176,P0009,3,0.0,724.93,490.11,2174.79,704.46,West,Completed
ORD03023,2025-05-23,CUST0434,P0021,1,0.15,6878.25,5112.71,5846.51,733.8,East,Completed
ORD09580,2025-05-23,CUST0338,P0198,1,0.05,715.13,510.57,679.37,168.8,North,Completed
ORD08143,2025-05-23,CUST0396,P0185,2,0.1,76508.26,54062.35,137714.87,29590.17,West,Completed
ORD01715,2025-05-23,CUST0299,P0112,3,0.0,20043.19,13117.75,60129.57,20776.32,North,Completed
ORD07334,2025-05-23,CUST0160,P0050,1,0.15,8890.7,6907.47,7557.1,649.63,North,Completed
ORD01677,2025-05-23,CUST0372,P0046,3,0.0,61902.8,37121.36,185708.4,74344.32,North,Completed
ORD05230,2025-05-23,CUST0223,P0128,2,0.1,7160.91,4568.96,12889.64,3751.72,South,Completed
ORD02065,2025-05-24,CUST0779,P0171,2,0.05,39010.06,29472.11,74119.11,15174.89,North,Completed
ORD08813,2025-05-24,CUST0410,P0121,3,0.0,975.23,645.82,2925.69,988.23,East,Completed
ORD09349,2025-05-24,CUST0948,P0091,2,0.0,49350.46,32483.04,98700.92,33734.84,South,Completed
ORD09947,2025-05-24,CUST0690,P0088,2,0.05,58121.47,37608.48,110430.79,35213.83,North,Completed
ORD01395,2025-05-24,CUST0231,P0194,1,0.15,13118.34,8489.04,11150.59,2661.55,South,Completed
ORD00948,2025-05-24,CUST0559,P0157,3,0.0,1290.11,764.14,3870.33,1577.91,West,Completed
ORD06541,2025-05-24,CUST0196,P0112,1,0.15,20043.19,13117.75,17036.71,3918.96,East,Completed
ORD08890,2025-05-24,CUST0847,P0044,4,0.1,59463.82,38619.72,214069.75,59590.87,East,Completed
ORD06491,2025-05-24,CUST0092,P0173,1,0.0,4259.82,3133.66,4259.82,1126.16,West,Completed
ORD07157,2025-05-24,CUST0664,P0136,2,0.15,3029.54,2200.52,5150.22,749.18,West,Completed
ORD01034,2025-05-24,CUST0689,P0016,4,0.1,20196.29,11952.43,72706.64,24896.92,East,Completed
ORD08914,2025-05-24,CUST0633,P0179,2,0.15,12818.17,8758.44,21790.89,4274.01,West,Completed
ORD02864,2025-05-24,CUST0538,P0022,4,0.1,68945.25,50670.94,248202.9,45519.14,North,Completed
ORD08306,2025-05-25,CUST0580,P0013,3,0.0,8923.66,6594.73,26770.98,6986.79,West,Pending
ORD08643,2025-05-25,CUST0175,P0112,1,0.1,20043.19,13117.75,18038.87,4921.12,West,Completed
ORD06061,2025-05-25,CUST0867,P0170,1,0.05,750.66,462.97,713.13,250.16,West,Cancelled
ORD06660,2025-05-25,CUST0784,P0150,1,0.2,53462.03,36715.83,42769.62,6053.79,East,Completed
ORD03406,2025-05-25,CUST0710,P0167,1,0.05,7469.0,4701.25,7095.55,2394.3,West,Completed
ORD01092,2025-05-25,CUST0058,P0069,1,0.0,196.15,126.8,196.15,69.35,West,Completed
ORD02508,2025-05-25,CUST0093,P0048,2,0.1,1114.29,876.19,2005.72,253.34,East,Completed
ORD03909,2025-05-26,CUST0898,P0136,4,0.0,3029.54,2200.52,12118.16,3316.08,South,Completed
ORD06404,2025-05-26,CUST0685,P0138,1,0.05,30903.45,21958.56,29358.28,7399.72,East,Completed
ORD05257,2025-05-26,CUST0470,P0019,2,0.1,27844.42,18931.51,50119.96,12256.94,West,Completed
ORD03621,2025-05-26,CUST0094,P0143,2,0.05,56727.96,35563.32,107783.12,36656.48,East,Cancelled
ORD00612,2025-05-26,CUST0795,P0128,1,0.1,7160.91,4568.96,6444.82,1875.86,North,Completed
ORD01616,2025-05-26,CUST0658,P0140,1,0.0,12142.58,7367.6,12142.58,4774.98,North,Completed
ORD05228,2025-05-26,CUST0056,P0021,2,0.1,6878.25,5112.71,12380.85,2155.43,North,Cancelled
ORD02428,2025-05-27,CUST0079,P0018,1,0.1,4596.19,2818.15,4136.57,1318.42,North,Completed
ORD01003,2025-05-27,CUST0281,P0200,1,0.1,37954.59,28614.99,34159.13,5544.14,East,Completed
ORD09350,2025-05-27,CUST0618,P0095,1,0.05,9513.49,6495.4,9037.82,2542.42,South,Completed
ORD03862,2025-05-27,CUST0306,P0037,1,0.0,58358.81,45854.58,58358.81,12504.23,East,Completed
ORD07236,2025-05-27,CUST0558,P0063,2,0.1,12786.65,8472.2,23015.97,6071.57,East,Completed
ORD06741,2025-05-27,CUST0236,P0058,3,0.1,7347.4,4878.31,19837.98,5203.05,West,Completed
ORD08226,2025-05-27,CUST0050,P0142,3,0.0,4782.08,3282.92,14346.24,4497.48,South,Completed
ORD00545,2025-05-27,CUST0118,P0038,2,0.15,25137.53,20080.78,42733.8,2572.24,North,Cancelled
ORD05541,2025-05-27,CUST0055,P0126,1,0.0,41856.24,33581.85,41856.24,8274.39,East,Completed
ORD05449,2025-05-27,CUST0677,P0133,3,0.1,30154.78,21233.5,81417.91,17717.41,North,Completed
ORD05654,2025-05-27,CUST0190,P0013,4,0.2,8923.66,6594.73,28555.71,2176.79,North,Completed
ORD01174,2025-05-27,CUST0082,P0097,2,0.0,11100.34,7751.47,22200.68,6697.74,South,Completed
ORD01416,2025-05-27,CUST0461,P0174,1,0.05,46343.47,28863.63,44026.3,15162.67,West,Completed
ORD05014,2025-05-27,CUST0197,P0114,2,0.0,16683.02,10299.86,33366.04,12766.32,East,Completed
ORD01171,2025-05-27,CUST0578,P0035,1,0.05,56932.8,34147.01,54086.16,19939.15,South,Pending
ORD08145,2025-05-27,CUST0809,P0147,1,0.1,22737.01,13458.16,20463.31,7005.15,North,Completed
ORD08946,2025-05-27,CUST0599,P0147,1,0.0,22737.01,13458.16,22737.01,9278.85,West,Completed
ORD02288,2025-05-27,CUST0907,P0075,1,0.1,6740.18,4364.5,6066.16,1701.66,South,Completed
ORD05187,2025-05-28,CUST0019,P0174,1,0.0,46343.47,28863.63,46343.47,17479.84,West,Completed
ORD08755,2025-05-28,CUST0767,P0126,1,0.0,41856.24,33581.85,41856.24,8274.39,West,Completed
ORD03348,2025-05-28,CUST0277,P0098,1,0.0,15055.62,11767.46,15055.62,3288.16,West,Completed
ORD09549,2025-05-28,CUST0335,P0179,2,0.1,12818.17,8758.44,23072.71,5555.83,South,Completed
ORD05908,2025-05-28,CUST0336,P0064,1,0.1,20038.07,13846.76,18034.26,4187.5,North,Completed
ORD01813,2025-05-28,CUST0020,P0061,3,0.05,49224.25,33194.34,140289.11,40706.09,West,Completed
ORD08043,2025-05-28,CUST0307,P0048,2,0.15,1114.29,876.19,1894.29,141.91,West,Completed
ORD00607,2025-05-28,CUST0924,P0041,2,0.1,4003.54,2383.24,7206.37,2439.89,South,Cancelled
ORD07307,2025-05-28,CUST0374,P0007,3,0.05,8223.62,4942.96,23437.32,8608.44,East,Completed
ORD05032,2025-05-28,CUST0695,P0105,3,0.05,17543.79,10886.17,49999.8,17341.29,North,Completed
ORD02078,2025-05-28,CUST0613,P0107,1,0.1,72638.94,50890.24,65375.05,14484.81,West,Completed
ORD00055,2025-05-28,CUST0894,P0139,2,0.1,26827.4,18117.75,48289.32,12053.82,South,Cancelled
ORD09934,2025-05-28,CUST0986,P0018,1,0.0,4596.19,2818.15,4596.19,1778.04,South,Completed
ORD03087,2025-05-28,CUST0422,P0045,1,0.05,2217.01,1355.93,2106.16,750.23,West,Completed
ORD05177,2025-05-28,CUST0027,P0149,3,0.1,2427.19,1691.68,6553.41,1478.37,South,Completed
ORD03457,2025-05-28,CUST0166,P0113,2,0.1,26426.25,19479.69,47567.25,8607.87,North,Completed
ORD09136,2025-05-28,CUST0748,P0131,1,0.1,896.08,597.69,806.47,208.78,West,Completed
ORD07774,2025-05-28,CUST0926,P0075,1,0.0,6740.18,4364.5,6740.18,2375.68,West,Completed
ORD09283,2025-05-29,CUST0141,P0047,4,0.05,1004.63,793.19,3817.59,644.83,East,Completed
ORD01988,2025-05-29,CUST0984,P0034,1,0.0,143.7,100.11,143.7,43.59,West,Completed
ORD06311,2025-05-29,CUST0765,P0096,2,0.15,22714.55,15565.72,38614.74,7483.3,South,Completed
ORD08382,2025-05-29,CUST0057,P0156,3,0.05,44665.09,34536.09,127295.51,23687.24,West,Completed
ORD01910,2025-05-29,CUST0978,P0023,1,0.05,29957.89,23747.89,28460.0,4712.11,East,Completed
ORD01501,2025-05-29,CUST0408,P0148,3,0.0,15484.78,9786.06,46454.34,17096.16,East,Completed
ORD05877,2025-05-29,CUST0637,P0181,1,0.0,8670.4,5624.95,8670.4,3045.45,North,Completed
ORD00560,2025-05-29,CUST0529,P0104,2,0.15,22437.82,18159.1,38144.29,1826.09,South,Completed
ORD01914,2025-05-30,CUST0782,P0087,1,0.0,11879.48,8267.83,11879.48,3611.65,West,Completed
ORD02594,2025-05-30,CUST0880,P0022,2,0.05,68945.25,50670.94,130995.98,29654.1,East,Completed
ORD07737,2025-05-30,CUST0087,P0174,2,0.0,46343.47,28863.63,92686.94,34959.68,North,Completed
ORD07611,2025-05-30,CUST0448,P0074,1,0.05,40981.75,23771.65,38932.66,15161.01,North,Completed
ORD00196,2025-05-30,CUST0237,P0015,3,0.0,18890.43,14292.88,56671.29,13792.65,North,Completed
ORD08622,2025-05-30,CUST0016,P0159,1,0.0,54205.42,36083.24,54205.42,18122.18,West,Completed
ORD04162,2025-05-30,CUST0271,P0023,1,0.15,29957.89,23747.89,25464.21,1716.32,East,Completed
ORD02262,2025-05-30,CUST0871,P0064,2,0.05,20038.07,13846.76,38072.33,10378.81,East,Cancelled
ORD03051,2025-05-30,CUST0551,P0074,1,0.05,40981.75,23771.65,38932.66,15161.01,North,Completed
ORD07381,2025-05-31,CUST0356,P0026,2,0.1,53440.86,40308.66,96193.55,15576.23,West,Completed
ORD06580,2025-05-31,CUST0950,P0160,4,0.0,680.29,502.6,2721.16,710.76,East,Completed
ORD01413,2025-05-31,CUST0985,P0191,1,0.05,8442.75,6441.23,8020.61,1579.38,West,Completed
ORD05290,2025-05-31,CUST0560,P0021,3,0.0,6878.25,5112.71,20634.75,5296.62,West,Completed
ORD02471,2025-05-31,CUST0177,P0045,5,0.05,2217.01,1355.93,10530.8,3751.15,South,Completed
ORD08271,2025-05-31,CUST0466,P0089,3,0.1,74892.61,50603.0,202210.05,50401.05,South,Completed
ORD02773,2025-05-31,CUST0944,P0125,3,0.2,3155.85,2083.96,7574.04,1322.16,East,Completed
ORD02632,2025-05-31,CUST0585,P0112,3,0.0,20043.19,13117.75,60129.57,20776.32,East,Completed
ORD05946,2025-05-31,CUST0834,P0085,3,0.0,73872.61,56554.21,221617.83,51955.2,East,Completed
ORD04421,2025-05-31,CUST0415,P0057,1,0.1,911.67,722.71,820.5,97.79,North,Completed
ORD05752,2025-05-31,CUST0642,P0188,1,0.1,5272.37,3130.49,4745.13,1614.64,East,Completed
ORD00691,2025-05-31,CUST0697,P0028,3,0.05,1126.53,825.36,3210.61,734.53,West,Completed
ORD05690,2025-05-31,CUST0297,P0156,1,0.0,44665.09,34536.09,44665.09,10129.0,West,Completed
ORD03179,2025-05-31,CUST0416,P0192,1,0.05,20821.66,13717.57,19780.58,6063.01,South,Completed
ORD08206,2025-05-31,CUST0372,P0055,1,0.1,6422.29,4812.56,5780.06,967.5,North,Completed
ORD05652,2025-05-31,CUST0683,P0069,2,0.0,196.15,126.8,392.3,138.7,North,Pending
ORD03184,2025-05-31,CUST0253,P0045,2,0.0,2217.01,1355.93,4434.02,1722.16,South,Completed
ORD02407,2025-05-31,CUST0152,P0100,3,0.0,36262.87,22462.27,108788.61,41401.8,South,Completed
ORD00455,2025-05-31,CUST0820,P0167,1,0.0,7469.0,4701.25,7469.0,2767.75,West,Completed
ORD06726,2025-05-31,CUST0373,P0125,1,0.0,3155.85,2083.96,3155.85,1071.89,North,Completed
ORD01368,2025-05-31,CUST0649,P0018,3,0.1,4596.19,2818.15,12409.71,3955.26,East,Completed
ORD01379,2025-06-01,CUST0114,P0005,2,0.0,759.62,541.79,1519.24,435.66,South,Completed
ORD08387,2025-06-01,CUST0368,P0124,2,0.05,38907.93,29071.02,73925.07,15783.03,North,Completed
ORD04713,2025-06-01,CUST0564,P0146,3,0.0,11482.27,8693.26,34446.81,8367.03,East,Completed
ORD09308,2025-06-01,CUST0608,P0104,5,0.0,22437.82,18159.1,112189.1,21393.6,West,Completed
ORD05386,2025-06-01,CUST0583,P0010,1,0.0,16072.59,10816.67,16072.59,5255.92,North,Completed
ORD09740,2025-06-01,CUST0686,P0157,1,0.1,1290.11,764.14,1161.1,396.96,North,Completed
ORD04865,2025-06-01,CUST0173,P0099,3,0.05,908.9,743.94,2590.36,358.54,West,Completed
ORD08935,2025-06-01,CUST0324,P0054,1,0.15,34828.61,21081.63,29604.32,8522.69,East,Completed
ORD01732,2025-06-01,CUST0541,P0032,1,0.0,39614.35,24714.41,39614.35,14899.94,South,Completed
ORD04282,2025-06-01,CUST0533,P0180,3,0.05,23838.69,16889.32,67940.27,17272.31,East,Completed
ORD00922,2025-06-01,CUST0610,P0037,1,0.2,58358.81,45854.58,46687.05,832.47,South,Completed
ORD04014,2025-06-01,CUST0109,P0019,2,0.15,27844.42,18931.51,47335.51,9472.49,South,Completed
ORD09725,2025-06-01,CUST0220,P0184,1,0.0,20719.38,13335.4,20719.38,7383.98,West,Completed
ORD02245,2025-06-01,CUST0305,P0155,1,0.05,9808.49,7104.6,9318.07,2213.47,East,Completed
ORD04678,2025-06-01,CUST0142,P0180,1,0.05,23838.69,16889.32,22646.76,5757.44,South,Completed
ORD08210,2025-06-02,CUST0955,P0121,1,0.15,975.23,645.82,828.95,183.13,East,Completed
ORD03954,2025-06-02,CUST0585,P0115,4,0.0,9526.21,7338.52,38104.84,8750.76,East,Completed
ORD01724,2025-06-02,CUST0664,P0114,1,0.05,16683.02,10299.86,15848.87,5549.01,West,Completed
ORD07743,2025-06-02,CUST0057,P0069,1,0.0,196.15,126.8,196.15,69.35,West,Cancelled
ORD03712,2025-06-02,CUST0718,P0074,2,0.05,40981.75,23771.65,77865.32,30322.02,West,Completed
ORD01203,2025-06-02,CUST0492,P0195,1,0.0,15240.21,11813.53,15240.21,3426.68,South,Completed
ORD07615,2025-06-02,CUST0764,P0008,1,0.0,68633.55,51583.32,68633.55,17050.23,East,Completed
ORD06062,2025-06-02,CUST0349,P0062,3,0.0,7214.7,5874.11,21644.1,4021.77,South,Completed
ORD04039,2025-06-02,CUST0288,P0198,1,0.1,715.13,510.57,643.62,133.05,South,Completed
ORD01257,2025-06-02,CUST0002,P0064,4,0.15,20038.07,13846.76,68129.44,12742.4,West,Pending
ORD05345,2025-06-02,CUST0965,P0027,1,0.1,20926.64,14284.36,18833.98,4549.62,North,Completed
ORD02295,2025-06-02,CUST0455,P0186,1,0.0,36288.91,28203.52,36288.91,8085.39,North,Completed
ORD04989,2025-06-03,CUST0773,P0195,3,0.2,15240.21,11813.53,36576.5,1135.91,East,Completed
ORD08051,2025-06-03,CUST0415,P0106,1,0.15,526.46,370.01,447.49,77.48,North,Completed
ORD05221,2025-06-03,CUST0540,P0007,1,0.05,8223.62,4942.96,7812.44,2869.48,West,Completed
ORD01728,2025-06-03,CUST0543,P0096,2,0.15,22714.55,15565.72,38614.74,7483.3,East,Completed
ORD07290,2025-06-03,CUST0624,P0049,1,0.0,56396.41,44202.58,56396.41,12193.83,East,Completed
ORD08247,2025-06-03,CUST0349,P0048,1,0.0,1114.29,876.19,1114.29,238.1,South,Cancelled
ORD04097,2025-06-03,CUST0947,P0021,1,0.0,6878.25,5112.71,6878.25,1765.54,North,Completed
ORD00777,2025-06-03,CUST0168,P0199,1,0.1,404.58,321.41,364.12,42.71,West,Completed
ORD04077,2025-06-03,CUST0118,P0071,1,0.1,35759.59,27998.22,32183.63,4185.41,North,Completed
ORD02542,2025-06-04,CUST0744,P0195,1,0.0,15240.21,11813.53,15240.21,3426.68,North,Cancelled
ORD08791,2025-06-04,CUST0093,P0014,1,0.0,18597.52,13817.51,18597.52,4780.01,East,Completed
ORD07724,2025-06-04,CUST0454,P0029,2,0.1,1310.65,844.84,2359.17,669.49,West,Completed
ORD08154,2025-06-04,CUST0707,P0134,2,0.05,34117.69,25387.96,64823.61,14047.69,East,Completed
ORD06648,2025-06-04,CUST0309,P0063,1,0.05,12786.65,8472.2,12147.32,3675.12,South,Cancelled
ORD02930,2025-06-04,CUST0118,P0117,1,0.0,62915.52,50890.59,62915.52,12024.93,North,Completed
ORD00527,2025-06-04,CUST0184,P0063,1,0.0,12786.65,8472.2,12786.65,4314.45,West,Completed
ORD05533,2025-06-04,CUST0972,P0113,3,0.15,26426.25,19479.69,67386.94,8947.87,West,Completed
ORD09466,2025-06-04,CUST0588,P0038,4,0.15,25137.53,20080.78,85467.6,5144.48,South,Completed
ORD04990,2025-06-04,CUST0268,P0013,3,0.0,8923.66,6594.73,26770.98,6986.79,North,Completed
ORD04988,2025-06-04,CUST0696,P0104,2,0.0,22437.82,18159.1,44875.64,8557.44,West,Completed
ORD02967,2025-06-04,CUST0141,P0115,1,0.0,9526.21,7338.52,9526.21,2187.69,East,Completed
ORD04478,2025-06-05,CUST0570,P0139,5,0.0,26827.4,18117.75,134137.0,43548.25,West,Completed
ORD01786,2025-06-05,CUST0673,P0143,3,0.0,56727.96,35563.32,170183.88,63493.92,South,Completed
ORD07288,2025-06-05,CUST0180,P0053,5,0.15,422.63,329.18,1796.18,150.28,East,Completed
ORD00453,2025-06-05,CUST0574,P0073,2,0.0,15561.42,10813.46,31122.84,9495.92,East,Completed
ORD03692,2025-06-05,CUST0016,P0061,1,0.05,49224.25,33194.34,46763.04,13568.7,West,Completed
ORD08799,2025-06-05,CUST0341,P0096,2,0.0,22714.55,15565.72,45429.1,14297.66,West,Pending
ORD03442,2025-06-05,CUST0001,P0148,1,0.05,15484.78,9786.06,14710.54,4924.48,West,Completed
ORD03150,2025-06-05,CUST0422,P0129,2,0.05,43850.97,27932.89,83316.84,27451.06,West,Cancelled
ORD09781,2025-06-05,CUST0072,P0160,1,0.05,680.29,502.6,646.28,143.68,East,Completed
ORD09094,2025-06-05,CUST0598,P0042,2,0.1,10683.47,6548.45,19230.25,6133.35,South,Completed
ORD05213,2025-06-05,CUST0336,P0147,2,0.1,22737.01,13458.16,40926.62,14010.3,North,Completed
ORD00528,2025-06-06,CUST0951,P0173,4,0.05,4259.82,3133.66,16187.32,3652.68,South,Completed
ORD07569,2025-06-06,CUST0776,P0091,2,0.1,49350.46,32483.04,88830.83,23864.75,East,Completed
ORD05590,2025-06-06,CUST0882,P0144,1,0.05,501.46,362.98,476.39,113.41,East,Completed
ORD00103,2025-06-06,CUST0862,P0065,2,0.05,21598.4,14583.7,41036.96,11869.56,West,Completed
ORD03372,2025-06-06,CUST0133,P0189,2,0.0,38312.77,25713.12,76625.54,25199.3,South,Completed
ORD04225,2025-06-06,CUST0555,P0061,2,0.1,49224.25,33194.34,88603.65,22214.97,West,Completed
ORD01892,2025-06-06,CUST0325,P0002,4,0.05,6203.85,4038.58,23574.63,7420.31,North,Completed
ORD04843,2025-06-06,CUST0892,P0072,2,0.2,28334.52,18780.23,45335.23,7774.77,South,Completed
ORD02496,2025-06-06,CUST0235,P0163,1,0.0,3768.33,3060.43,3768.33,707.9,East,Completed
ORD05989,2025-06-06,CUST0204,P0135,4,0.05,644.55,462.91,2449.29,597.65,North,Completed
ORD02917,2025-06-06,CUST0598,P0015,5,0.1,18890.43,14292.88,85006.94,13542.54,South,Completed
ORD08608,2025-06-06,CUST0961,P0137,1,0.0,3327.18,2091.19,3327.18,1235.99,North,Completed
ORD07804,2025-06-06,CUST0757,P0118,3,0.15,36939.5,23012.67,94195.72,25157.71,West,Pending
ORD04643,2025-06-06,CUST0176,P0066,1,0.1,15521.48,11472.78,13969.33,2496.55,West,Completed
ORD07562,2025-06-06,CUST0575,P0100,1,0.0,36262.87,22462.27,36262.87,13800.6,South,Completed
ORD00675,2025-06-06,CUST0235,P0047,4,0.15,1004.63,793.19,3415.74,242.98,East,Completed
ORD01839,2025-06-06,CUST0606,P0030,2,0.05,23508.75,18216.9,44666.62,8232.82,South,Completed
ORD03258,2025-06-06,CUST0589,P0004,2,0.0,20696.25,15931.27,41392.5,9529.96,East,Completed
ORD02801,2025-06-06,CUST0225,P0066,1,0.0,15521.48,11472.78,15521.48,4048.7,East,Cancelled
ORD05725,2025-06-06,CUST0482,P0028,5,0.0,1126.53,825.36,5632.65,1505.85,East,Completed
ORD08796,2025-06-06,CUST0618,P0199,2,0.1,404.58,321.41,728.24,85.42,South,Completed
ORD09064,2025-06-06,CUST0725,P0161,3,0.05,36827.84,23163.81,104959.34,35467.91,South,Cancelled
ORD07698,2025-06-06,CUST0061,P0146,4,0.1,11482.27,8693.26,41336.17,6563.13,West,Completed
ORD09207,2025-06-06,CUST0693,P0136,1,0.0,3029.54,2200.52,3029.54,829.02,East,Completed
ORD06266,2025-06-06,CUST0715,P0021,2,0.0,6878.25,5112.71,13756.5,3531.08,South,Completed
ORD09798,2025-06-07,CUST0890,P0172,2,0.0,53066.45,36105.87,106132.9,33921.16,North,Completed
ORD08699,2025-06-07,CUST0963,P0071,1,0.05,35759.59,27998.22,33971.61,5973.39,South,Completed
ORD00253,2025-06-07,CUST0768,P0111,1,0.05,32818.12,23699.05,31177.21,7478.16,East,Completed
ORD02909,2025-06-07,CUST0439,P0095,2,0.0,9513.49,6495.4,19026.98,6036.18,West,Completed
ORD09426,2025-06-07,CUST0726,P0052,1,0.15,7440.54,4865.29,6324.46,1459.17,North,Completed
ORD08568,2025-06-07,CUST0846,P0065,2,0.15,21598.4,14583.7,36717.28,7549.88,West,Completed
ORD02763,2025-06-07,CUST0499,P0100,3,0.0,36262.87,22462.27,108788.61,41401.8,West,Completed
ORD03493,2025-06-07,CUST0838,P0189,1,0.15,38312.77,25713.12,32565.85,6852.73,West,Completed
ORD06089,2025-06-07,CUST0083,P0165,2,0.0,728.57,514.38,1457.14,428.38,North,Completed
ORD07817,2025-06-07,CUST0704,P0147,4,0.0,22737.01,13458.16,90948.04,37115.4,North,Completed
ORD08682,2025-06-07,CUST0997,P0061,2,0.2,49224.25,33194.34,78758.8,12370.12,South,Completed
ORD08071,2025-06-07,CUST0740,P0135,3,0.15,644.55,462.91,1643.6,254.87,East,Completed
ORD00304,2025-06-07,CUST0628,P0078,2,0.05,66750.32,43644.61,126825.61,39536.39,North,Cancelled
ORD05848,2025-06-07,CUST0086,P0186,3,0.1,36288.91,28203.52,97980.06,13369.5,West,Pending
ORD07622,2025-06-07,CUST0949,P0139,1,0.1,26827.4,18117.75,24144.66,6026.91,West,Completed
ORD06179,2025-06-08,CUST0251,P0005,3,0.1,759.62,541.79,2050.97,425.6,North,Completed
ORD02660,2025-06-08,CUST0894,P0029,3,0.05,1310.65,844.84,3735.35,1200.83,South,Cancelled
ORD01249,2025-06-08,CUST0716,P0164,1,0.0,8324.94,6438.05,8324.94,1886.89,North,Completed
ORD09506,2025-06-08,CUST0253,P0185,1,0.1,76508.26,54062.35,68857.43,14795.08,South,Completed
ORD03121,2025-06-08,CUST0088,P0086,1,0.05,519.82,398.56,493.83,95.27,West,Completed
ORD08516,2025-06-08,CUST0269,P0172,1,0.2,53066.45,36105.87,42453.16,6347.29,East,Completed
ORD02090,2025-06-08,CUST0388,P0167,3,0.0,7469.0,4701.25,22407.0,8303.25,East,Cancelled
ORD00629,2025-06-08,CUST0892,P0084,1,0.05,52737.3,39276.81,50100.44,10823.63,South,Completed
ORD07000,2025-06-08,CUST0572,P0118,2,0.0,36939.5,23012.67,73879.0,27853.66,East,Completed
ORD03766,2025-06-08,CUST0782,P0182,2,0.2,15590.28,12172.38,24944.45,599.69,West,Completed
ORD07927,2025-06-08,CUST0648,P0042,3,0.0,10683.47,6548.45,32050.41,12405.06,West,Completed
ORD09597,2025-06-08,CUST0837,P0114,2,0.1,16683.02,10299.86,30029.44,9429.72,West,Completed
ORD08340,2025-06-08,CUST0115,P0182,4,0.05,15590.28,12172.38,59243.06,10553.54,North,Completed
ORD06517,2025-06-08,CUST0304,P0164,1,0.15,8324.94,6438.05,7076.2,638.15,West,Completed
ORD06771,2025-06-08,CUST0999,P0098,1,0.0,15055.62,11767.46,15055.62,3288.16,North,Completed
ORD02803,2025-06-08,CUST0890,P0069,4,0.0,196.15,126.8,784.6,277.4,North,Completed
ORD06473,2025-06-08,CUST0554,P0112,4,0.05,20043.19,13117.75,76164.12,23693.12,North,Completed
ORD00698,2025-06-09,CUST0810,P0196,1,0.1,385.78,231.62,347.2,115.58,North,Completed
ORD09408,2025-06-09,CUST0288,P0021,1,0.1,6878.25,5112.71,6190.42,1077.71,South,Completed
ORD04673,2025-06-09,CUST0790,P0134,1,0.2,34117.69,25387.96,27294.15,1906.19,South,Completed
ORD03744,2025-06-09,CUST0793,P0054,1,0.1,34828.61,21081.63,31345.75,10264.12,South,Completed
ORD01450,2025-06-09,CUST0386,P0131,4,0.0,896.08,597.69,3584.32,1193.56,West,Completed
ORD02418,2025-06-09,CUST0302,P0194,1,0.1,13118.34,8489.04,11806.51,3317.47,South,Completed
ORD05850,2025-06-09,CUST0807,P0146,1,0.05,11482.27,8693.26,10908.16,2214.9,South,Completed
ORD09172,2025-06-09,CUST0165,P0096,2,0.05,22714.55,15565.72,43157.64,12026.2,West,Completed
ORD07507,2025-06-09,CUST0891,P0169,1,0.0,12339.56,8305.1,12339.56,4034.46,West,Completed
ORD04565,2025-06-09,CUST0965,P0195,1,0.15,15240.21,11813.53,12954.18,1140.65,North,Completed
ORD09540,2025-06-09,CUST0337,P0017,2,0.1,17284.69,10596.05,31112.44,9920.34,East,Completed
ORD07735,2025-06-10,CUST0563,P0067,1,0.15,5933.02,4559.02,5043.07,484.05,West,Completed
ORD08708,2025-06-10,CUST0895,P0008,1,0.0,68633.55,51583.32,68633.55,17050.23,East,Cancelled
ORD01534,2025-06-10,CUST0610,P0197,3,0.15,15133.72,11886.63,38590.99,2931.1,South,Completed
ORD09613,2025-06-10,CUST0757,P0156,4,0.0,44665.09,34536.09,178660.36,40516.0,West,Completed
ORD03439,2025-06-10,CUST0106,P0136,3,0.1,3029.54,2200.52,8179.76,1578.2,North,Completed
ORD06953,2025-06-10,CUST0658,P0052,2,0.1,7440.54,4865.29,13392.97,3662.39,North,Completed
ORD04256,2025-06-10,CUST0734,P0080,1,0.0,67342.32,40846.14,67342.32,26496.18,South,Completed
ORD00764,2025-06-10,CUST0731,P0027,1,0.0,20926.64,14284.36,20926.64,6642.28,North,Completed
ORD00006,2025-06-10,CUST0556,P0199,1,0.1,404.58,321.41,364.12,42.71,North,Pending
ORD01122,2025-06-10,CUST0159,P0105,2,0.1,17543.79,10886.17,31578.82,9806.48,East,Completed
ORD09896,2025-06-11,CUST0514,P0023,2,0.1,29957.89,23747.89,53924.2,6428.42,East,Completed
ORD07103,2025-06-11,CUST0233,P0045,3,0.0,2217.01,1355.93,6651.03,2583.24,East,Completed
ORD09891,2025-06-11,CUST0928,P0100,1,0.15,36262.87,22462.27,30823.44,8361.17,North,Completed
ORD07284,2025-06-11,CUST0870,P0121,2,0.1,975.23,645.82,1755.41,463.77,West,Completed
ORD03677,2025-06-11,CUST0958,P0165,1,0.0,728.57,514.38,728.57,214.19,South,Completed
ORD08800,2025-06-11,CUST0314,P0156,1,0.0,44665.09,34536.09,44665.09,10129.0,East,Completed
ORD09640,2025-06-11,CUST0419,P0110,2,0.0,30098.59,20298.4,60197.18,19600.38,North,Completed
ORD02766,2025-06-11,CUST0303,P0109,3,0.1,17118.52,11998.2,46220.0,10225.4,West,Completed
ORD01123,2025-06-11,CUST0014,P0074,3,0.0,40981.75,23771.65,122945.25,51630.3,East,Completed
ORD06543,2025-06-11,CUST0300,P0055,2,0.0,6422.29,4812.56,12844.58,3219.46,North,Completed
ORD06040,2025-06-11,CUST0582,P0162,2,0.15,46811.03,27452.25,79578.75,24674.25,West,Completed
ORD01298,2025-06-11,CUST0181,P0062,2,0.1,7214.7,5874.11,12986.46,1238.24,East,Completed
ORD00517,2025-06-11,CUST0639,P0060,1,0.0,32036.99,25220.68,32036.99,6816.31,East,Completed
ORD05878,2025-06-11,CUST0319,P0053,1,0.05,422.63,329.18,401.5,72.32,West,Completed
ORD06485,2025-06-11,CUST0371,P0057,3,0.0,911.67,722.71,2735.01,566.88,North,Completed
ORD04630,2025-06-12,CUST0601,P0138,1,0.05,30903.45,21958.56,29358.28,7399.72,East,Completed
ORD08459,2025-06-12,CUST0336,P0193,2,0.2,8422.11,6102.6,13475.38,1270.18,North,Completed
ORD04471,2025-06-12,CUST0147,P0031,4,0.0,12553.48,9544.5,50213.92,12035.92,East,Completed
ORD01804,2025-06-12,CUST0871,P0017,1,0.05,17284.69,10596.05,16420.46,5824.41,East,Completed
ORD05226,2025-06-12,CUST0812,P0134,2,0.2,34117.69,25387.96,54588.3,3812.38,North,Completed
ORD04135,2025-06-12,CUST0708,P0182,1,0.1,15590.28,12172.38,14031.25,1858.87,East,Completed
ORD08727,2025-06-12,CUST0960,P0100,2,0.1,36262.87,22462.27,65273.17,20348.63,North,Completed
ORD01164,2025-06-12,CUST0125,P0030,4,0.1,23508.75,18216.9,84631.5,11763.9,South,Cancelled
ORD01706,2025-06-12,CUST0826,P0182,2,0.05,15590.28,12172.38,29621.53,5276.77,West,Completed
ORD03245,2025-06-12,CUST0798,P0038,1,0.2,25137.53,20080.78,20110.02,29.24,North,Completed
ORD06202,2025-06-13,CUST0786,P0038,2,0.0,25137.53,20080.78,50275.06,10113.5,South,Completed
ORD01651,2025-06-13,CUST0251,P0160,1,0.05,680.29,502.6,646.28,143.68,North,Completed
ORD03868,2025-06-13,CUST0352,P0043,5,0.1,528.82,390.77,2379.69,425.84,North,Completed
ORD09736,2025-06-13,CUST0081,P0031,1,0.1,12553.48,9544.5,11298.13,1753.63,East,Completed
ORD00704,2025-06-13,CUST0450,P0007,2,0.05,8223.62,4942.96,15624.88,5738.96,South,Completed
ORD05245,2025-06-13,CUST0249,P0118,2,0.05,36939.5,23012.67,70185.05,24159.71,West,Completed
ORD04671,2025-06-13,CUST0686,P0141,2,0.0,1748.75,1100.65,3497.5,1296.2,North,Completed
ORD07138,2025-06-13,CUST0368,P0110,1,0.1,30098.59,20298.4,27088.73,6790.33,North,Pending
ORD08939,2025-06-13,CUST0064,P0074,1,0.0,40981.75,23771.65,40981.75,17210.1,West,Cancelled
ORD07187,2025-06-13,CUST0573,P0182,1,0.1,15590.28,12172.38,14031.25,1858.87,North,Completed
ORD05633,2025-06-13,CUST0403,P0178,4,0.0,4042.35,3098.18,16169.4,3776.68,South,Completed
ORD05206,2025-06-13,CUST0086,P0078,2,0.05,66750.32,43644.61,126825.61,39536.39,West,Completed
ORD04314,2025-06-14,CUST0498,P0047,1,0.2,1004.63,793.19,803.7,10.51,West,Completed
ORD06612,2025-06-14,CUST0176,P0011,2,0.0,50761.69,39171.65,101523.38,23180.08,West,Completed
ORD02735,2025-06-14,CUST0315,P0048,3,0.05,1114.29,876.19,3175.73,547.16,East,Completed
ORD09257,2025-06-14,CUST0265,P0128,2,0.1,7160.91,4568.96,12889.64,3751.72,South,Completed
ORD09384,2025-06-14,CUST0869,P0043,3,0.05,528.82,390.77,1507.14,334.83,South,Completed
ORD05397,2025-06-14,CUST0121,P0143,1,0.0,56727.96,35563.32,56727.96,21164.64,West,Completed
ORD04793,2025-06-14,CUST0649,P0156,1,0.1,44665.09,34536.09,40198.58,5662.49,East,Completed
ORD05563,2025-06-14,CUST0769,P0059,2,0.05,1247.06,804.27,2369.41,760.87,South,Completed
ORD05516,2025-06-14,CUST0101,P0147,4,0.0,22737.01,13458.16,90948.04,37115.4,East,Completed
ORD07838,2025-06-14,CUST0854,P0025,4,0.1,49570.32,37427.29,178453.15,28743.99,North,Completed
ORD02088,2025-06-14,CUST0271,P0054,1,0.05,34828.61,21081.63,33087.18,12005.55,East,Completed
ORD07538,2025-06-14,CUST0601,P0076,3,0.0,20055.1,12211.29,60165.3,23531.43,East,Completed
ORD04668,2025-06-14,CUST0061,P0109,1,0.1,17118.52,11998.2,15406.67,3408.47,West,Completed
ORD08639,2025-06-14,CUST0265,P0034,2,0.05,143.7,100.11,273.03,72.81,South,Completed
ORD05678,2025-06-14,CUST0949,P0089,1,0.0,74892.61,50603.0,74892.61,24289.61,West,Completed
ORD01993,2025-06-15,CUST0649,P0152,2,0.05,5896.48,4498.55,11203.31,2206.21,East,Completed
ORD09020,2025-06-15,CUST0333,P0109,1,0.05,17118.52,11998.2,16262.59,4264.39,East,Completed
ORD03983,2025-06-15,CUST0031,P0135,2,0.1,644.55,462.91,1160.19,234.37,South,Completed
ORD03661,2025-06-15,CUST0717,P0191,3,0.1,8442.75,6441.23,22795.42,3471.73,South,Cancelled
ORD00540,2025-06-15,CUST0322,P0028,2,0.0,1126.53,825.36,2253.06,602.34,West,Completed
ORD05978,2025-06-15,CUST0992,P0078,1,0.15,66750.32,43644.61,56737.77,13093.16,East,Completed
ORD05686,2025-06-15,CUST0561,P0066,3,0.05,15521.48,11472.78,44236.22,9817.88,South,Completed
ORD04164,2025-06-15,CUST0550,P0110,2,0.1,30098.59,20298.4,54177.46,13580.66,South,Completed
ORD06655,2025-06-15,CUST0390,P0051,1,0.15,57445.48,35926.8,48828.66,12901.86,North,Completed
ORD07886,2025-06-15,CUST0896,P0089,1,0.15,74892.61,50603.0,63658.72,13055.72,South,Completed
ORD08757,2025-06-15,CUST0999,P0183,4,0.0,66902.29,49511.88,267609.16,69561.64,North,Cancelled
ORD02069,2025-06-15,CUST0999,P0125,2,0.15,3155.85,2083.96,5364.94,1197.02,North,Completed
ORD02417,2025-06-15,CUST0561,P0055,3,0.0,6422.29,4812.56,19266.87,4829.19,South,Completed
ORD06993,2025-06-15,CUST0441,P0024,2,0.0,792.84,470.21,1585.68,645.26,South,Completed
ORD04845,2025-06-15,CUST0486,P0111,2,0.2,32818.12,23699.05,52508.99,5110.89,West,Completed
ORD03359,2025-06-16,CUST0380,P0022,1,0.15,68945.25,50670.94,58603.46,7932.52,East,Completed
ORD06548,2025-06-16,CUST0828,P0052,3,0.2,7440.54,4865.29,17857.3,3261.43,North,Completed
ORD04528,2025-06-16,CUST0203,P0083,4,0.15,374.27,289.15,1272.52,115.92,East,Completed
ORD03420,2025-06-16,CUST0890,P0101,1,0.1,51632.3,38843.18,46469.07,7625.89,North,Completed
ORD06177,2025-06-16,CUST0234,P0134,2,0.0,34117.69,25387.96,68235.38,17459.46,South,Completed
ORD01278,2025-06-16,CUST0729,P0072,2,0.1,28334.52,18780.23,51002.14,13441.68,South,Completed
ORD03741,2025-06-16,CUST0020,P0127,2,0.15,37425.34,27064.21,63623.08,9494.66,West,Completed
ORD02707,2025-06-16,CUST0023,P0196,2,0.0,385.78,231.62,771.56,308.32,South,Completed
ORD09393,2025-06-16,CUST0037,P0068,4,0.05,41326.98,32432.51,157042.52,27312.48,East,Completed
ORD06931,2025-06-16,CUST0770,P0152,4,0.0,5896.48,4498.55,23585.92,5591.72,North,Completed
ORD05782,2025-06-16,CUST0942,P0165,1,0.1,728.57,514.38,655.71,141.33,South,Cancelled
ORD04334,2025-06-16,CUST0158,P0064,4,0.05,20038.07,13846.76,76144.67,20757.63,South,Completed
ORD07998,2025-06-17,CUST0068,P0058,1,0.2,7347.4,4878.31,5877.92,999.61,North,Completed
ORD05607,2025-06-17,CUST0531,P0158,2,0.1,33125.35,22293.09,59625.63,15039.45,South,Completed
ORD01891,2025-06-17,CUST0831,P0194,1,0.15,13118.34,8489.04,11150.59,2661.55,West,Completed
ORD01055,2025-06-17,CUST0259,P0130,2,0.15,58219.77,46803.43,98973.61,5366.75,South,Completed
ORD06134,2025-06-17,CUST0346,P0137,3,0.0,3327.18,2091.19,9981.54,3707.97,North,Cancelled
ORD03249,2025-06-17,CUST0082,P0200,2,0.1,37954.59,28614.99,68318.26,11088.28,South,Completed
ORD08586,2025-06-17,CUST0168,P0003,1,0.1,15581.84,9713.54,14023.66,4310.12,West,Completed
ORD09473,2025-06-17,CUST0762,P0176,1,0.15,9388.62,6512.18,7980.33,1468.15,South,Completed
ORD04306,2025-06-17,CUST0804,P0062,1,0.0,7214.7,5874.11,7214.7,1340.59,North,Completed
ORD08108,2025-06-17,CUST0325,P0038,3,0.0,25137.53,20080.78,75412.59,15170.25,North,Completed
ORD01362,2025-06-17,CUST0074,P0065,2,0.05,21598.4,14583.7,41036.96,11869.56,South,Completed
ORD08888,2025-06-17,CUST0937,P0013,1,0.15,8923.66,6594.73,7585.11,990.38,East,Completed
ORD02497,2025-06-18,CUST0855,P0145,3,0.0,360.46,274.8,1081.38,256.98,East,Completed
ORD01855,2025-06-18,CUST0104,P0079,1,0.15,409.51,310.64,348.08,37.44,West,Completed
ORD09556,2025-06-18,CUST0818,P0025,5,0.05,49570.32,37427.29,235459.02,48322.57,North,Completed
ORD05569,2025-06-18,CUST0413,P0065,1,0.1,21598.4,14583.7,19438.56,4854.86,South,Completed
ORD07728,2025-06-18,CUST0350,P0164,4,0.0,8324.94,6438.05,33299.76,7547.56,North,Completed
ORD08662,2025-06-18,CUST0868,P0152,1,0.1,5896.48,4498.55,5306.83,808.28,South,Completed
ORD01190,2025-06-18,CUST0117,P0106,1,0.1,526.46,370.01,473.81,103.8,South,Completed
ORD05021,2025-06-18,CUST0237,P0128,1,0.0,7160.91,4568.96,7160.91,2591.95,North,Completed
ORD00753,2025-06-18,CUST0138,P0188,3,0.1,5272.37,3130.49,14235.4,4843.93,West,Completed
ORD04456,2025-06-18,CUST0555,P0181,4,0.05,8670.4,5624.95,32947.52,10447.72,West,Completed
ORD00250,2025-06-18,CUST0105,P0083,2,0.0,374.27,289.15,748.54,170.24,South,Completed
ORD01430,2025-06-18,CUST0581,P0143,2,0.05,56727.96,35563.32,107783.12,36656.48,West,Completed
ORD09996,2025-06-18,CUST0755,P0057,1,0.15,911.67,722.71,774.92,52.21,East,Cancelled
ORD03562,2025-06-18,CUST0331,P0013,2,0.05,8923.66,6594.73,16954.95,3765.49,West,Completed
ORD00294,2025-06-19,CUST0861,P0038,4,0.0,25137.53,20080.78,100550.12,20227.0,North,Completed
ORD01666,2025-06-19,CUST0443,P0006,1,0.1,51610.25,30768.51,46449.22,15680.71,South,Completed
ORD06441,2025-06-19,CUST0704,P0001,1,0.15,796.95,617.19,677.41,60.22,North,Completed
ORD03426,2025-06-19,CUST0460,P0147,1,0.15,22737.01,13458.16,19326.46,5868.3,East,Completed
ORD05164,2025-06-19,CUST0009,P0070,3,0.1,56679.56,41863.05,153034.81,27445.66,South,Completed
ORD09741,2025-06-19,CUST0346,P0021,1,0.05,6878.25,5112.71,6534.34,1421.63,North,Completed
ORD00722,2025-06-19,CUST0498,P0031,1,0.05,12553.48,9544.5,11925.81,2381.31,West,Completed
ORD07336,2025-06-19,CUST0963,P0200,2,0.05,37954.59,28614.99,72113.72,14883.74,South,Completed
ORD08452,2025-06-19,CUST0679,P0151,2,0.05,5830.9,4665.5,11078.71,1747.71,East,Completed
ORD01598,2025-06-19,CUST0794,P0156,4,0.1,44665.09,34536.09,160794.32,22649.96,West,Completed
ORD02267,2025-06-19,CUST0754,P0159,5,0.0,54205.42,36083.24,271027.1,90610.9,South,Completed
ORD04568,2025-06-19,CUST0059,P0052,2,0.1,7440.54,4865.29,13392.97,3662.39,West,Completed
ORD04916,2025-06-20,CUST0009,P0021,1,0.1,6878.25,5112.71,6190.42,1077.71,South,Completed
ORD03411,2025-06-20,CUST0020,P0024,5,0.05,792.84,470.21,3765.99,1414.94,West,Cancelled
ORD06640,2025-06-20,CUST0552,P0122,1,0.1,17942.76,13133.8,16148.48,3014.68,East,Completed
ORD07074,2025-06-20,CUST0467,P0133,2,0.0,30154.78,21233.5,60309.56,17842.56,West,Completed
ORD09560,2025-06-20,CUST0094,P0102,1,0.0,4149.23,2427.22,4149.23,1722.01,East,Completed
ORD09642,2025-06-20,CUST0657,P0150,1,0.15,53462.03,36715.83,45442.73,8726.9,South,Completed
ORD01500,2025-06-20,CUST0126,P0191,3,0.05,8442.75,6441.23,24061.84,4738.15,West,Completed
ORD04137,2025-06-20,CUST0409,P0102,3,0.15,4149.23,2427.22,10580.54,3298.88,East,Completed
ORD02509,2025-06-20,CUST0192,P0136,2,0.05,3029.54,2200.52,5756.13,1355.09,North,Cancelled
ORD03669,2025-06-20,CUST0143,P0166,1,0.05,47059.67,34982.34,44706.69,9724.35,West,Completed
ORD03519,2025-06-20,CUST0706,P0036,1,0.1,1008.83,797.09,907.95,110.86,East,Completed
ORD02611,2025-06-20,CUST0528,P0141,1,0.1,1748.75,1100.65,1573.88,473.23,South,Completed
ORD09463,2025-06-20,CUST0175,P0085,3,0.1,73872.61,56554.21,199456.05,29793.42,West,Completed
ORD00774,2025-06-21,CUST0259,P0093,2,0.05,10189.0,5911.08,19359.1,7536.94,South,Completed
ORD02219,2025-06-21,CUST0674,P0053,4,0.05,422.63,329.18,1605.99,289.27,North,Completed
ORD03172,2025-06-21,CUST0716,P0185,5,0.1,76508.26,54062.35,344287.17,73975.42,North,Completed
ORD05803,2025-06-21,CUST0082,P0005,1,0.05,759.62,541.79,721.64,179.85,South,Completed
ORD07077,2025-06-21,CUST0982,P0189,2,0.0,38312.77,25713.12,76625.54,25199.3,East,Completed
ORD05292,2025-06-21,CUST0762,P0121,1,0.0,975.23,645.82,975.23,329.41,South,Completed
ORD00723,2025-06-21,CUST0486,P0169,1,0.1,12339.56,8305.1,11105.6,2800.5,West,Completed
ORD04538,2025-06-21,CUST0896,P0048,1,0.05,1114.29,876.19,1058.58,182.39,South,Completed
ORD02152,2025-06-21,CUST0101,P0167,3,0.1,7469.0,4701.25,20166.3,6062.55,East,Completed
ORD05443,2025-06-21,CUST0903,P0175,2,0.05,791.76,614.23,1504.34,275.88,East,Completed
ORD08841,2025-06-21,CUST0464,P0091,2,0.0,49350.46,32483.04,98700.92,33734.84,East,Cancelled
ORD07091,2025-06-22,CUST0342,P0065,1,0.1,21598.4,14583.7,19438.56,4854.86,South,Completed
ORD00986,2025-06-22,CUST0102,P0012,1,0.0,4072.78,2687.49,4072.78,1385.29,South,Completed
ORD03837,2025-06-22,CUST0755,P0027,3,0.1,20926.64,14284.36,56501.93,13648.85,East,Completed
ORD04485,2025-06-22,CUST0427,P0087,2,0.0,11879.48,8267.83,23758.96,7223.3,North,Completed
ORD09644,2025-06-22,CUST0367,P0162,4,0.1,46811.03,27452.25,168519.71,58710.71,North,Completed
ORD04167,2025-06-22,CUST0568,P0143,5,0.1,56727.96,35563.32,255275.82,77459.22,West,Completed
ORD03314,2025-06-22,CUST0062,P0143,1,0.1,56727.96,35563.32,51055.16,15491.84,East,Completed
ORD00899,2025-06-22,CUST0999,P0193,1,0.1,8422.11,6102.6,7579.9,1477.3,North,Completed
ORD03568,2025-06-22,CUST0020,P0012,4,0.15,4072.78,2687.49,13847.45,3097.49,West,Completed
ORD06275,2025-06-22,CUST0723,P0057,2,0.15,911.67,722.71,1549.84,104.42,West,Completed
ORD06242,2025-06-22,CUST0373,P0171,2,0.0,39010.06,29472.11,78020.12,19075.9,North,Completed
ORD00015,2025-06-22,CUST0294,P0108,1,0.05,673.74,534.39,640.05,105.66,East,Cancelled
ORD04998,2025-06-22,CUST0440,P0066,3,0.2,15521.48,11472.78,37251.55,2833.21,East,Completed
ORD06397,2025-06-22,CUST0882,P0199,5,0.15,404.58,321.41,1719.46,112.41,East,Completed
ORD00981,2025-06-22,CUST0411,P0011,1,0.0,50761.69,39171.65,50761.69,11590.04,East,Completed
ORD02270,2025-06-22,CUST0490,P0161,1,0.0,36827.84,23163.81,36827.84,13664.03,West,Completed
ORD00520,2025-06-23,CUST0055,P0117,3,0.0,62915.52,50890.59,188746.56,36074.79,East,Completed
ORD01721,2025-06-23,CUST0064,P0007,1,0.1,8223.62,4942.96,7401.26,2458.3,West,Completed
ORD01975,2025-06-23,CUST0016,P0041,1,0.0,4003.54,2383.24,4003.54,1620.3,West,Completed
ORD00661,2025-06-23,CUST0547,P0072,1,0.0,28334.52,18780.23,28334.52,9554.29,South,Completed
ORD01057,2025-06-23,CUST0047,P0014,1,0.1,18597.52,13817.51,16737.77,2920.26,East,Completed
ORD09124,2025-06-23,CUST0600,P0003,3,0.0,15581.84,9713.54,46745.52,17604.9,East,Completed
ORD07023,2025-06-23,CUST0706,P0172,1,0.15,53066.45,36105.87,45106.48,9000.61,East,Completed
ORD00044,2025-06-23,CUST0938,P0179,2,0.0,12818.17,8758.44,25636.34,8119.46,West,Completed
ORD00947,2025-06-23,CUST0426,P0064,4,0.05,20038.07,13846.76,76144.67,20757.63,East,Completed
ORD01908,2025-06-23,CUST0227,P0095,1,0.05,9513.49,6495.4,9037.82,2542.42,East,Completed
ORD05189,2025-06-23,CUST0296,P0159,4,0.05,54205.42,36083.24,205980.6,61647.64,South,Completed
ORD00213,2025-06-24,CUST0874,P0082,3,0.0,14583.87,9123.23,43751.61,16381.92,North,Completed
ORD02210,2025-06-24,CUST0844,P0127,1,0.05,37425.34,27064.21,35554.07,8489.86,West,Completed
ORD07906,2025-06-24,CUST0326,P0071,1,0.2,35759.59,27998.22,28607.67,609.45,North,Completed
ORD01803,2025-06-24,CUST0002,P0003,4,0.2,15581.84,9713.54,49861.89,11007.73,West,Completed
ORD05127,2025-06-24,CUST0732,P0136,1,0.1,3029.54,2200.52,2726.59,526.07,East,Completed
ORD01847,2025-06-24,CUST0950,P0049,2,0.0,56396.41,44202.58,112792.82,24387.66,East,Completed
ORD06770,2025-06-24,CUST0025,P0102,2,0.0,4149.23,2427.22,8298.46,3444.02,South,Completed
ORD04864,2025-06-24,CUST0411,P0003,1,0.1,15581.84,9713.54,14023.66,4310.12,East,Completed
ORD00033,2025-06-24,CUST0732,P0008,2,0.1,68633.55,51583.32,123540.39,20373.75,East,Completed
ORD00759,2025-06-24,CUST0723,P0122,2,0.1,17942.76,13133.8,32296.97,6029.37,West,Completed
ORD02794,2025-06-24,CUST0903,P0068,1,0.15,41326.98,32432.51,35127.93,2695.42,East,Completed
ORD01881,2025-06-24,CUST0498,P0140,1,0.15,12142.58,7367.6,10321.19,2953.59,West,Completed
ORD01782,2025-06-24,CUST0347,P0146,1,0.1,11482.27,8693.26,10334.04,1640.78,North,Completed
ORD00824,2025-06-24,CUST0825,P0048,1,0.0,1114.29,876.19,1114.29,238.1,South,Completed
ORD04613,2025-06-25,CUST0184,P0170,2,0.0,750.66,462.97,1501.32,575.38,West,Completed
ORD07587,2025-06-25,CUST0179,P0023,4,0.0,29957.89,23747.89,119831.56,24840.0,West,Completed
ORD03913,2025-06-25,CUST0727,P0198,1,0.05,715.13,510.57,679.37,168.8,East,Completed
ORD07625,2025-06-25,CUST0125,P0061,2,0.05,49224.25,33194.34,93526.08,27137.4,South,Completed
ORD05847,2025-06-25,CUST0985,P0112,1,0.15,20043.19,13117.75,17036.71,3918.96,West,Completed
ORD07904,2025-06-25,CUST0365,P0079,1,0.0,409.51,310.64,409.51,98.87,North,Completed
ORD09594,2025-06-25,CUST0962,P0107,1,0.1,72638.94,50890.24,65375.05,14484.81,North,Completed
ORD05298,2025-06-25,CUST0583,P0185,1,0.0,76508.26,54062.35,76508.26,22445.91,North,Completed
ORD08770,2025-06-25,CUST0188,P0012,1,0.1,4072.78,2687.49,3665.5,978.01,East,Completed
ORD08165,2025-06-25,CUST0277,P0184,1,0.05,20719.38,13335.4,19683.41,6348.01,West,Completed
ORD06679,2025-06-25,CUST0024,P0182,3,0.05,15590.28,12172.38,44432.3,7915.16,East,Cancelled
ORD06738,2025-06-25,CUST0170,P0060,3,0.0,32036.99,25220.68,96110.97,20448.93,West,Completed
ORD03171,2025-06-25,CUST0910,P0071,1,0.0,35759.59,27998.22,35759.59,7761.37,North,Pending
ORD02908,2025-06-25,CUST0401,P0066,2,0.05,15521.48,11472.78,29490.81,6545.25,North,Completed
ORD02125,2025-06-26,CUST0412,P0173,3,0.0,4259.82,3133.66,12779.46,3378.48,East,Pending
ORD08057,2025-06-26,CUST0034,P0161,1,0.1,36827.84,23163.81,33145.06,9981.25,North,Completed
ORD08209,2025-06-26,CUST0015,P0006,3,0.1,51610.25,30768.51,139347.68,47042.15,West,Completed
ORD06064,2025-06-26,CUST0833,P0057,1,0.15,911.67,722.71,774.92,52.21,North,Completed
ORD08697,2025-06-26,CUST0577,P0107,2,0.1,72638.94,50890.24,130750.09,28969.61,West,Completed
ORD07536,2025-06-26,CUST0940,P0196,1,0.0,385.78,231.62,385.78,154.16,West,Completed
ORD08174,2025-06-26,CUST0412,P0074,1,0.05,40981.75,23771.65,38932.66,15161.01,East,Completed
ORD01593,2025-06-26,CUST0747,P0178,2,0.2,4042.35,3098.18,6467.76,271.4,West,Completed
ORD04585,2025-06-27,CUST0533,P0151,1,0.0,5830.9,4665.5,5830.9,1165.4,East,Completed
ORD02388,2025-06-27,CUST0298,P0094,2,0.05,77812.86,47690.34,147844.43,52463.75,West,Completed
ORD07175,2025-06-27,CUST0043,P0128,3,0.15,7160.91,4568.96,18260.32,4553.44,East,Cancelled
ORD03748,2025-06-27,CUST0825,P0125,5,0.0,3155.85,2083.96,15779.25,5359.45,South,Completed
ORD08053,2025-06-27,CUST0118,P0113,1,0.1,26426.25,19479.69,23783.62,4303.93,North,Completed
ORD07523,2025-06-27,CUST0746,P0028,1,0.1,1126.53,825.36,1013.88,188.52,East,Completed
ORD08674,2025-06-27,CUST0807,P0047,2,0.1,1004.63,793.19,1808.33,221.95,South,Completed
ORD09524,2025-06-27,CUST0128,P0197,1,0.05,15133.72,11886.63,14377.03,2490.4,South,Completed
ORD03682,2025-06-27,CUST0450,P0078,3,0.0,66750.32,43644.61,200250.96,69317.13,South,Cancelled
ORD02477,2025-06-27,CUST0551,P0193,4,0.2,8422.11,6102.6,26950.75,2540.35,North,Completed
ORD03413,2025-06-27,CUST0969,P0193,1,0.0,8422.11,6102.6,8422.11,2319.51,East,Completed
ORD05460,2025-06-27,CUST0890,P0080,2,0.2,67342.32,40846.14,107747.71,26055.43,North,Completed
ORD05836,2025-06-27,CUST0831,P0014,1,0.15,18597.52,13817.51,15807.89,1990.38,West,Completed
ORD04218,2025-06-27,CUST0073,P0015,1,0.15,18890.43,14292.88,16056.87,1763.99,West,Completed
ORD03976,2025-06-27,CUST0974,P0059,1,0.15,1247.06,804.27,1060.0,255.73,South,Completed
ORD09120,2025-06-27,CUST0622,P0006,1,0.15,51610.25,30768.51,43868.71,13100.2,East,Completed
ORD03736,2025-06-27,CUST0088,P0020,3,0.0,14020.39,10682.55,42061.17,10013.52,West,Completed
ORD03355,2025-06-27,CUST0138,P0005,1,0.1,759.62,541.79,683.66,141.87,West,Completed
ORD03701,2025-06-27,CUST0246,P0119,2,0.1,11965.18,9132.35,21537.32,3272.62,South,Completed
ORD06623,2025-06-27,CUST0567,P0148,4,0.05,15484.78,9786.06,58842.16,19697.92,North,Completed
ORD02638,2025-06-27,CUST0857,P0082,3,0.0,14583.87,9123.23,43751.61,16381.92,South,Completed
ORD06577,2025-06-27,CUST0257,P0054,1,0.0,34828.61,21081.63,34828.61,13746.98,East,Completed
ORD08742,2025-06-28,CUST0058,P0144,2,0.05,501.46,362.98,952.77,226.81,West,Completed
ORD06891,2025-06-28,CUST0260,P0188,1,0.0,5272.37,3130.49,5272.37,2141.88,East,Completed
ORD07066,2025-06-28,CUST0555,P0179,1,0.1,12818.17,8758.44,11536.35,2777.91,West,Completed
ORD03535,2025-06-28,CUST0112,P0005,1,0.15,759.62,541.79,645.68,103.89,North,Completed
ORD05123,2025-06-28,CUST0808,P0138,1,0.05,30903.45,21958.56,29358.28,7399.72,East,Completed
ORD03170,2025-06-28,CUST0187,P0133,3,0.0,30154.78,21233.5,90464.34,26763.84,North,Completed
ORD06312,2025-06-28,CUST0764,P0059,5,0.0,1247.06,804.27,6235.3,2213.95,East,Completed
ORD04824,2025-06-28,CUST0384,P0076,1,0.05,20055.1,12211.29,19052.34,6841.05,South,Completed
ORD09382,2025-06-28,CUST0966,P0012,4,0.1,4072.78,2687.49,14662.01,3912.05,West,Completed
ORD09081,2025-06-28,CUST0376,P0172,2,0.1,53066.45,36105.87,95519.61,23307.87,West,Completed
ORD00059,2025-06-29,CUST0576,P0049,2,0.05,56396.41,44202.58,107153.18,18748.02,East,Completed
ORD00421,2025-06-29,CUST0055,P0006,1,0.1,51610.25,30768.51,46449.22,15680.71,East,Completed
ORD07015,2025-06-29,CUST0132,P0172,1,0.0,53066.45,36105.87,53066.45,16960.58,South,Completed
ORD02103,2025-06-29,CUST0648,P0029,1,0.0,1310.65,844.84,1310.65,465.81,West,Pending
ORD06043,2025-06-29,CUST0784,P0069,1,0.1,196.15,126.8,176.54,49.74,East,Pending
ORD06317,2025-06-29,CUST0566,P0171,3,0.0,39010.06,29472.11,117030.18,28613.85,North,Completed
ORD08044,2025-06-29,CUST0432,P0130,1,0.0,58219.77,46803.43,58219.77,11416.34,East,Completed
ORD02569,2025-06-29,CUST0299,P0046,2,0.05,61902.8,37121.36,117615.32,43372.6,North,Completed
ORD04595,2025-06-29,CUST0832,P0002,2,0.15,6203.85,4038.58,10546.54,2469.38,South,Completed
ORD06294,2025-06-29,CUST0637,P0055,1,0.1,6422.29,4812.56,5780.06,967.5,North,Completed
ORD04251,2025-06-29,CUST0626,P0193,1,0.1,8422.11,6102.6,7579.9,1477.3,South,Cancelled
ORD00578,2025-06-29,CUST0204,P0058,1,0.15,7347.4,4878.31,6245.29,1366.98,North,Cancelled
ORD01644,2025-06-29,CUST0601,P0173,1,0.0,4259.82,3133.66,4259.82,1126.16,East,Completed
ORD03642,2025-06-29,CUST0614,P0130,3,0.05,58219.77,46803.43,165926.34,25516.05,East,Pending
ORD09210,2025-06-29,CUST0355,P0187,1,0.05,184.91,120.68,175.66,54.98,North,Cancelled
ORD03262,2025-06-29,CUST0765,P0006,1,0.2,51610.25,30768.51,41288.2,10519.69,South,Completed
ORD09098,2025-06-30,CUST0640,P0165,5,0.05,728.57,514.38,3460.71,888.81,West,Completed
ORD02708,2025-06-30,CUST0558,P0004,2,0.0,20696.25,15931.27,41392.5,9529.96,East,Completed
ORD08774,2025-06-30,CUST0375,P0128,1,0.0,7160.91,4568.96,7160.91,2591.95,North,Completed
ORD04012,2025-06-30,CUST0791,P0160,2,0.05,680.29,502.6,1292.55,287.35,East,Completed
ORD01134,2025-06-30,CUST0541,P0004,2,0.0,20696.25,15931.27,41392.5,9529.96,South,Completed
ORD01230,2025-06-30,CUST0730,P0194,2,0.05,13118.34,8489.04,24924.85,7946.77,East,Completed
ORD02604,2025-06-30,CUST0881,P0154,1,0.0,693.93,462.98,693.93,230.95,East,Completed
ORD07967,2025-06-30,CUST0285,P0062,1,0.0,7214.7,5874.11,7214.7,1340.59,West,Completed
ORD09918,2025-06-30,CUST0184,P0020,1,0.1,14020.39,10682.55,12618.35,1935.8,West,Completed
ORD08964,2025-06-30,CUST0684,P0024,2,0.0,792.84,470.21,1585.68,645.26,North,Completed
ORD06285,2025-06-30,CUST0265,P0055,1,0.0,6422.29,4812.56,6422.29,1609.73,South,Completed
ORD05141,2025-06-30,CUST0720,P0035,1,0.1,56932.8,34147.01,51239.52,17092.51,North,Completed
ORD01263,2025-07-01,CUST0498,P0004,2,0.1,20696.25,15931.27,37253.25,5390.71,West,Completed
ORD06160,2025-07-01,CUST0751,P0179,1,0.1,12818.17,8758.44,11536.35,2777.91,West,Completed
ORD02616,2025-07-01,CUST0504,P0145,1,0.05,360.46,274.8,342.44,67.64,South,Completed
ORD02248,2025-07-01,CUST0328,P0086,1,0.1,519.82,398.56,467.84,69.28,West,Completed
ORD05608,2025-07-01,CUST0127,P0152,1,0.0,5896.48,4498.55,5896.48,1397.93,North,Completed
ORD09976,2025-07-01,CUST0999,P0083,1,0.05,374.27,289.15,355.56,66.41,North,Completed
ORD01831,2025-07-01,CUST0915,P0016,1,0.1,20196.29,11952.43,18176.66,6224.23,East,Completed
ORD04410,2025-07-01,CUST0606,P0162,4,0.0,46811.03,27452.25,187244.12,77435.12,South,Completed
ORD06650,2025-07-01,CUST0383,P0140,1,0.0,12142.58,7367.6,12142.58,4774.98,North,Completed
ORD07235,2025-07-01,CUST0597,P0188,3,0.1,5272.37,3130.49,14235.4,4843.93,West,Cancelled
ORD05057,2025-07-01,CUST0465,P0052,3,0.0,7440.54,4865.29,22321.62,7725.75,West,Completed
ORD04100,2025-07-01,CUST0635,P0017,3,0.0,17284.69,10596.05,51854.07,20065.92,East,Completed
ORD05778,2025-07-01,CUST0029,P0179,2,0.0,12818.17,8758.44,25636.34,8119.46,North,Completed
ORD09963,2025-07-01,CUST0028,P0123,1,0.05,77212.89,61788.48,73352.25,11563.77,West,Completed
ORD04544,2025-07-01,CUST0718,P0149,1,0.1,2427.19,1691.68,2184.47,492.79,West,Completed
ORD06436,2025-07-02,CUST0157,P0150,1,0.0,53462.03,36715.83,53462.03,16746.2,South,Completed
ORD04413,2025-07-02,CUST0214,P0126,2,0.0,41856.24,33581.85,83712.48,16548.78,South,Completed
ORD07083,2025-07-02,CUST0300,P0072,3,0.0,28334.52,18780.23,85003.56,28662.87,North,Completed
ORD07118,2025-07-02,CUST0875,P0153,1,0.0,318.53,240.18,318.53,78.35,South,Completed
ORD04475,2025-07-02,CUST0666,P0103,1,0.05,585.19,454.75,555.93,101.18,North,Completed
ORD01372,2025-07-02,CUST0100,P0005,1,0.0,759.62,541.79,759.62,217.83,North,Completed
ORD02001,2025-07-02,CUST0103,P0029,4,0.15,1310.65,844.84,4456.21,1076.85,South,Completed
ORD07869,2025-07-02,CUST0533,P0118,1,0.1,36939.5,23012.67,33245.55,10232.88,East,Completed
ORD07294,2025-07-02,CUST0623,P0154,2,0.1,693.93,462.98,1249.07,323.11,West,Completed
ORD07936,2025-07-02,CUST0679,P0006,3,0.15,51610.25,30768.51,131606.14,39300.61,East,Completed
ORD08990,2025-07-02,CUST0746,P0065,1,0.05,21598.4,14583.7,20518.48,5934.78,East,Completed
ORD00400,2025-07-02,CUST0414,P0123,2,0.05,77212.89,61788.48,146704.49,23127.53,East,Completed
ORD05254,2025-07-02,CUST0170,P0155,1,0.05,9808.49,7104.6,9318.07,2213.47,West,Cancelled
ORD08567,2025-07-03,CUST0703,P0099,2,0.05,908.9,743.94,1726.91,239.03,North,Pending
ORD05364,2025-07-03,CUST0883,P0002,3,0.05,6203.85,4038.58,17680.97,5565.23,East,Cancelled
ORD01689,2025-07-03,CUST0575,P0069,3,0.1,196.15,126.8,529.6,149.2,South,Completed
ORD01182,2025-07-03,CUST0536,P0059,2,0.15,1247.06,804.27,2120.0,511.46,East,Completed
ORD03881,2025-07-03,CUST0279,P0014,2,0.2,18597.52,13817.51,29756.03,2121.01,West,Completed
ORD04717,2025-07-03,CUST0467,P0152,2,0.05,5896.48,4498.55,11203.31,2206.21,West,Completed
ORD04710,2025-07-03,CUST0387,P0092,2,0.05,41737.72,32410.53,79301.67,14480.61,West,Completed
ORD08798,2025-07-03,CUST0434,P0079,1,0.0,409.51,310.64,409.51,98.87,East,Completed
ORD02127,2025-07-03,CUST0295,P0179,1,0.0,12818.17,8758.44,12818.17,4059.73,South,Completed
ORD09019,2025-07-03,CUST0595,P0101,3,0.2,51632.3,38843.18,123917.52,7387.98,East,Pending
ORD03836,2025-07-03,CUST0420,P0180,2,0.1,23838.69,16889.32,42909.64,9131.0,South,Completed
ORD03395,2025-07-03,CUST0799,P0052,3,0.15,7440.54,4865.29,18973.38,4377.51,East,Completed
ORD08595,2025-07-03,CUST0266,P0159,1,0.05,54205.42,36083.24,51495.15,15411.91,East,Completed
ORD03728,2025-07-04,CUST0940,P0094,1,0.0,77812.86,47690.34,77812.86,30122.52,West,Completed
ORD01989,2025-07-04,CUST0283,P0039,2,0.1,1717.54,1277.52,3091.57,536.53,East,Completed
ORD05647,2025-07-04,CUST0450,P0006,2,0.0,51610.25,30768.51,103220.5,41683.48,South,Completed
ORD05674,2025-07-04,CUST0293,P0174,1,0.1,46343.47,28863.63,41709.12,12845.49,West,Cancelled
ORD05815,2025-07-04,CUST0114,P0053,1,0.1,422.63,329.18,380.37,51.19,South,Completed
ORD05233,2025-07-04,CUST0800,P0184,2,0.1,20719.38,13335.4,37294.88,10624.08,North,Completed
ORD07476,2025-07-04,CUST0824,P0064,1,0.1,20038.07,13846.76,18034.26,4187.5,South,Completed
ORD06522,2025-07-04,CUST0170,P0152,2,0.1,5896.48,4498.55,10613.66,1616.56,West,Completed
ORD07976,2025-07-04,CUST0970,P0158,2,0.15,33125.35,22293.09,56313.09,11726.91,North,Completed
ORD00787,2025-07-04,CUST0324,P0135,2,0.0,644.55,462.91,1289.1,363.28,East,Completed
ORD01345,2025-07-04,CUST0123,P0086,4,0.2,519.82,398.56,1663.42,69.18,North,Completed
ORD06714,2025-07-04,CUST0847,P0133,3,0.1,30154.78,21233.5,81417.91,17717.41,East,Completed
ORD02363,2025-07-04,CUST0869,P0021,1,0.1,6878.25,5112.71,6190.42,1077.71,South,Pending
ORD01660,2025-07-04,CUST0186,P0051,1,0.2,57445.48,35926.8,45956.38,10029.58,North,Completed
ORD04394,2025-07-05,CUST0374,P0174,5,0.1,46343.47,28863.63,208545.62,64227.47,East,Completed
ORD02369,2025-07-05,CUST0236,P0137,3,0.0,3327.18,2091.19,9981.54,3707.97,West,Completed
ORD07040,2025-07-05,CUST0210,P0028,1,0.2,1126.53,825.36,901.22,75.86,East,Completed
ORD00282,2025-07-05,CUST0573,P0193,2,0.1,8422.11,6102.6,15159.8,2954.6,North,Completed
ORD07437,2025-07-05,CUST0914,P0064,1,0.05,20038.07,13846.76,19036.17,5189.41,East,Completed
ORD03083,2025-07-05,CUST0621,P0123,1,0.0,77212.89,61788.48,77212.89,15424.41,West,Completed
ORD07519,2025-07-05,CUST0360,P0145,3,0.0,360.46,274.8,1081.38,256.98,West,Completed
ORD04612,2025-07-05,CUST0687,P0061,1,0.0,49224.25,33194.34,49224.25,16029.91,East,Completed
ORD01739,2025-07-05,CUST0833,P0052,1,0.1,7440.54,4865.29,6696.49,1831.2,North,Completed
ORD03138,2025-07-05,CUST0956,P0103,1,0.0,585.19,454.75,585.19,130.44,West,Completed
ORD04602,2025-07-05,CUST0949,P0195,2,0.0,15240.21,11813.53,30480.42,6853.36,West,Completed
ORD04344,2025-07-05,CUST0069,P0182,3,0.1,15590.28,12172.38,42093.76,5576.62,West,Completed
ORD04124,2025-07-05,CUST0376,P0199,1,0.15,404.58,321.41,343.89,22.48,West,Completed
ORD05154,2025-07-06,CUST0452,P0154,2,0.05,693.93,462.98,1318.47,392.51,South,Completed
ORD03939,2025-07-06,CUST0781,P0048,1,0.15,1114.29,876.19,947.15,70.96,South,Completed
ORD01202,2025-07-06,CUST0960,P0130,1,0.0,58219.77,46803.43,58219.77,11416.34,North,Completed
ORD04324,2025-07-06,CUST0038,P0046,1,0.0,61902.8,37121.36,61902.8,24781.44,North,Completed
ORD09870,2025-07-06,CUST0675,P0068,1,0.15,41326.98,32432.51,35127.93,2695.42,North,Completed
ORD07962,2025-07-06,CUST0683,P0026,2,0.1,53440.86,40308.66,96193.55,15576.23,North,Completed
ORD09523,2025-07-06,CUST0871,P0170,1,0.05,750.66,462.97,713.13,250.16,East,Completed
ORD00172,2025-07-06,CUST0760,P0077,3,0.0,50047.7,37709.36,150143.1,37015.02,South,Completed
ORD03788,2025-07-06,CUST0349,P0179,4,0.0,12818.17,8758.44,51272.68,16238.92,South,Completed
ORD00773,2025-07-07,CUST0483,P0027,2,0.0,20926.64,14284.36,41853.28,13284.56,North,Completed
ORD00027,2025-07-07,CUST0039,P0105,3,0.05,17543.79,10886.17,49999.8,17341.29,East,Completed
ORD03524,2025-07-07,CUST0419,P0051,1,0.1,57445.48,35926.8,51700.93,15774.13,North,Completed
ORD02425,2025-07-07,CUST0808,P0067,2,0.0,5933.02,4559.02,11866.04,2748.0,East,Cancelled
ORD08011,2025-07-07,CUST0454,P0062,3,0.2,7214.7,5874.11,17315.28,-307.05,West,Completed
ORD06632,2025-07-07,CUST0088,P0039,3,0.05,1717.54,1277.52,4894.99,1062.43,West,Completed
ORD08714,2025-07-07,CUST0522,P0079,2,0.05,409.51,310.64,778.07,156.79,East,Completed
ORD05873,2025-07-07,CUST0802,P0166,3,0.1,47059.67,34982.34,127061.11,22114.09,West,Completed
ORD04617,2025-07-07,CUST0291,P0035,1,0.0,56932.8,34147.01,56932.8,22785.79,South,Completed
ORD09396,2025-07-07,CUST0520,P0143,2,0.2,56727.96,35563.32,90764.74,19638.1,East,Completed
ORD02717,2025-07-07,CUST0418,P0147,5,0.15,22737.01,13458.16,96632.29,29341.49,South,Completed
ORD03110,2025-07-07,CUST0065,P0113,2,0.15,26426.25,19479.69,44924.62,5965.24,South,Completed
ORD06186,2025-07-07,CUST0856,P0124,5,0.0,38907.93,29071.02,194539.65,49184.55,West,Pending
ORD05430,2025-07-07,CUST0896,P0088,1,0.05,58121.47,37608.48,55215.4,17606.92,South,Cancelled
ORD05585,2025-07-08,CUST0051,P0100,1,0.1,36262.87,22462.27,32636.58,10174.31,West,Completed
ORD07114,2025-07-08,CUST0704,P0191,3,0.15,8442.75,6441.23,21529.01,2205.32,North,Completed
ORD01180,2025-07-08,CUST0404,P0008,1,0.0,68633.55,51583.32,68633.55,17050.23,North,Completed
ORD03770,2025-07-08,CUST0361,P0166,2,0.1,47059.67,34982.34,84707.41,14742.73,East,Completed
ORD07932,2025-07-08,CUST0253,P0069,4,0.15,196.15,126.8,666.91,159.71,South,Completed
ORD06493,2025-07-08,CUST0172,P0200,2,0.0,37954.59,28614.99,75909.18,18679.2,South,Completed
ORD03949,2025-07-08,CUST0015,P0155,1,0.05,9808.49,7104.6,9318.07,2213.47,West,Completed
ORD04439,2025-07-08,CUST0715,P0160,2,0.0,680.29,502.6,1360.58,355.38,South,Completed
ORD08893,2025-07-08,CUST0563,P0119,5,0.05,11965.18,9132.35,56834.6,11172.85,West,Completed
ORD09901,2025-07-08,CUST0824,P0137,1,0.1,3327.18,2091.19,2994.46,903.27,South,Completed
ORD07531,2025-07-08,CUST0480,P0086,4,0.15,519.82,398.56,1767.39,173.15,West,Completed
ORD06231,2025-07-08,CUST0929,P0038,2,0.0,25137.53,20080.78,50275.06,10113.5,South,Completed
ORD02949,2025-07-08,CUST0413,P0190,1,0.05,2296.71,1653.27,2181.87,528.6,South,Completed
ORD00997,2025-07-08,CUST0611,P0163,2,0.1,3768.33,3060.43,6782.99,662.13,West,Completed
ORD04667,2025-07-08,CUST0756,P0107,2,0.05,72638.94,50890.24,138013.99,36233.51,North,Completed
ORD08557,2025-07-08,CUST0852,P0018,2,0.1,4596.19,2818.15,8273.14,2636.84,North,Completed
ORD08392,2025-07-08,CUST0567,P0108,1,0.0,673.74,534.39,673.74,139.35,North,Completed
ORD02677,2025-07-08,CUST0699,P0143,2,0.05,56727.96,35563.32,107783.12,36656.48,North,Completed
ORD07863,2025-07-08,CUST0973,P0131,1,0.1,896.08,597.69,806.47,208.78,South,Completed
ORD04758,2025-07-09,CUST0197,P0037,4,0.0,58358.81,45854.58,233435.24,50016.92,East,Completed
ORD01096,2025-07-09,CUST0249,P0109,3,0.0,17118.52,11998.2,51355.56,15360.96,West,Cancelled
ORD08702,2025-07-09,CUST0799,P0003,1,0.0,15581.84,9713.54,15581.84,5868.3,East,Completed
ORD07635,2025-07-09,CUST0945,P0119,3,0.15,11965.18,9132.35,30511.21,3114.16,West,Completed
ORD08402,2025-07-09,CUST0662,P0198,2,0.05,715.13,510.57,1358.75,337.61,East,Completed
ORD08570,2025-07-09,CUST0279,P0193,2,0.1,8422.11,6102.6,15159.8,2954.6,West,Completed
ORD05845,2025-07-09,CUST0196,P0003,1,0.1,15581.84,9713.54,14023.66,4310.12,East,Cancelled
ORD05232,2025-07-09,CUST0179,P0194,4,0.0,13118.34,8489.04,52473.36,18517.2,West,Completed
ORD01445,2025-07-09,CUST0697,P0057,2,0.15,911.67,722.71,1549.84,104.42,West,Completed
ORD01716,2025-07-09,CUST0720,P0155,1,0.1,9808.49,7104.6,8827.64,1723.04,North,Cancelled
ORD01504,2025-07-09,CUST0811,P0090,2,0.1,446.05,334.33,802.89,134.23,South,Completed
ORD06706,2025-07-09,CUST0068,P0065,1,0.0,21598.4,14583.7,21598.4,7014.7,North,Cancelled
ORD08806,2025-07-09,CUST0661,P0087,2,0.1,11879.48,8267.83,21383.06,4847.4,North,Completed
ORD07918,2025-07-09,CUST0624,P0035,3,0.1,56932.8,34147.01,153718.56,51277.53,East,Pending
ORD01512,2025-07-09,CUST0523,P0030,3,0.05,23508.75,18216.9,66999.94,12349.24,North,Completed
ORD01692,2025-07-09,CUST0524,P0008,3,0.15,68633.55,51583.32,175015.55,20265.59,East,Completed
ORD04028,2025-07-09,CUST0574,P0033,2,0.1,54569.41,31985.14,98224.94,34254.66,East,Completed
ORD05220,2025-07-09,CUST0403,P0041,2,0.15,4003.54,2383.24,6806.02,2039.54,South,Completed
ORD03383,2025-07-09,CUST0369,P0087,2,0.1,11879.48,8267.83,21383.06,4847.4,West,Completed
ORD03504,2025-07-09,CUST0666,P0119,5,0.1,11965.18,9132.35,53843.31,8181.56,North,Completed
ORD04645,2025-07-10,CUST0471,P0073,1,0.0,15561.42,10813.46,15561.42,4747.96,South,Completed
ORD02005,2025-07-10,CUST0101,P0039,1,0.0,1717.54,1277.52,1717.54,440.02,East,Completed
ORD03765,2025-07-10,CUST0310,P0186,1,0.0,36288.91,28203.52,36288.91,8085.39,East,Completed
ORD02287,2025-07-10,CUST0380,P0136,3,0.05,3029.54,2200.52,8634.19,2032.63,East,Completed
ORD06530,2025-07-10,CUST0500,P0129,1,0.1,43850.97,27932.89,39465.87,11532.98,North,Cancelled
ORD07191,2025-07-10,CUST0505,P0167,1,0.05,7469.0,4701.25,7095.55,2394.3,West,Completed
ORD09826,2025-07-10,CUST0902,P0140,1,0.05,12142.58,7367.6,11535.45,4167.85,South,Completed
ORD05795,2025-07-10,CUST0490,P0171,1,0.0,39010.06,29472.11,39010.06,9537.95,West,Completed
ORD06014,2025-07-10,CUST0113,P0059,2,0.15,1247.06,804.27,2120.0,511.46,West,Completed
ORD01870,2025-07-10,CUST0601,P0176,1,0.1,9388.62,6512.18,8449.76,1937.58,East,Completed
ORD09745,2025-07-11,CUST0699,P0094,3,0.05,77812.86,47690.34,221766.65,78695.63,North,Completed
ORD09298,2025-07-11,CUST0215,P0144,1,0.05,501.46,362.98,476.39,113.41,North,Completed
ORD04004,2025-07-11,CUST0332,P0090,1,0.0,446.05,334.33,446.05,111.72,South,Completed
ORD00881,2025-07-11,CUST0166,P0190,1,0.0,2296.71,1653.27,2296.71,643.44,North,Completed
ORD07241,2025-07-11,CUST0479,P0196,2,0.0,385.78,231.62,771.56,308.32,North,Completed
ORD02682,2025-07-11,CUST0790,P0169,3,0.0,12339.56,8305.1,37018.68,12103.38,South,Completed
ORD03655,2025-07-12,CUST0540,P0188,2,0.0,5272.37,3130.49,10544.74,4283.76,West,Completed
ORD04195,2025-07-12,CUST0681,P0196,3,0.0,385.78,231.62,1157.34,462.48,North,Completed
ORD08828,2025-07-12,CUST0272,P0105,1,0.1,17543.79,10886.17,15789.41,4903.24,South,Completed
ORD08780,2025-07-12,CUST0531,P0090,4,0.1,446.05,334.33,1605.78,268.46,South,Completed
ORD00276,2025-07-12,CUST0972,P0072,4,0.05,28334.52,18780.23,107671.18,32550.26,West,Cancelled
ORD08753,2025-07-12,CUST0329,P0011,1,0.05,50761.69,39171.65,48223.61,9051.96,North,Cancelled
ORD03695,2025-07-12,CUST0059,P0083,1,0.1,374.27,289.15,336.84,47.69,West,Completed
ORD08930,2025-07-12,CUST0910,P0198,1,0.0,715.13,510.57,715.13,204.56,North,Completed
ORD04980,2025-07-12,CUST0588,P0098,2,0.05,15055.62,11767.46,28605.68,5070.76,South,Completed
ORD07662,2025-07-12,CUST0799,P0088,1,0.0,58121.47,37608.48,58121.47,20512.99,East,Completed
ORD03930,2025-07-12,CUST0881,P0012,1,0.2,4072.78,2687.49,3258.22,570.73,East,Completed
ORD06032,2025-07-12,CUST0800,P0137,2,0.05,3327.18,2091.19,6321.64,2139.26,North,Completed
ORD05119,2025-07-12,CUST0427,P0130,2,0.05,58219.77,46803.43,110617.56,17010.7,North,Completed
ORD03461,2025-07-12,CUST0299,P0116,3,0.0,41570.44,24508.05,124711.32,51187.17,North,Pending
ORD05524,2025-07-12,CUST0884,P0088,3,0.05,58121.47,37608.48,165646.19,52820.75,North,Completed
ORD05196,2025-07-13,CUST0550,P0156,2,0.0,44665.09,34536.09,89330.18,20258.0,South,Completed
ORD03369,2025-07-13,CUST0065,P0133,1,0.0,30154.78,21233.5,30154.78,8921.28,South,Completed
ORD09723,2025-07-13,CUST0993,P0069,3,0.0,196.15,126.8,588.45,208.05,South,Completed
ORD02596,2025-07-13,CUST0382,P0058,2,0.1,7347.4,4878.31,13225.32,3468.7,North,Completed
ORD06862,2025-07-13,CUST0620,P0004,1,0.05,20696.25,15931.27,19661.44,3730.17,North,Completed
ORD09306,2025-07-13,CUST0228,P0029,4,0.05,1310.65,844.84,4980.47,1601.11,South,Cancelled
ORD09361,2025-07-13,CUST0755,P0096,5,0.1,22714.55,15565.72,102215.48,24386.88,East,Completed
ORD05097,2025-07-13,CUST0522,P0164,2,0.0,8324.94,6438.05,16649.88,3773.78,East,Completed
ORD01690,2025-07-14,CUST0029,P0030,4,0.15,23508.75,18216.9,79929.75,7062.15,North,Cancelled
ORD03308,2025-07-14,CUST0700,P0152,1,0.05,5896.48,4498.55,5601.66,1103.11,West,Completed
ORD08029,2025-07-14,CUST0484,P0069,1,0.05,196.15,126.8,186.34,59.54,East,Completed
ORD06028,2025-07-14,CUST0132,P0129,3,0.0,43850.97,27932.89,131552.91,47754.24,South,Completed
ORD01224,2025-07-14,CUST0271,P0162,2,0.15,46811.03,27452.25,79578.75,24674.25,East,Completed
ORD02988,2025-07-14,CUST0156,P0088,2,0.15,58121.47,37608.48,98806.5,23589.54,West,Completed
ORD06665,2025-07-14,CUST0232,P0077,1,0.05,50047.7,37709.36,47545.31,9835.95,East,Completed
ORD05343,2025-07-14,CUST0144,P0016,3,0.15,20196.29,11952.43,51500.54,15643.25,South,Completed
ORD00418,2025-07-14,CUST0546,P0122,1,0.0,17942.76,13133.8,17942.76,4808.96,North,Completed
ORD06797,2025-07-14,CUST0747,P0019,2,0.05,27844.42,18931.51,52904.4,15041.38,West,Cancelled
ORD08547,2025-07-14,CUST0427,P0172,2,0.1,53066.45,36105.87,95519.61,23307.87,North,Completed
ORD09232,2025-07-14,CUST0933,P0032,1,0.2,39614.35,24714.41,31691.48,6977.07,South,Completed
ORD08691,2025-07-14,CUST0878,P0115,3,0.0,9526.21,7338.52,28578.63,6563.07,North,Completed
ORD06821,2025-07-14,CUST0527,P0077,2,0.1,50047.7,37709.36,90085.86,14667.14,East,Completed
ORD04417,2025-07-14,CUST0543,P0151,3,0.1,5830.9,4665.5,15743.43,1746.93,East,Completed
ORD02345,2025-07-15,CUST0774,P0001,3,0.15,796.95,617.19,2032.22,180.65,East,Completed
ORD05092,2025-07-15,CUST0427,P0044,1,0.0,59463.82,38619.72,59463.82,20844.1,North,Completed
ORD04665,2025-07-15,CUST0451,P0147,2,0.1,22737.01,13458.16,40926.62,14010.3,West,Completed
ORD08394,2025-07-15,CUST0858,P0020,1,0.1,14020.39,10682.55,12618.35,1935.8,South,Completed
ORD02193,2025-07-15,CUST0850,P0185,2,0.1,76508.26,54062.35,137714.87,29590.17,West,Completed
ORD02998,2025-07-15,CUST0852,P0126,3,0.0,41856.24,33581.85,125568.72,24823.17,North,Completed
ORD07012,2025-07-15,CUST0162,P0016,2,0.1,20196.29,11952.43,36353.32,12448.46,West,Pending
ORD01608,2025-07-15,CUST0898,P0091,3,0.0,49350.46,32483.04,148051.38,50602.26,South,Completed
ORD02391,2025-07-15,CUST0376,P0163,4,0.1,3768.33,3060.43,13565.99,1324.27,West,Completed
ORD07031,2025-07-15,CUST0264,P0123,1,0.1,77212.89,61788.48,69491.6,7703.12,North,Cancelled
ORD06860,2025-07-15,CUST0757,P0024,1,0.0,792.84,470.21,792.84,322.63,West,Completed
ORD01411,2025-07-16,CUST0570,P0158,2,0.1,33125.35,22293.09,59625.63,15039.45,West,Completed
ORD00518,2025-07-16,CUST0237,P0073,1,0.15,15561.42,10813.46,13227.21,2413.75,North,Completed
ORD09005,2025-07-16,CUST0982,P0120,2,0.0,57866.38,42176.37,115732.76,31380.02,East,Completed
ORD06147,2025-07-16,CUST0824,P0077,1,0.05,50047.7,37709.36,47545.31,9835.95,South,Completed
ORD08054,2025-07-16,CUST0666,P0068,1,0.0,41326.98,32432.51,41326.98,8894.47,North,Completed
ORD08305,2025-07-16,CUST0619,P0059,1,0.1,1247.06,804.27,1122.35,318.08,West,Completed
ORD08916,2025-07-16,CUST0551,P0108,1,0.05,673.74,534.39,640.05,105.66,North,Completed
ORD06614,2025-07-16,CUST0449,P0158,4,0.0,33125.35,22293.09,132501.4,43329.04,North,Completed
ORD06184,2025-07-16,CUST0180,P0014,1,0.0,18597.52,13817.51,18597.52,4780.01,East,Completed
ORD08278,2025-07-16,CUST0069,P0104,1,0.05,22437.82,18159.1,21315.93,3156.83,West,Completed
ORD00347,2025-07-16,CUST0051,P0005,1,0.1,759.62,541.79,683.66,141.87,West,Completed
ORD02266,2025-07-16,CUST0053,P0114,1,0.1,16683.02,10299.86,15014.72,4714.86,East,Cancelled
ORD00703,2025-07-16,CUST0658,P0015,1,0.05,18890.43,14292.88,17945.91,3653.03,North,Pending
ORD02504,2025-07-16,CUST0843,P0080,1,0.0,67342.32,40846.14,67342.32,26496.18,East,Cancelled
ORD02229,2025-07-16,CUST0722,P0075,1,0.05,6740.18,4364.5,6403.17,2038.67,North,Completed
ORD07584,2025-07-16,CUST0040,P0027,3,0.05,20926.64,14284.36,59640.92,16787.84,East,Pending
ORD03489,2025-07-16,CUST0275,P0074,1,0.1,40981.75,23771.65,36883.58,13111.93,East,Completed
ORD01663,2025-07-16,CUST0742,P0011,1,0.0,50761.69,39171.65,50761.69,11590.04,South,Completed
ORD07173,2025-07-17,CUST0130,P0196,2,0.0,385.78,231.62,771.56,308.32,North,Completed
ORD07753,2025-07-17,CUST0178,P0180,2,0.05,23838.69,16889.32,45293.51,11514.87,West,Completed
ORD04809,2025-07-17,CUST0711,P0084,2,0.2,52737.3,39276.81,84379.68,5826.06,East,Completed
ORD08572,2025-07-17,CUST0852,P0039,3,0.0,1717.54,1277.52,5152.62,1320.06,North,Completed
ORD05515,2025-07-17,CUST0879,P0034,2,0.15,143.7,100.11,244.29,44.07,East,Completed
ORD01014,2025-07-17,CUST0509,P0080,3,0.0,67342.32,40846.14,202026.96,79488.54,West,Completed
ORD04700,2025-07-17,CUST0558,P0007,2,0.05,8223.62,4942.96,15624.88,5738.96,East,Completed
ORD04155,2025-07-17,CUST0871,P0174,1,0.1,46343.47,28863.63,41709.12,12845.49,East,Completed
ORD05995,2025-07-17,CUST0180,P0003,2,0.05,15581.84,9713.54,29605.5,10178.42,East,Completed
ORD08337,2025-07-17,CUST0593,P0095,2,0.15,9513.49,6495.4,16172.93,3182.13,East,Completed
ORD06327,2025-07-17,CUST0342,P0143,4,0.15,56727.96,35563.32,192875.06,50621.78,South,Completed
ORD05898,2025-07-17,CUST0969,P0016,4,0.05,20196.29,11952.43,76745.9,28936.18,East,Completed
ORD01383,2025-07-17,CUST0390,P0095,3,0.0,9513.49,6495.4,28540.47,9054.27,North,Cancelled
ORD05935,2025-07-17,CUST0398,P0155,1,0.0,9808.49,7104.6,9808.49,2703.89,West,Completed
ORD04338,2025-07-17,CUST0328,P0064,1,0.1,20038.07,13846.76,18034.26,4187.5,West,Completed
ORD02095,2025-07-17,CUST0059,P0194,3,0.05,13118.34,8489.04,37387.27,11920.15,West,Cancelled
ORD03321,2025-07-17,CUST0847,P0006,1,0.05,51610.25,30768.51,49029.74,18261.23,East,Completed
ORD08683,2025-07-18,CUST0763,P0017,1,0.0,17284.69,10596.05,17284.69,6688.64,South,Completed
ORD07765,2025-07-18,CUST0464,P0174,4,0.0,46343.47,28863.63,185373.88,69919.36,East,Cancelled
ORD05897,2025-07-18,CUST0292,P0122,1,0.15,17942.76,13133.8,15251.35,2117.55,West,Completed
ORD00522,2025-07-18,CUST0436,P0184,1,0.1,20719.38,13335.4,18647.44,5312.04,South,Completed
ORD03817,2025-07-18,CUST0209,P0119,2,0.1,11965.18,9132.35,21537.32,3272.62,West,Completed
ORD03510,2025-07-18,CUST0538,P0069,1,0.0,196.15,126.8,196.15,69.35,North,Cancelled
ORD09284,2025-07-18,CUST0708,P0159,1,0.0,54205.42,36083.24,54205.42,18122.18,East,Completed
ORD07108,2025-07-19,CUST0481,P0046,2,0.05,61902.8,37121.36,117615.32,43372.6,West,Completed
ORD00558,2025-07-19,CUST0612,P0060,2,0.0,32036.99,25220.68,64073.98,13632.62,South,Completed
ORD06118,2025-07-19,CUST0717,P0088,3,0.0,58121.47,37608.48,174364.41,61538.97,South,Completed
ORD05178,2025-07-19,CUST0070,P0111,1,0.1,32818.12,23699.05,29536.31,5837.26,East,Completed
ORD04813,2025-07-19,CUST0659,P0042,5,0.05,10683.47,6548.45,50746.48,18004.23,East,Completed
ORD09392,2025-07-19,CUST0489,P0110,1,0.05,30098.59,20298.4,28593.66,8295.26,South,Completed
ORD09770,2025-07-19,CUST0310,P0178,3,0.15,4042.35,3098.18,10307.99,1013.45,East,Completed
ORD03333,2025-07-19,CUST0976,P0018,1,0.15,4596.19,2818.15,3906.76,1088.61,East,Completed
ORD00890,2025-07-19,CUST0584,P0198,2,0.05,715.13,510.57,1358.75,337.61,North,Completed
ORD03925,2025-07-19,CUST0324,P0038,3,0.0,25137.53,20080.78,75412.59,15170.25,East,Cancelled
ORD02905,2025-07-19,CUST0718,P0134,1,0.0,34117.69,25387.96,34117.69,8729.73,West,Completed
ORD07733,2025-07-19,CUST0051,P0118,1,0.0,36939.5,23012.67,36939.5,13926.83,West,Pending
ORD05814,2025-07-19,CUST0762,P0109,2,0.15,17118.52,11998.2,29101.48,5105.08,South,Pending
ORD05885,2025-07-20,CUST0847,P0143,2,0.0,56727.96,35563.32,113455.92,42329.28,East,Completed
ORD07840,2025-07-20,CUST0832,P0019,1,0.0,27844.42,18931.51,27844.42,8912.91,South,Completed
ORD06631,2025-07-20,CUST0419,P0112,2,0.05,20043.19,13117.75,38082.06,11846.56,North,Completed
ORD05395,2025-07-20,CUST0317,P0191,4,0.0,8442.75,6441.23,33771.0,8006.08,West,Completed
ORD00879,2025-07-20,CUST0750,P0165,3,0.1,728.57,514.38,1967.14,424.0,East,Completed
ORD02109,2025-07-20,CUST0562,P0031,1,0.05,12553.48,9544.5,11925.81,2381.31,West,Completed
ORD04010,2025-07-20,CUST0381,P0024,1,0.0,792.84,470.21,792.84,322.63,North,Completed
ORD09647,2025-07-20,CUST0892,P0129,3,0.05,43850.97,27932.89,124975.26,41176.59,South,Completed
ORD03566,2025-07-20,CUST0285,P0001,2,0.1,796.95,617.19,1434.51,200.13,West,Completed
ORD09803,2025-07-20,CUST0854,P0114,3,0.0,16683.02,10299.86,50049.06,19149.48,North,Completed
ORD07204,2025-07-20,CUST0502,P0028,2,0.05,1126.53,825.36,2140.41,489.69,South,Completed
ORD05273,2025-07-20,CUST0711,P0124,5,0.2,38907.93,29071.02,155631.72,10276.62,East,Completed
ORD09233,2025-07-20,CUST0428,P0033,2,0.0,54569.41,31985.14,109138.82,45168.54,East,Completed
ORD08462,2025-07-20,CUST0650,P0083,4,0.1,374.27,289.15,1347.37,190.77,South,Completed
ORD01454,2025-07-20,CUST0580,P0097,1,0.15,11100.34,7751.47,9435.29,1683.82,West,Completed
ORD09545,2025-07-20,CUST0280,P0035,2,0.05,56932.8,34147.01,108172.32,39878.3,South,Completed
ORD05499,2025-07-20,CUST0166,P0078,1,0.0,66750.32,43644.61,66750.32,23105.71,North,Completed
ORD02849,2025-07-20,CUST0940,P0004,1,0.0,20696.25,15931.27,20696.25,4764.98,West,Completed
ORD02453,2025-07-20,CUST0121,P0188,1,0.15,5272.37,3130.49,4481.51,1351.02,West,Completed
ORD09475,2025-07-20,CUST0310,P0038,5,0.1,25137.53,20080.78,113118.88,12714.98,East,Completed
ORD01071,2025-07-21,CUST0830,P0036,1,0.1,1008.83,797.09,907.95,110.86,West,Completed
ORD07026,2025-07-21,CUST0902,P0044,2,0.0,59463.82,38619.72,118927.64,41688.2,South,Completed
ORD04130,2025-07-21,CUST0580,P0017,4,0.0,17284.69,10596.05,69138.76,26754.56,West,Completed
ORD02093,2025-07-21,CUST0166,P0183,1,0.1,66902.29,49511.88,60212.06,10700.18,North,Completed
ORD08945,2025-07-21,CUST0557,P0084,1,0.0,52737.3,39276.81,52737.3,13460.49,West,Completed
ORD07440,2025-07-21,CUST0333,P0108,1,0.0,673.74,534.39,673.74,139.35,East,Cancelled
ORD01868,2025-07-21,CUST0877,P0038,2,0.05,25137.53,20080.78,47761.31,7599.75,East,Completed
ORD04597,2025-07-21,CUST0975,P0173,2,0.15,4259.82,3133.66,7241.69,974.37,North,Completed
ORD08840,2025-07-21,CUST0597,P0150,1,0.05,53462.03,36715.83,50788.93,14073.1,West,Completed
ORD09202,2025-07-21,CUST0267,P0196,1,0.1,385.78,231.62,347.2,115.58,North,Completed
ORD09080,2025-07-21,CUST0052,P0101,4,0.0,51632.3,38843.18,206529.2,51156.48,West,Completed
ORD00814,2025-07-21,CUST0444,P0156,1,0.1,44665.09,34536.09,40198.58,5662.49,South,Completed
ORD03089,2025-07-21,CUST0057,P0067,3,0.0,5933.02,4559.02,17799.06,4122.0,West,Completed
ORD07749,2025-07-21,CUST0263,P0102,1,0.0,4149.23,2427.22,4149.23,1722.01,North,Completed
ORD02350,2025-07-21,CUST0379,P0187,1,0.15,184.91,120.68,157.17,36.49,North,Completed
ORD06451,2025-07-21,CUST0482,P0115,2,0.15,9526.21,7338.52,16194.56,1517.52,East,Completed
ORD07516,2025-07-21,CUST0562,P0084,1,0.0,52737.3,39276.81,52737.3,13460.49,West,Completed
ORD03135,2025-07-21,CUST0453,P0038,2,0.0,25137.53,20080.78,50275.06,10113.5,East,Completed
ORD03166,2025-07-21,CUST0285,P0119,2,0.05,11965.18,9132.35,22733.84,4469.14,West,Completed
ORD09857,2025-07-22,CUST0098,P0015,5,0.0,18890.43,14292.88,94452.15,22987.75,South,Pending
ORD05960,2025-07-22,CUST0066,P0196,2,0.05,385.78,231.62,732.98,269.74,West,Completed
ORD00034,2025-07-22,CUST0825,P0048,3,0.1,1114.29,876.19,3008.58,380.01,South,Completed
ORD02311,2025-07-22,CUST0590,P0123,1,0.2,77212.89,61788.48,61770.31,-18.17,North,Completed
ORD09008,2025-07-22,CUST0426,P0065,3,0.15,21598.4,14583.7,55075.92,11324.82,East,Completed
ORD01712,2025-07-22,CUST0828,P0144,2,0.15,501.46,362.98,852.48,126.52,North,Completed
ORD04463,2025-07-22,CUST0547,P0121,1,0.0,975.23,645.82,975.23,329.41,South,Completed
ORD00835,2025-07-22,CUST0336,P0178,3,0.0,4042.35,3098.18,12127.05,2832.51,North,Completed
ORD02415,2025-07-22,CUST0235,P0097,1,0.1,11100.34,7751.47,9990.31,2238.84,East,Completed
ORD03393,2025-07-22,CUST0123,P0087,2,0.05,11879.48,8267.83,22571.01,6035.35,North,Completed
ORD08208,2025-07-22,CUST0733,P0036,2,0.1,1008.83,797.09,1815.89,221.71,South,Completed
ORD04034,2025-07-22,CUST0584,P0094,1,0.1,77812.86,47690.34,70031.57,22341.23,North,Cancelled
ORD02392,2025-07-22,CUST0087,P0113,1,0.1,26426.25,19479.69,23783.62,4303.93,North,Completed
ORD04476,2025-07-22,CUST0662,P0110,1,0.1,30098.59,20298.4,27088.73,6790.33,East,Completed
ORD02543,2025-07-23,CUST0463,P0097,2,0.05,11100.34,7751.47,21090.65,5587.71,South,Completed
ORD01212,2025-07-23,CUST0536,P0190,2,0.05,2296.71,1653.27,4363.75,1057.21,East,Completed
ORD06994,2025-07-23,CUST0098,P0186,1,0.05,36288.91,28203.52,34474.46,6270.94,South,Completed
ORD08142,2025-07-23,CUST0256,P0144,2,0.15,501.46,362.98,852.48,126.52,North,Completed
ORD07117,2025-07-23,CUST0734,P0016,1,0.0,20196.29,11952.43,20196.29,8243.86,South,Completed
ORD06539,2025-07-23,CUST0699,P0008,3,0.2,68633.55,51583.32,164720.52,9970.56,North,Completed
ORD07076,2025-07-23,CUST0534,P0078,1,0.0,66750.32,43644.61,66750.32,23105.71,West,Completed
ORD03410,2025-07-23,CUST0971,P0121,1,0.1,975.23,645.82,877.71,231.89,East,Cancelled
ORD05617,2025-07-23,CUST0240,P0007,3,0.1,8223.62,4942.96,22203.77,7374.89,North,Completed
ORD09400,2025-07-23,CUST0296,P0073,1,0.1,15561.42,10813.46,14005.28,3191.82,South,Completed
ORD07054,2025-07-23,CUST0543,P0075,1,0.0,6740.18,4364.5,6740.18,2375.68,East,Completed
ORD04106,2025-07-23,CUST0860,P0050,5,0.0,8890.7,6907.47,44453.5,9916.15,South,Completed
ORD03816,2025-07-23,CUST0052,P0080,1,0.05,67342.32,40846.14,63975.2,23129.06,West,Completed
ORD03808,2025-07-23,CUST0469,P0191,4,0.0,8442.75,6441.23,33771.0,8006.08,South,Completed
ORD01619,2025-07-23,CUST0072,P0162,2,0.1,46811.03,27452.25,84259.85,29355.35,East,Completed
ORD06957,2025-07-24,CUST0096,P0072,4,0.2,28334.52,18780.23,90670.46,15549.54,South,Completed
ORD02786,2025-07-24,CUST0049,P0093,2,0.2,10189.0,5911.08,16302.4,4480.24,North,Completed
ORD01435,2025-07-24,CUST0032,P0008,1,0.0,68633.55,51583.32,68633.55,17050.23,North,Completed
ORD01985,2025-07-24,CUST0288,P0064,1,0.0,20038.07,13846.76,20038.07,6191.31,South,Completed
ORD04060,2025-07-24,CUST0889,P0029,4,0.0,1310.65,844.84,5242.6,1863.24,West,Cancelled
ORD06353,2025-07-24,CUST0899,P0102,2,0.0,4149.23,2427.22,8298.46,3444.02,South,Completed
ORD01390,2025-07-24,CUST0082,P0015,3,0.1,18890.43,14292.88,51004.16,8125.52,South,Completed
ORD01570,2025-07-24,CUST0528,P0159,5,0.05,54205.42,36083.24,257475.74,77059.54,South,Completed
ORD08665,2025-07-24,CUST0984,P0019,1,0.0,27844.42,18931.51,27844.42,8912.91,West,Completed
ORD08458,2025-07-24,CUST0712,P0088,1,0.0,58121.47,37608.48,58121.47,20512.99,West,Completed
ORD09790,2025-07-24,CUST0020,P0031,3,0.1,12553.48,9544.5,33894.4,5260.9,West,Completed
ORD04064,2025-07-25,CUST0096,P0069,1,0.05,196.15,126.8,186.34,59.54,South,Completed
ORD07043,2025-07-25,CUST0540,P0114,1,0.1,16683.02,10299.86,15014.72,4714.86,West,Completed
ORD07168,2025-07-25,CUST0840,P0056,1,0.05,312.97,191.98,297.32,105.34,South,Completed
ORD09753,2025-07-25,CUST0004,P0022,1,0.1,68945.25,50670.94,62050.72,11379.78,West,Completed
ORD01179,2025-07-25,CUST0805,P0195,3,0.05,15240.21,11813.53,43434.6,7994.01,West,Completed
ORD06055,2025-07-25,CUST0615,P0067,1,0.0,5933.02,4559.02,5933.02,1374.0,West,Completed
ORD07561,2025-07-25,CUST0902,P0100,1,0.2,36262.87,22462.27,29010.3,6548.03,South,Completed
ORD09743,2025-07-25,CUST0328,P0182,1,0.1,15590.28,12172.38,14031.25,1858.87,West,Completed
ORD04521,2025-07-25,CUST0854,P0026,3,0.0,53440.86,40308.66,160322.58,39396.6,North,Completed
ORD06588,2025-07-25,CUST0540,P0120,1,0.05,57866.38,42176.37,54973.06,12796.69,West,Completed
ORD03643,2025-07-25,CUST0106,P0056,3,0.1,312.97,191.98,845.02,269.08,North,Completed
ORD00475,2025-07-25,CUST0266,P0081,1,0.1,11112.68,6733.47,10001.41,3267.94,East,Completed
ORD00019,2025-07-25,CUST0120,P0039,1,0.15,1717.54,1277.52,1459.91,182.39,North,Completed
ORD01498,2025-07-25,CUST0026,P0006,2,0.0,51610.25,30768.51,103220.5,41683.48,South,Completed
ORD05742,2025-07-26,CUST0249,P0194,1,0.15,13118.34,8489.04,11150.59,2661.55,West,Completed
ORD04487,2025-07-26,CUST0322,P0055,3,0.0,6422.29,4812.56,19266.87,4829.19,West,Completed
ORD03134,2025-07-26,CUST0292,P0133,3,0.1,30154.78,21233.5,81417.91,17717.41,West,Completed
ORD01397,2025-07-26,CUST0075,P0032,2,0.0,39614.35,24714.41,79228.7,29799.88,West,Completed
ORD09480,2025-07-26,CUST0992,P0113,1,0.1,26426.25,19479.69,23783.62,4303.93,East,Completed
ORD03128,2025-07-26,CUST0641,P0172,3,0.1,53066.45,36105.87,143279.41,34961.8,North,Completed
ORD06191,2025-07-26,CUST0605,P0024,1,0.1,792.84,470.21,713.56,243.35,West,Completed
ORD03544,2025-07-26,CUST0105,P0011,4,0.15,50761.69,39171.65,172589.75,15903.15,South,Completed
ORD06459,2025-07-26,CUST0726,P0079,2,0.05,409.51,310.64,778.07,156.79,North,Completed
ORD09550,2025-07-26,CUST0312,P0104,1,0.15,22437.82,18159.1,19072.15,913.05,West,Cancelled
ORD05447,2025-07-26,CUST0467,P0107,4,0.0,72638.94,50890.24,290555.76,86994.8,West,Completed
ORD06823,2025-07-27,CUST0575,P0116,5,0.05,41570.44,24508.05,197459.59,74919.34,South,Completed
ORD00828,2025-07-27,CUST0525,P0103,1,0.2,585.19,454.75,468.15,13.4,North,Completed
ORD09590,2025-07-27,CUST0629,P0106,3,0.0,526.46,370.01,1579.38,469.35,North,Cancelled
ORD07001,2025-07-27,CUST0250,P0200,3,0.0,37954.59,28614.99,113863.77,28018.8,North,Completed
ORD07811,2025-07-27,CUST0599,P0080,1,0.1,67342.32,40846.14,60608.09,19761.95,West,Completed
ORD08678,2025-07-27,CUST0295,P0132,2,0.1,235.21,163.03,423.38,97.32,South,Completed
ORD06618,2025-07-27,CUST0719,P0051,1,0.0,57445.48,35926.8,57445.48,21518.68,West,Completed
ORD07690,2025-07-27,CUST0168,P0112,4,0.05,20043.19,13117.75,76164.12,23693.12,West,Completed
ORD05256,2025-07-27,CUST0174,P0200,1,0.05,37954.59,28614.99,36056.86,7441.87,South,Completed
ORD07330,2025-07-27,CUST0788,P0047,1,0.15,1004.63,793.19,853.94,60.75,West,Completed
ORD09291,2025-07-27,CUST0722,P0185,4,0.05,76508.26,54062.35,290731.39,74481.99,North,Completed
ORD01787,2025-07-27,CUST0423,P0191,2,0.1,8442.75,6441.23,15196.95,2314.49,West,Completed
ORD02540,2025-07-27,CUST0655,P0071,1,0.2,35759.59,27998.22,28607.67,609.45,West,Completed
ORD04458,2025-07-27,CUST0115,P0004,3,0.05,20696.25,15931.27,58984.31,11190.5,North,Completed
ORD06136,2025-07-27,CUST0977,P0148,2,0.05,15484.78,9786.06,29421.08,9848.96,East,Completed
ORD00161,2025-07-27,CUST0517,P0116,4,0.1,41570.44,24508.05,149653.58,51621.38,East,Completed
ORD08979,2025-07-28,CUST0353,P0026,3,0.15,53440.86,40308.66,136274.19,15348.21,East,Completed
ORD06033,2025-07-28,CUST0376,P0023,2,0.05,29957.89,23747.89,56919.99,9424.21,West,Completed
ORD01723,2025-07-28,CUST0770,P0110,2,0.1,30098.59,20298.4,54177.46,13580.66,North,Cancelled
ORD07156,2025-07-28,CUST0664,P0123,3,0.1,77212.89,61788.48,208474.8,23109.36,West,Completed
ORD07916,2025-07-28,CUST0943,P0160,2,0.1,680.29,502.6,1224.52,219.32,East,Completed
ORD09987,2025-07-28,CUST0079,P0125,2,0.1,3155.85,2083.96,5680.53,1512.61,North,Completed
ORD09873,2025-07-28,CUST0801,P0177,2,0.1,783.92,493.62,1411.06,423.82,East,Completed
ORD00410,2025-07-28,CUST0365,P0187,1,0.15,184.91,120.68,157.17,36.49,North,Completed
ORD06947,2025-07-28,CUST0060,P0007,2,0.1,8223.62,4942.96,14802.52,4916.6,South,Completed
ORD04599,2025-07-28,CUST0068,P0112,1,0.05,20043.19,13117.75,19041.03,5923.28,North,Completed
ORD01252,2025-07-28,CUST0538,P0186,2,0.15,36288.91,28203.52,61691.15,5284.11,North,Completed
ORD07632,2025-07-28,CUST0150,P0135,3,0.1,644.55,462.91,1740.28,351.55,West,Completed
ORD06869,2025-07-28,CUST0595,P0138,2,0.1,30903.45,21958.56,55626.21,11709.09,East,Completed
ORD04792,2025-07-28,CUST0218,P0016,2,0.1,20196.29,11952.43,36353.32,12448.46,South,Completed
ORD08966,2025-07-28,CUST0774,P0133,1,0.0,30154.78,21233.5,30154.78,8921.28,East,Completed
ORD09492,2025-07-28,CUST0078,P0038,1,0.0,25137.53,20080.78,25137.53,5056.75,South,Completed
ORD04686,2025-07-28,CUST0055,P0101,3,0.15,51632.3,38843.18,131662.37,15132.83,East,Completed
ORD04310,2025-07-28,CUST0967,P0107,2,0.05,72638.94,50890.24,138013.99,36233.51,South,Completed
ORD02807,2025-07-28,CUST0012,P0033,1,0.05,54569.41,31985.14,51840.94,19855.8,East,Completed
ORD02951,2025-07-28,CUST0520,P0180,3,0.05,23838.69,16889.32,67940.27,17272.31,East,Cancelled
ORD09050,2025-07-28,CUST0974,P0032,1,0.05,39614.35,24714.41,37633.63,12919.22,South,Completed
ORD06772,2025-07-28,CUST0655,P0019,3,0.1,27844.42,18931.51,75179.93,18385.4,West,Completed
ORD00762,2025-07-28,CUST0970,P0002,2,0.0,6203.85,4038.58,12407.7,4330.54,North,Completed
ORD02358,2025-07-29,CUST0714,P0162,1,0.05,46811.03,27452.25,44470.48,17018.23,North,Completed
ORD06890,2025-07-29,CUST0614,P0110,1,0.0,30098.59,20298.4,30098.59,9800.19,East,Completed
ORD08909,2025-07-29,CUST0357,P0037,2,0.0,58358.81,45854.58,116717.62,25008.46,North,Completed
ORD04518,2025-07-29,CUST0979,P0128,4,0.1,7160.91,4568.96,25779.28,7503.44,East,Completed
ORD01172,2025-07-29,CUST0826,P0023,2,0.1,29957.89,23747.89,53924.2,6428.42,West,Completed
ORD08192,2025-07-29,CUST0111,P0026,1,0.15,53440.86,40308.66,45424.73,5116.07,North,Completed
ORD00634,2025-07-29,CUST0928,P0008,1,0.1,68633.55,51583.32,61770.2,10186.88,North,Completed
ORD00077,2025-07-29,CUST0766,P0131,1,0.0,896.08,597.69,896.08,298.39,South,Completed
ORD06718,2025-07-29,CUST0970,P0082,4,0.1,14583.87,9123.23,52501.93,16009.01,North,Completed
ORD03111,2025-07-29,CUST0290,P0021,4,0.1,6878.25,5112.71,24761.7,4310.86,North,Completed
ORD00106,2025-07-29,CUST0279,P0135,1,0.1,644.55,462.91,580.1,117.19,West,Completed
ORD09687,2025-07-29,CUST0799,P0199,4,0.1,404.58,321.41,1456.49,170.85,East,Completed
ORD04929,2025-07-30,CUST0204,P0196,2,0.1,385.78,231.62,694.4,231.16,North,Completed
ORD06675,2025-07-30,CUST0470,P0012,2,0.1,4072.78,2687.49,7331.0,1956.02,West,Completed
ORD04689,2025-07-30,CUST0423,P0138,2,0.0,30903.45,21958.56,61806.9,17889.78,West,Pending
ORD00001,2025-07-30,CUST0294,P0094,3,0.05,77812.86,47690.34,221766.65,78695.63,East,Completed
ORD07675,2025-07-30,CUST0897,P0080,1,0.05,67342.32,40846.14,63975.2,23129.06,North,Completed
ORD00057,2025-07-30,CUST0477,P0180,2,0.0,23838.69,16889.32,47677.38,13898.74,East,Pending
ORD07282,2025-07-30,CUST0273,P0068,1,0.1,41326.98,32432.51,37194.28,4761.77,East,Completed
ORD09974,2025-07-30,CUST0820,P0071,2,0.2,35759.59,27998.22,57215.34,1218.9,West,Completed
ORD01623,2025-07-30,CUST0759,P0109,3,0.15,17118.52,11998.2,43652.23,7657.63,West,Completed
ORD05522,2025-07-30,CUST0759,P0122,1,0.15,17942.76,13133.8,15251.35,2117.55,West,Completed
ORD07242,2025-07-30,CUST0487,P0021,4,0.05,6878.25,5112.71,26137.35,5686.51,North,Pending
ORD05699,2025-07-31,CUST0091,P0025,5,0.0,49570.32,37427.29,247851.6,60715.15,North,Completed
ORD02195,2025-07-31,CUST0229,P0178,2,0.05,4042.35,3098.18,7680.46,1484.1,West,Completed
ORD05961,2025-07-31,CUST0167,P0143,1,0.05,56727.96,35563.32,53891.56,18328.24,South,Completed
ORD08056,2025-07-31,CUST0952,P0089,1,0.2,74892.61,50603.0,59914.09,9311.09,East,Completed
ORD08818,2025-07-31,CUST0699,P0187,1,0.0,184.91,120.68,184.91,64.23,North,Pending
ORD00502,2025-07-31,CUST0057,P0101,2,0.1,51632.3,38843.18,92938.14,15251.78,West,Completed
ORD01624,2025-07-31,CUST0446,P0155,3,0.15,9808.49,7104.6,25011.65,3697.85,South,Completed
ORD06996,2025-07-31,CUST0293,P0034,1,0.05,143.7,100.11,136.51,36.4,West,Completed
ORD08666,2025-07-31,CUST0239,P0086,1,0.15,519.82,398.56,441.85,43.29,East,Completed
ORD07011,2025-07-31,CUST0226,P0160,3,0.0,680.29,502.6,2040.87,533.07,East,Completed
ORD00484,2025-07-31,CUST0092,P0157,2,0.0,1290.11,764.14,2580.22,1051.94,West,Completed
ORD02112,2025-07-31,CUST0714,P0193,1,0.05,8422.11,6102.6,8001.0,1898.4,North,Completed
ORD04279,2025-07-31,CUST0623,P0065,1,0.1,21598.4,14583.7,19438.56,4854.86,West,Completed
ORD01308,2025-07-31,CUST0384,P0121,3,0.2,975.23,645.82,2340.55,403.09,South,Pending
ORD00471,2025-07-31,CUST0945,P0083,1,0.1,374.27,289.15,336.84,47.69,West,Cancelled
ORD09095,2025-07-31,CUST0649,P0037,1,0.0,58358.81,45854.58,58358.81,12504.23,East,Completed
ORD02035,2025-07-31,CUST0024,P0169,1,0.15,12339.56,8305.1,10488.63,2183.53,East,Completed
ORD09787,2025-07-31,CUST0726,P0089,2,0.15,74892.61,50603.0,127317.44,26111.44,North,Completed
ORD03169,2025-07-31,CUST0138,P0151,1,0.1,5830.9,4665.5,5247.81,582.31,West,Cancelled
ORD02695,2025-07-31,CUST0104,P0034,1,0.0,143.7,100.11,143.7,43.59,West,Completed
ORD09831,2025-08-01,CUST0883,P0015,1,0.1,18890.43,14292.88,17001.39,2708.51,East,Completed
ORD05672,2025-08-01,CUST0211,P0146,1,0.0,11482.27,8693.26,11482.27,2789.01,West,Completed
ORD09152,2025-08-01,CUST0584,P0094,1,0.05,77812.86,47690.34,73922.22,26231.88,North,Completed
ORD09981,2025-08-01,CUST0790,P0182,2,0.0,15590.28,12172.38,31180.56,6835.8,South,Cancelled
ORD09632,2025-08-01,CUST0687,P0068,4,0.15,41326.98,32432.51,140511.73,10781.69,East,Completed
ORD04972,2025-08-01,CUST0345,P0077,2,0.05,50047.7,37709.36,95090.63,19671.91,North,Completed
ORD06034,2025-08-01,CUST0691,P0078,1,0.0,66750.32,43644.61,66750.32,23105.71,East,Completed
ORD09969,2025-08-01,CUST0547,P0010,2,0.1,16072.59,10816.67,28930.66,7297.32,South,Completed
ORD03105,2025-08-01,CUST0934,P0072,1,0.0,28334.52,18780.23,28334.52,9554.29,East,Completed
ORD04799,2025-08-01,CUST0846,P0156,3,0.1,44665.09,34536.09,120595.74,16987.47,West,Completed
ORD01665,2025-08-01,CUST0632,P0128,1,0.1,7160.91,4568.96,6444.82,1875.86,South,Completed
ORD01567,2025-08-01,CUST0979,P0125,2,0.0,3155.85,2083.96,6311.7,2143.78,East,Completed
ORD01485,2025-08-02,CUST0383,P0193,2,0.0,8422.11,6102.6,16844.22,4639.02,North,Completed
ORD05344,2025-08-02,CUST0024,P0179,4,0.15,12818.17,8758.44,43581.78,8548.02,East,Completed
ORD07152,2025-08-02,CUST0819,P0138,5,0.1,30903.45,21958.56,139065.52,29272.72,North,Cancelled
ORD03445,2025-08-02,CUST0432,P0009,1,0.15,724.93,490.11,616.19,126.08,East,Completed
ORD07354,2025-08-02,CUST0198,P0049,3,0.05,56396.41,44202.58,160729.77,28122.03,West,Completed
ORD01132,2025-08-02,CUST0973,P0180,4,0.15,23838.69,16889.32,81051.55,13494.27,South,Pending
ORD03037,2025-08-02,CUST0966,P0129,1,0.1,43850.97,27932.89,39465.87,11532.98,West,Completed
ORD06535,2025-08-02,CUST0530,P0038,1,0.0,25137.53,20080.78,25137.53,5056.75,North,Completed
ORD03036,2025-08-02,CUST0253,P0062,3,0.1,7214.7,5874.11,19479.69,1857.36,South,Completed
ORD09042,2025-08-02,CUST0276,P0105,1,0.05,17543.79,10886.17,16666.6,5780.43,South,Completed
ORD06005,2025-08-02,CUST0138,P0068,1,0.05,41326.98,32432.51,39260.63,6828.12,West,Completed
ORD08591,2025-08-02,CUST0120,P0153,2,0.15,318.53,240.18,541.5,61.14,North,Completed
ORD03775,2025-08-02,CUST0487,P0072,1,0.05,28334.52,18780.23,26917.79,8137.56,North,Completed
ORD06686,2025-08-03,CUST0327,P0031,1,0.0,12553.48,9544.5,12553.48,3008.98,West,Completed
ORD01886,2025-08-03,CUST0700,P0029,1,0.05,1310.65,844.84,1245.12,400.28,West,Completed
ORD02405,2025-08-03,CUST0951,P0098,4,0.15,15055.62,11767.46,51189.11,4119.27,South,Completed
ORD02501,2025-08-03,CUST0647,P0081,1,0.0,11112.68,6733.47,11112.68,4379.21,East,Completed
ORD06930,2025-08-03,CUST0641,P0093,3,0.1,10189.0,5911.08,27510.3,9777.06,North,Cancelled
ORD02628,2025-08-03,CUST0332,P0121,1,0.0,975.23,645.82,975.23,329.41,South,Completed
ORD01316,2025-08-03,CUST0597,P0047,2,0.0,1004.63,793.19,2009.26,422.88,West,Completed
ORD07017,2025-08-03,CUST0884,P0037,4,0.0,58358.81,45854.58,233435.24,50016.92,North,Completed
ORD05303,2025-08-03,CUST0138,P0165,2,0.0,728.57,514.38,1457.14,428.38,West,Cancelled
ORD02891,2025-08-03,CUST0774,P0137,1,0.05,3327.18,2091.19,3160.82,1069.63,East,Completed
ORD08793,2025-08-03,CUST0426,P0029,3,0.1,1310.65,844.84,3538.76,1004.24,East,Cancelled
ORD04213,2025-08-03,CUST0602,P0003,3,0.1,15581.84,9713.54,42070.97,12930.35,South,Completed
ORD04308,2025-08-03,CUST0226,P0060,4,0.05,32036.99,25220.68,121740.56,20857.84,East,Completed
ORD02378,2025-08-03,CUST0500,P0152,2,0.15,5896.48,4498.55,10024.02,1026.92,North,Completed
ORD00843,2025-08-03,CUST0523,P0032,2,0.1,39614.35,24714.41,71305.83,21877.01,North,Completed
ORD00887,2025-08-03,CUST0764,P0056,2,0.1,312.97,191.98,563.35,179.39,East,Completed
ORD03617,2025-08-03,CUST0684,P0132,3,0.1,235.21,163.03,635.07,145.98,North,Completed
ORD06779,2025-08-03,CUST0185,P0158,1,0.05,33125.35,22293.09,31469.08,9175.99,South,Completed
ORD05299,2025-08-03,CUST0942,P0030,3,0.15,23508.75,18216.9,59947.31,5296.61,South,Completed
ORD06348,2025-08-04,CUST0146,P0172,2,0.0,53066.45,36105.87,106132.9,33921.16,West,Completed
ORD00447,2025-08-04,CUST0049,P0169,2,0.05,12339.56,8305.1,23445.16,6834.96,North,Completed
ORD02990,2025-08-04,CUST0477,P0104,1,0.15,22437.82,18159.1,19072.15,913.05,East,Completed
ORD06234,2025-08-04,CUST0816,P0196,1,0.05,385.78,231.62,366.49,134.87,East,Completed
ORD09075,2025-08-04,CUST0495,P0130,3,0.15,58219.77,46803.43,148460.41,8050.12,North,Completed
ORD03021,2025-08-04,CUST0321,P0036,2,0.15,1008.83,797.09,1715.01,120.83,East,Completed
ORD00790,2025-08-04,CUST0141,P0059,2,0.05,1247.06,804.27,2369.41,760.87,East,Completed
ORD00885,2025-08-04,CUST0601,P0096,4,0.05,22714.55,15565.72,86315.29,24052.41,East,Completed
ORD05969,2025-08-04,CUST0407,P0162,3,0.0,46811.03,27452.25,140433.09,58076.34,South,Completed
ORD06054,2025-08-04,CUST0222,P0030,1,0.1,23508.75,18216.9,21157.88,2940.98,South,Completed
ORD07052,2025-08-04,CUST0055,P0106,1,0.0,526.46,370.01,526.46,156.45,East,Completed
ORD02825,2025-08-04,CUST0843,P0132,1,0.0,235.21,163.03,235.21,72.18,East,Completed
ORD02754,2025-08-04,CUST0872,P0018,4,0.15,4596.19,2818.15,15627.05,4354.45,South,Completed
ORD01035,2025-08-04,CUST0387,P0142,4,0.05,4782.08,3282.92,18171.9,5040.22,West,Completed
ORD09248,2025-08-04,CUST0769,P0115,2,0.05,9526.21,7338.52,18099.8,3422.76,South,Completed
ORD04934,2025-08-04,CUST0443,P0124,2,0.05,38907.93,29071.02,73925.07,15783.03,South,Completed
ORD04021,2025-08-05,CUST0442,P0163,2,0.05,3768.33,3060.43,7159.83,1038.97,South,Completed
ORD02876,2025-08-05,CUST0698,P0168,2,0.1,1780.85,1042.33,3205.53,1120.87,North,Completed
ORD05698,2025-08-05,CUST0995,P0101,1,0.15,51632.3,38843.18,43887.46,5044.28,East,Cancelled
ORD09428,2025-08-05,CUST0944,P0117,2,0.0,62915.52,50890.59,125831.04,24049.86,East,Completed
ORD09975,2025-08-05,CUST0989,P0018,3,0.1,4596.19,2818.15,12409.71,3955.26,South,Completed
ORD04856,2025-08-05,CUST0960,P0110,1,0.0,30098.59,20298.4,30098.59,9800.19,North,Completed
ORD05642,2025-08-06,CUST0550,P0087,1,0.1,11879.48,8267.83,10691.53,2423.7,South,Completed
ORD08853,2025-08-06,CUST0027,P0018,2,0.05,4596.19,2818.15,8732.76,3096.46,South,Completed
ORD08372,2025-08-06,CUST0137,P0107,1,0.0,72638.94,50890.24,72638.94,21748.7,East,Pending
ORD07903,2025-08-06,CUST0401,P0062,2,0.1,7214.7,5874.11,12986.46,1238.24,North,Completed
ORD00233,2025-08-06,CUST0878,P0102,1,0.15,4149.23,2427.22,3526.85,1099.63,North,Completed
ORD03600,2025-08-06,CUST0702,P0198,3,0.05,715.13,510.57,2038.12,506.41,West,Completed
ORD05603,2025-08-06,CUST0591,P0045,1,0.05,2217.01,1355.93,2106.16,750.23,South,Cancelled
ORD02177,2025-08-07,CUST0925,P0043,4,0.15,528.82,390.77,1797.99,234.91,South,Completed
ORD09140,2025-08-07,CUST0902,P0132,2,0.05,235.21,163.03,446.9,120.84,South,Completed
ORD04520,2025-08-07,CUST0616,P0181,2,0.1,8670.4,5624.95,15606.72,4356.82,South,Completed
ORD03870,2025-08-07,CUST0014,P0025,3,0.1,49570.32,37427.29,133839.86,21557.99,East,Completed
ORD09447,2025-08-07,CUST0284,P0174,4,0.1,46343.47,28863.63,166836.49,51381.97,West,Completed
ORD08085,2025-08-07,CUST0835,P0067,2,0.0,5933.02,4559.02,11866.04,2748.0,West,Completed
ORD03236,2025-08-07,CUST0192,P0117,3,0.0,62915.52,50890.59,188746.56,36074.79,North,Completed
ORD04781,2025-08-07,CUST0082,P0048,1,0.0,1114.29,876.19,1114.29,238.1,South,Completed
ORD06657,2025-08-07,CUST0993,P0105,3,0.0,17543.79,10886.17,52631.37,19972.86,South,Completed
ORD01930,2025-08-07,CUST0693,P0005,3,0.15,759.62,541.79,1937.03,311.66,East,Completed
ORD09557,2025-08-07,CUST0386,P0115,3,0.1,9526.21,7338.52,25720.77,3705.21,West,Completed
ORD07327,2025-08-07,CUST0289,P0016,1,0.1,20196.29,11952.43,18176.66,6224.23,West,Completed
ORD01529,2025-08-08,CUST0255,P0172,4,0.1,53066.45,36105.87,191039.22,46615.74,South,Cancelled
ORD00372,2025-08-08,CUST0754,P0020,2,0.0,14020.39,10682.55,28040.78,6675.68,South,Pending
ORD07621,2025-08-08,CUST0250,P0055,1,0.0,6422.29,4812.56,6422.29,1609.73,North,Completed
ORD05265,2025-08-08,CUST0527,P0102,1,0.0,4149.23,2427.22,4149.23,1722.01,East,Completed
ORD03844,2025-08-08,CUST0364,P0138,1,0.05,30903.45,21958.56,29358.28,7399.72,North,Completed
ORD01396,2025-08-08,CUST0720,P0113,5,0.0,26426.25,19479.69,132131.25,34732.8,North,Completed
ORD06621,2025-08-08,CUST0383,P0071,5,0.05,35759.59,27998.22,169858.05,29866.95,North,Completed
ORD08507,2025-08-08,CUST0310,P0167,3,0.0,7469.0,4701.25,22407.0,8303.25,East,Cancelled
ORD01161,2025-08-08,CUST0948,P0016,2,0.1,20196.29,11952.43,36353.32,12448.46,South,Completed
ORD07839,2025-08-08,CUST0371,P0173,2,0.1,4259.82,3133.66,7667.68,1400.36,North,Completed
ORD04709,2025-08-08,CUST0589,P0194,2,0.15,13118.34,8489.04,22301.18,5323.1,East,Completed
ORD06373,2025-08-08,CUST0437,P0149,1,0.05,2427.19,1691.68,2305.83,614.15,West,Completed
ORD06791,2025-08-08,CUST0920,P0008,2,0.05,68633.55,51583.32,130403.74,27237.1,West,Completed
ORD02872,2025-08-08,CUST0359,P0193,3,0.1,8422.11,6102.6,22739.7,4431.9,South,Completed
ORD02321,2025-08-08,CUST0074,P0029,1,0.15,1310.65,844.84,1114.05,269.21,South,Completed
ORD09107,2025-08-09,CUST0548,P0151,1,0.0,5830.9,4665.5,5830.9,1165.4,West,Completed
ORD06730,2025-08-09,CUST0125,P0047,1,0.1,1004.63,793.19,904.17,110.98,South,Completed
ORD05998,2025-08-09,CUST0443,P0166,2,0.1,47059.67,34982.34,84707.41,14742.73,South,Completed
ORD07473,2025-08-09,CUST0217,P0144,1,0.0,501.46,362.98,501.46,138.48,West,Completed
ORD08347,2025-08-09,CUST0623,P0093,1,0.0,10189.0,5911.08,10189.0,4277.92,West,Completed
ORD04154,2025-08-10,CUST0240,P0005,1,0.0,759.62,541.79,759.62,217.83,North,Completed
ORD03588,2025-08-10,CUST0136,P0062,3,0.05,7214.7,5874.11,20561.89,2939.56,West,Completed
ORD07048,2025-08-10,CUST0311,P0180,4,0.05,23838.69,16889.32,90587.02,23029.74,North,Completed
ORD01940,2025-08-10,CUST0488,P0169,1,0.05,12339.56,8305.1,11722.58,3417.48,East,Cancelled
ORD02327,2025-08-10,CUST0213,P0060,2,0.05,32036.99,25220.68,60870.28,10428.92,North,Completed
ORD00744,2025-08-10,CUST0332,P0069,3,0.15,196.15,126.8,500.18,119.78,South,Cancelled
ORD08584,2025-08-10,CUST0804,P0173,1,0.15,4259.82,3133.66,3620.85,487.19,North,Completed
ORD01758,2025-08-10,CUST0540,P0078,1,0.0,66750.32,43644.61,66750.32,23105.71,West,Completed
ORD03168,2025-08-10,CUST0387,P0169,1,0.1,12339.56,8305.1,11105.6,2800.5,West,Completed
ORD00065,2025-08-10,CUST0530,P0077,2,0.1,50047.7,37709.36,90085.86,14667.14,North,Completed
ORD04561,2025-08-10,CUST0023,P0047,2,0.05,1004.63,793.19,1908.8,322.42,South,Completed
ORD06728,2025-08-10,CUST0406,P0133,5,0.15,30154.78,21233.5,128157.81,21990.31,West,Completed
ORD07210,2025-08-10,CUST0458,P0059,1,0.05,1247.06,804.27,1184.71,380.44,West,Completed
ORD03897,2025-08-10,CUST0943,P0095,3,0.05,9513.49,6495.4,27113.45,7627.25,East,Completed
ORD04759,2025-08-10,CUST0806,P0183,2,0.1,66902.29,49511.88,120424.12,21400.36,South,Completed
ORD00049,2025-08-10,CUST0843,P0051,1,0.1,57445.48,35926.8,51700.93,15774.13,East,Completed
ORD05061,2025-08-10,CUST0973,P0194,1,0.0,13118.34,8489.04,13118.34,4629.3,South,Completed
ORD06362,2025-08-10,CUST0487,P0163,1,0.1,3768.33,3060.43,3391.5,331.07,North,Pending
ORD03189,2025-08-10,CUST0670,P0156,2,0.0,44665.09,34536.09,89330.18,20258.0,North,Cancelled
ORD09906,2025-08-11,CUST0382,P0029,2,0.05,1310.65,844.84,2490.24,800.56,North,Cancelled
ORD00617,2025-08-11,CUST0321,P0142,2,0.0,4782.08,3282.92,9564.16,2998.32,East,Completed
ORD02665,2025-08-11,CUST0394,P0148,2,0.05,15484.78,9786.06,29421.08,9848.96,South,Completed
ORD02948,2025-08-11,CUST0340,P0103,1,0.1,585.19,454.75,526.67,71.92,West,Completed
ORD09914,2025-08-11,CUST0832,P0144,1,0.05,501.46,362.98,476.39,113.41,South,Completed
ORD04329,2025-08-11,CUST0988,P0052,3,0.15,7440.54,4865.29,18973.38,4377.51,South,Completed
ORD03777,2025-08-11,CUST0321,P0032,4,0.2,39614.35,24714.41,126765.92,27908.28,East,Completed
ORD07758,2025-08-11,CUST0531,P0103,2,0.0,585.19,454.75,1170.38,260.88,South,Completed
ORD09479,2025-08-11,CUST0596,P0070,3,0.0,56679.56,41863.05,170038.68,44449.53,South,Pending
ORD05882,2025-08-11,CUST0698,P0139,2,0.0,26827.4,18117.75,53654.8,17419.3,North,Completed
ORD07511,2025-08-11,CUST0648,P0067,1,0.05,5933.02,4559.02,5636.37,1077.35,West,Completed
ORD06408,2025-08-11,CUST0730,P0058,1,0.05,7347.4,4878.31,6980.03,2101.72,East,Completed
ORD07989,2025-08-11,CUST0834,P0121,3,0.1,975.23,645.82,2633.12,695.66,East,Completed
ORD07418,2025-08-11,CUST0967,P0034,2,0.1,143.7,100.11,258.66,58.44,South,Pending
ORD06950,2025-08-11,CUST0441,P0098,3,0.0,15055.62,11767.46,45166.86,9864.48,South,Completed
ORD02434,2025-08-12,CUST0878,P0106,5,0.05,526.46,370.01,2500.68,650.63,North,Completed
ORD03265,2025-08-12,CUST0176,P0129,1,0.1,43850.97,27932.89,39465.87,11532.98,West,Completed
ORD03583,2025-08-12,CUST0959,P0020,5,0.0,14020.39,10682.55,70101.95,16689.2,East,Completed
ORD00159,2025-08-12,CUST0997,P0028,2,0.1,1126.53,825.36,2027.75,377.03,South,Completed
ORD04653,2025-08-12,CUST0735,P0023,1,0.0,29957.89,23747.89,29957.89,6210.0,West,Completed
ORD09748,2025-08-12,CUST0893,P0055,1,0.15,6422.29,4812.56,5458.95,646.39,North,Completed
ORD09173,2025-08-12,CUST0242,P0058,1,0.1,7347.4,4878.31,6612.66,1734.35,West,Cancelled
ORD05270,2025-08-12,CUST0811,P0122,1,0.1,17942.76,13133.8,16148.48,3014.68,South,Completed
ORD03948,2025-08-12,CUST0726,P0022,1,0.0,68945.25,50670.94,68945.25,18274.31,North,Completed
ORD05945,2025-08-12,CUST0228,P0041,1,0.0,4003.54,2383.24,4003.54,1620.3,South,Completed
ORD05857,2025-08-12,CUST0763,P0124,3,0.0,38907.93,29071.02,116723.79,29510.73,South,Completed
ORD02826,2025-08-12,CUST0671,P0179,3,0.15,12818.17,8758.44,32686.33,6411.01,West,Completed
ORD07488,2025-08-12,CUST0703,P0021,1,0.05,6878.25,5112.71,6534.34,1421.63,North,Completed
ORD05673,2025-08-12,CUST0666,P0050,4,0.05,8890.7,6907.47,33784.66,6154.78,North,Completed
ORD08350,2025-08-12,CUST0417,P0049,2,0.1,56396.41,44202.58,101513.54,13108.38,North,Completed
ORD06215,2025-08-12,CUST0293,P0089,2,0.0,74892.61,50603.0,149785.22,48579.22,West,Completed
ORD08864,2025-08-12,CUST0786,P0087,4,0.0,11879.48,8267.83,47517.92,14446.6,South,Completed
ORD08286,2025-08-12,CUST0929,P0095,1,0.15,9513.49,6495.4,8086.47,1591.07,South,Completed
ORD01020,2025-08-13,CUST0930,P0059,1,0.1,1247.06,804.27,1122.35,318.08,West,Completed
ORD05261,2025-08-13,CUST0070,P0064,1,0.15,20038.07,13846.76,17032.36,3185.6,East,Completed
ORD00736,2025-08-13,CUST0963,P0082,1,0.0,14583.87,9123.23,14583.87,5460.64,South,Completed
ORD06366,2025-08-13,CUST0072,P0083,2,0.05,374.27,289.15,711.11,132.81,East,Completed
ORD00439,2025-08-13,CUST0193,P0167,1,0.1,7469.0,4701.25,6722.1,2020.85,East,Completed
ORD08189,2025-08-13,CUST0636,P0186,3,0.1,36288.91,28203.52,97980.06,13369.5,West,Cancelled
ORD00699,2025-08-13,CUST0358,P0078,1,0.1,66750.32,43644.61,60075.29,16430.68,North,Completed
ORD08754,2025-08-13,CUST0590,P0051,2,0.0,57445.48,35926.8,114890.96,43037.36,North,Pending
ORD02299,2025-08-13,CUST0403,P0136,1,0.1,3029.54,2200.52,2726.59,526.07,South,Completed
ORD02239,2025-08-13,CUST0456,P0104,2,0.15,22437.82,18159.1,38144.29,1826.09,South,Completed
ORD09755,2025-08-13,CUST0848,P0104,2,0.05,22437.82,18159.1,42631.86,6313.66,East,Completed
ORD04432,2025-08-13,CUST0647,P0034,1,0.15,143.7,100.11,122.14,22.03,East,Completed
ORD06102,2025-08-13,CUST0892,P0126,5,0.15,41856.24,33581.85,177889.02,9979.77,South,Completed
ORD06149,2025-08-14,CUST0677,P0109,1,0.0,17118.52,11998.2,17118.52,5120.32,North,Completed
ORD03464,2025-08-14,CUST0789,P0097,1,0.1,11100.34,7751.47,9990.31,2238.84,South,Completed
ORD06386,2025-08-14,CUST0757,P0040,1,0.05,568.55,361.32,540.12,178.8,West,Completed
ORD03978,2025-08-14,CUST0375,P0046,1,0.15,61902.8,37121.36,52617.38,15496.02,North,Completed
ORD09864,2025-08-14,CUST0148,P0199,2,0.0,404.58,321.41,809.16,166.34,North,Completed
ORD08494,2025-08-14,CUST0138,P0179,1,0.05,12818.17,8758.44,12177.26,3418.82,West,Completed
ORD04094,2025-08-14,CUST0210,P0151,1,0.15,5830.9,4665.5,4956.26,290.76,East,Completed
ORD01446,2025-08-14,CUST0253,P0031,2,0.0,12553.48,9544.5,25106.96,6017.96,South,Completed
ORD03318,2025-08-14,CUST0164,P0167,3,0.15,7469.0,4701.25,19045.95,4942.2,East,Completed
ORD04601,2025-08-14,CUST0028,P0157,3,0.05,1290.11,764.14,3676.81,1384.39,West,Completed
ORD08830,2025-08-14,CUST0662,P0006,1,0.0,51610.25,30768.51,51610.25,20841.74,East,Completed
ORD01752,2025-08-14,CUST0283,P0135,2,0.15,644.55,462.91,1095.73,169.91,East,Cancelled
ORD00822,2025-08-14,CUST0013,P0199,1,0.1,404.58,321.41,364.12,42.71,East,Completed
ORD05064,2025-08-14,CUST0041,P0087,4,0.0,11879.48,8267.83,47517.92,14446.6,South,Completed
ORD01377,2025-08-15,CUST0029,P0151,3,0.1,5830.9,4665.5,15743.43,1746.93,North,Completed
ORD07764,2025-08-15,CUST0818,P0136,5,0.0,3029.54,2200.52,15147.7,4145.1,North,Completed
ORD01759,2025-08-15,CUST0429,P0032,1,0.2,39614.35,24714.41,31691.48,6977.07,West,Completed
ORD03343,2025-08-15,CUST0106,P0015,1,0.05,18890.43,14292.88,17945.91,3653.03,North,Completed
ORD01088,2025-08-15,CUST0448,P0018,1,0.0,4596.19,2818.15,4596.19,1778.04,North,Completed
ORD01015,2025-08-15,CUST0960,P0154,2,0.05,693.93,462.98,1318.47,392.51,North,Completed
ORD05889,2025-08-15,CUST0093,P0048,1,0.05,1114.29,876.19,1058.58,182.39,East,Completed
ORD07372,2025-08-15,CUST0373,P0120,2,0.1,57866.38,42176.37,104159.48,19806.74,North,Completed
ORD06643,2025-08-15,CUST0503,P0040,2,0.05,568.55,361.32,1080.24,357.6,South,Completed
ORD03627,2025-08-15,CUST0436,P0022,2,0.0,68945.25,50670.94,137890.5,36548.62,South,Completed
ORD04480,2025-08-15,CUST0504,P0044,3,0.0,59463.82,38619.72,178391.46,62532.3,South,Completed
ORD05547,2025-08-15,CUST0243,P0143,2,0.0,56727.96,35563.32,113455.92,42329.28,North,Completed
ORD04278,2025-08-15,CUST0568,P0178,2,0.0,4042.35,3098.18,8084.7,1888.34,West,Completed
ORD09230,2025-08-15,CUST0868,P0140,3,0.0,12142.58,7367.6,36427.74,14324.94,South,Completed
ORD03161,2025-08-15,CUST0698,P0019,3,0.1,27844.42,18931.51,75179.93,18385.4,North,Completed
ORD07093,2025-08-15,CUST0090,P0185,4,0.1,76508.26,54062.35,275429.74,59180.34,East,Completed
ORD07674,2025-08-15,CUST0931,P0044,1,0.0,59463.82,38619.72,59463.82,20844.1,West,Completed
ORD01210,2025-08-15,CUST0458,P0031,2,0.1,12553.48,9544.5,22596.26,3507.26,West,Completed
ORD09344,2025-08-16,CUST0336,P0152,1,0.05,5896.48,4498.55,5601.66,1103.11,North,Completed
ORD05828,2025-08-16,CUST0588,P0005,1,0.15,759.62,541.79,645.68,103.89,South,Completed
ORD08263,2025-08-16,CUST0554,P0145,1,0.1,360.46,274.8,324.41,49.61,North,Completed
ORD03244,2025-08-16,CUST0578,P0046,2,0.05,61902.8,37121.36,117615.32,43372.6,South,Completed
ORD04777,2025-08-16,CUST0248,P0027,2,0.05,20926.64,14284.36,39760.62,11191.9,East,Completed
ORD02181,2025-08-16,CUST0222,P0129,1,0.0,43850.97,27932.89,43850.97,15918.08,South,Completed
ORD00180,2025-08-16,CUST0143,P0087,2,0.0,11879.48,8267.83,23758.96,7223.3,West,Completed
ORD08664,2025-08-16,CUST0788,P0006,2,0.0,51610.25,30768.51,103220.5,41683.48,West,Completed
ORD05565,2025-08-16,CUST0001,P0116,3,0.0,41570.44,24508.05,124711.32,51187.17,West,Completed
ORD04621,2025-08-16,CUST0479,P0077,4,0.05,50047.7,37709.36,190181.26,39343.82,North,Completed
ORD09949,2025-08-16,CUST0120,P0109,2,0.05,17118.52,11998.2,32525.19,8528.79,North,Completed
ORD00275,2025-08-16,CUST0215,P0090,1,0.15,446.05,334.33,379.14,44.81,North,Completed
ORD01184,2025-08-16,CUST0212,P0032,2,0.0,39614.35,24714.41,79228.7,29799.88,South,Completed
ORD06868,2025-08-16,CUST0594,P0010,1,0.15,16072.59,10816.67,13661.7,2845.03,West,Completed
ORD07075,2025-08-16,CUST0260,P0072,1,0.1,28334.52,18780.23,25501.07,6720.84,East,Completed
ORD07133,2025-08-17,CUST0545,P0009,2,0.1,724.93,490.11,1304.87,324.65,West,Completed
ORD07200,2025-08-17,CUST0514,P0101,1,0.0,51632.3,38843.18,51632.3,12789.12,East,Completed
ORD09978,2025-08-17,CUST0652,P0086,1,0.15,519.82,398.56,441.85,43.29,North,Completed
ORD02146,2025-08-17,CUST0846,P0006,3,0.15,51610.25,30768.51,131606.14,39300.61,West,Completed
ORD09848,2025-08-17,CUST0447,P0104,1,0.1,22437.82,18159.1,20194.04,2034.94,South,Completed
ORD04240,2025-08-17,CUST0951,P0155,1,0.05,9808.49,7104.6,9318.07,2213.47,South,Completed
ORD08835,2025-08-17,CUST0286,P0012,5,0.1,4072.78,2687.49,18327.51,4890.06,South,Completed
ORD07450,2025-08-17,CUST0315,P0157,2,0.0,1290.11,764.14,2580.22,1051.94,East,Completed
ORD01658,2025-08-17,CUST0226,P0045,2,0.15,2217.01,1355.93,3768.92,1057.06,East,Completed
ORD02877,2025-08-17,CUST0326,P0121,5,0.1,975.23,645.82,4388.54,1159.44,North,Completed
ORD04780,2025-08-17,CUST0087,P0041,4,0.15,4003.54,2383.24,13612.04,4079.08,North,Completed
ORD00380,2025-08-17,CUST0708,P0028,2,0.05,1126.53,825.36,2140.41,489.69,East,Completed
ORD09782,2025-08-17,CUST0219,P0169,1,0.0,12339.56,8305.1,12339.56,4034.46,West,Completed
ORD01221,2025-08-17,CUST0950,P0197,2,0.0,15133.72,11886.63,30267.44,6494.18,East,Cancelled
ORD09327,2025-08-17,CUST0591,P0064,4,0.15,20038.07,13846.76,68129.44,12742.4,South,Completed
ORD07816,2025-08-17,CUST0984,P0173,1,0.1,4259.82,3133.66,3833.84,700.18,West,Completed
ORD02943,2025-08-18,CUST0046,P0063,2,0.05,12786.65,8472.2,24294.64,7350.24,North,Completed
ORD04919,2025-08-18,CUST0273,P0153,5,0.0,318.53,240.18,1592.65,391.75,East,Completed
ORD06846,2025-08-18,CUST0255,P0030,3,0.0,23508.75,18216.9,70526.25,15875.55,South,Completed
ORD01639,2025-08-18,CUST0663,P0006,3,0.1,51610.25,30768.51,139347.68,47042.15,North,Completed
ORD05025,2025-08-18,CUST0566,P0176,3,0.1,9388.62,6512.18,25349.27,5812.73,North,Completed
ORD08972,2025-08-18,CUST0369,P0095,2,0.05,9513.49,6495.4,18075.63,5084.83,West,Completed
ORD03232,2025-08-18,CUST0211,P0041,2,0.15,4003.54,2383.24,6806.02,2039.54,West,Pending
ORD00377,2025-08-18,CUST0311,P0036,1,0.0,1008.83,797.09,1008.83,211.74,North,Completed
ORD07692,2025-08-18,CUST0180,P0084,1,0.2,52737.3,39276.81,42189.84,2913.03,East,Completed
ORD01950,2025-08-18,CUST0326,P0122,3,0.05,17942.76,13133.8,51136.87,11735.47,North,Completed
ORD09729,2025-08-18,CUST0609,P0012,2,0.1,4072.78,2687.49,7331.0,1956.02,North,Completed
ORD00322,2025-08-18,CUST0090,P0043,3,0.0,528.82,390.77,1586.46,414.15,East,Completed
ORD04519,2025-08-18,CUST0566,P0174,1,0.1,46343.47,28863.63,41709.12,12845.49,North,Completed
ORD08628,2025-08-18,CUST0993,P0176,3,0.15,9388.62,6512.18,23940.98,4404.44,South,Completed
ORD05768,2025-08-18,CUST0650,P0145,1,0.05,360.46,274.8,342.44,67.64,South,Completed
ORD07795,2025-08-18,CUST0695,P0170,1,0.1,750.66,462.97,675.59,212.62,North,Completed
ORD07926,2025-08-18,CUST0955,P0122,2,0.05,17942.76,13133.8,34091.24,7823.64,East,Completed
ORD01302,2025-08-18,CUST0681,P0107,2,0.0,72638.94,50890.24,145277.88,43497.4,North,Completed
ORD04541,2025-08-18,CUST0126,P0036,3,0.05,1008.83,797.09,2875.17,483.9,West,Completed
ORD02007,2025-08-18,CUST0813,P0101,3,0.1,51632.3,38843.18,139407.21,22877.67,East,Completed
ORD05444,2025-08-18,CUST0271,P0196,2,0.1,385.78,231.62,694.4,231.16,East,Completed
ORD04061,2025-08-19,CUST0163,P0164,1,0.15,8324.94,6438.05,7076.2,638.15,East,Completed
ORD00407,2025-08-19,CUST0468,P0142,2,0.0,4782.08,3282.92,9564.16,2998.32,North,Completed
ORD08035,2025-08-19,CUST0491,P0100,1,0.15,36262.87,22462.27,30823.44,8361.17,North,Pending
ORD06753,2025-08-19,CUST0844,P0192,3,0.05,20821.66,13717.57,59341.73,18189.02,West,Completed
ORD00848,2025-08-19,CUST0906,P0189,2,0.15,38312.77,25713.12,65131.71,13705.47,South,Completed
ORD04407,2025-08-19,CUST0476,P0113,1,0.15,26426.25,19479.69,22462.31,2982.62,South,Cancelled
ORD07080,2025-08-19,CUST0551,P0007,2,0.05,8223.62,4942.96,15624.88,5738.96,North,Completed
ORD03901,2025-08-19,CUST0221,P0179,3,0.0,12818.17,8758.44,38454.51,12179.19,West,Completed
ORD00979,2025-08-19,CUST0442,P0070,2,0.1,56679.56,41863.05,102023.21,18297.11,South,Completed
ORD07505,2025-08-19,CUST0371,P0083,1,0.1,374.27,289.15,336.84,47.69,North,Completed
ORD04928,2025-08-19,CUST0513,P0046,1,0.1,61902.8,37121.36,55712.52,18591.16,North,Cancelled
ORD03980,2025-08-19,CUST0054,P0070,1,0.0,56679.56,41863.05,56679.56,14816.51,East,Completed
ORD06693,2025-08-19,CUST0164,P0170,1,0.05,750.66,462.97,713.13,250.16,East,Completed
ORD03482,2025-08-19,CUST0846,P0176,2,0.05,9388.62,6512.18,17838.38,4814.02,West,Cancelled
ORD00257,2025-08-20,CUST0377,P0134,2,0.05,34117.69,25387.96,64823.61,14047.69,South,Completed
ORD08613,2025-08-20,CUST0521,P0136,1,0.1,3029.54,2200.52,2726.59,526.07,North,Completed
ORD02227,2025-08-20,CUST0796,P0192,1,0.05,20821.66,13717.57,19780.58,6063.01,South,Completed
ORD09014,2025-08-20,CUST0470,P0100,2,0.05,36262.87,22462.27,68899.45,23974.91,West,Completed
ORD03125,2025-08-20,CUST0790,P0135,1,0.0,644.55,462.91,644.55,181.64,South,Completed
ORD08886,2025-08-20,CUST0999,P0179,1,0.1,12818.17,8758.44,11536.35,2777.91,North,Pending
ORD06345,2025-08-20,CUST0666,P0107,2,0.1,72638.94,50890.24,130750.09,28969.61,North,Completed
ORD06798,2025-08-20,CUST0232,P0145,1,0.05,360.46,274.8,342.44,67.64,East,Completed
ORD08122,2025-08-20,CUST0851,P0057,2,0.1,911.67,722.71,1641.01,195.59,West,Completed
ORD08999,2025-08-20,CUST0842,P0156,1,0.0,44665.09,34536.09,44665.09,10129.0,North,Completed
ORD03988,2025-08-20,CUST0522,P0029,2,0.1,1310.65,844.84,2359.17,669.49,East,Completed
ORD06427,2025-08-20,CUST0256,P0087,3,0.1,11879.48,8267.83,32074.6,7271.11,North,Completed
ORD02344,2025-08-20,CUST0822,P0177,3,0.1,783.92,493.62,2116.58,635.72,North,Completed
ORD09212,2025-08-20,CUST0498,P0148,3,0.0,15484.78,9786.06,46454.34,17096.16,West,Completed
ORD00409,2025-08-20,CUST0019,P0152,2,0.1,5896.48,4498.55,10613.66,1616.56,West,Completed
ORD03452,2025-08-20,CUST0330,P0005,3,0.05,759.62,541.79,2164.92,539.55,West,Completed
ORD04105,2025-08-21,CUST0590,P0083,3,0.15,374.27,289.15,954.39,86.94,North,Completed
ORD08901,2025-08-21,CUST0757,P0078,1,0.1,66750.32,43644.61,60075.29,16430.68,West,Completed
ORD09921,2025-08-21,CUST0868,P0117,1,0.0,62915.52,50890.59,62915.52,12024.93,South,Completed
ORD07258,2025-08-21,CUST0940,P0077,3,0.05,50047.7,37709.36,142635.94,29507.86,West,Completed
ORD06568,2025-08-21,CUST0186,P0085,1,0.05,73872.61,56554.21,70178.98,13624.77,North,Completed
ORD07446,2025-08-21,CUST0843,P0021,3,0.0,6878.25,5112.71,20634.75,5296.62,East,Completed
ORD04096,2025-08-21,CUST0637,P0149,2,0.05,2427.19,1691.68,4611.66,1228.3,North,Completed
ORD06777,2025-08-21,CUST0425,P0154,3,0.05,693.93,462.98,1977.7,588.76,West,Completed
ORD00854,2025-08-21,CUST0543,P0189,4,0.15,38312.77,25713.12,130263.42,27410.94,East,Completed
ORD05809,2025-08-21,CUST0012,P0104,1,0.0,22437.82,18159.1,22437.82,4278.72,East,Completed
ORD04435,2025-08-21,CUST0820,P0004,1,0.05,20696.25,15931.27,19661.44,3730.17,West,Completed
ORD08498,2025-08-21,CUST0126,P0176,1,0.2,9388.62,6512.18,7510.9,998.72,West,Completed
ORD07908,2025-08-21,CUST0633,P0024,2,0.0,792.84,470.21,1585.68,645.26,West,Completed
ORD01513,2025-08-21,CUST0871,P0128,3,0.1,7160.91,4568.96,19334.46,5627.58,East,Completed
ORD08987,2025-08-21,CUST0280,P0049,1,0.1,56396.41,44202.58,50756.77,6554.19,South,Completed
ORD06715,2025-08-21,CUST0095,P0137,2,0.15,3327.18,2091.19,5656.21,1473.83,West,Completed
ORD08220,2025-08-22,CUST0688,P0059,2,0.05,1247.06,804.27,2369.41,760.87,West,Completed
ORD02261,2025-08-22,CUST0190,P0167,2,0.15,7469.0,4701.25,12697.3,3294.8,North,Completed
ORD07145,2025-08-22,CUST0799,P0102,2,0.1,4149.23,2427.22,7468.61,2614.17,East,Completed
ORD03027,2025-08-22,CUST0665,P0001,1,0.05,796.95,617.19,757.1,139.91,West,Completed
ORD06637,2025-08-22,CUST0215,P0062,1,0.1,7214.7,5874.11,6493.23,619.12,North,Completed
ORD07663,2025-08-22,CUST0768,P0160,4,0.1,680.29,502.6,2449.04,438.64,East,Completed
ORD02165,2025-08-22,CUST0518,P0072,1,0.2,28334.52,18780.23,22667.62,3887.39,North,Cancelled
ORD01149,2025-08-22,CUST0283,P0188,1,0.1,5272.37,3130.49,4745.13,1614.64,East,Completed
ORD01551,2025-08-22,CUST0552,P0191,3,0.0,8442.75,6441.23,25328.25,6004.56,East,Completed
ORD06178,2025-08-22,CUST0059,P0087,3,0.05,11879.48,8267.83,33856.52,9053.03,West,Completed
ORD08524,2025-08-23,CUST0839,P0092,1,0.15,41737.72,32410.53,35477.06,3066.53,North,Completed
ORD07414,2025-08-23,CUST0732,P0055,2,0.1,6422.29,4812.56,11560.12,1935.0,East,Completed
ORD01309,2025-08-23,CUST0812,P0079,5,0.15,409.51,310.64,1740.42,187.22,North,Completed
ORD08363,2025-08-23,CUST0898,P0139,1,0.05,26827.4,18117.75,25486.03,7368.28,South,Completed
ORD07796,2025-08-23,CUST0875,P0090,4,0.15,446.05,334.33,1516.57,179.25,South,Completed
ORD02124,2025-08-23,CUST0952,P0008,2,0.1,68633.55,51583.32,123540.39,20373.75,East,Completed
ORD02578,2025-08-23,CUST0579,P0176,4,0.1,9388.62,6512.18,33799.03,7750.31,North,Completed
ORD02400,2025-08-23,CUST0754,P0141,2,0.1,1748.75,1100.65,3147.75,946.45,South,Completed
ORD00170,2025-08-23,CUST0655,P0026,4,0.0,53440.86,40308.66,213763.44,52528.8,West,Completed
ORD08931,2025-08-23,CUST0688,P0126,2,0.2,41856.24,33581.85,66969.98,-193.72,West,Completed
ORD01437,2025-08-23,CUST0638,P0190,2,0.1,2296.71,1653.27,4134.08,827.54,West,Completed
ORD06240,2025-08-23,CUST0520,P0038,1,0.0,25137.53,20080.78,25137.53,5056.75,East,Completed
ORD03085,2025-08-23,CUST0604,P0156,3,0.0,44665.09,34536.09,133995.27,30387.0,South,Completed
ORD07607,2025-08-23,CUST0226,P0189,3,0.1,38312.77,25713.12,103444.48,26305.12,East,Cancelled
ORD05454,2025-08-23,CUST0845,P0048,5,0.0,1114.29,876.19,5571.45,1190.5,West,Completed
ORD06793,2025-08-24,CUST0709,P0062,1,0.1,7214.7,5874.11,6493.23,619.12,North,Completed
ORD08761,2025-08-24,CUST0979,P0170,3,0.2,750.66,462.97,1801.58,412.67,East,Completed
ORD01300,2025-08-24,CUST0434,P0146,4,0.0,11482.27,8693.26,45929.08,11156.04,East,Completed
ORD04481,2025-08-24,CUST0668,P0082,1,0.05,14583.87,9123.23,13854.68,4731.45,West,Completed
ORD03115,2025-08-24,CUST0898,P0027,1,0.1,20926.64,14284.36,18833.98,4549.62,South,Completed
ORD09652,2025-08-24,CUST0953,P0150,1,0.05,53462.03,36715.83,50788.93,14073.1,North,Completed
ORD02252,2025-08-24,CUST0282,P0149,2,0.0,2427.19,1691.68,4854.38,1471.02,West,Cancelled
ORD07293,2025-08-24,CUST0468,P0084,1,0.0,52737.3,39276.81,52737.3,13460.49,North,Completed
ORD03132,2025-08-24,CUST0792,P0013,1,0.15,8923.66,6594.73,7585.11,990.38,East,Completed
ORD00479,2025-08-24,CUST0897,P0027,3,0.05,20926.64,14284.36,59640.92,16787.84,North,Completed
ORD06315,2025-08-24,CUST0893,P0026,2,0.1,53440.86,40308.66,96193.55,15576.23,North,Completed
ORD06757,2025-08-24,CUST0549,P0099,2,0.0,908.9,743.94,1817.8,329.92,South,Completed
ORD03589,2025-08-25,CUST0223,P0131,2,0.05,896.08,597.69,1702.55,507.17,South,Completed
ORD01577,2025-08-25,CUST0645,P0176,3,0.1,9388.62,6512.18,25349.27,5812.73,North,Completed
ORD07260,2025-08-25,CUST0874,P0007,2,0.0,8223.62,4942.96,16447.24,6561.32,North,Completed
ORD03554,2025-08-25,CUST0270,P0143,2,0.05,56727.96,35563.32,107783.12,36656.48,West,Completed
ORD00431,2025-08-25,CUST0522,P0169,3,0.1,12339.56,8305.1,33316.81,8401.51,East,Completed
ORD01923,2025-08-25,CUST0977,P0018,1,0.0,4596.19,2818.15,4596.19,1778.04,East,Cancelled
ORD00985,2025-08-25,CUST0735,P0031,1,0.1,12553.48,9544.5,11298.13,1753.63,West,Pending
ORD08749,2025-08-25,CUST0944,P0195,1,0.1,15240.21,11813.53,13716.19,1902.66,East,Completed
ORD02235,2025-08-25,CUST0618,P0183,1,0.0,66902.29,49511.88,66902.29,17390.41,South,Completed
ORD03946,2025-08-25,CUST0011,P0032,2,0.15,39614.35,24714.41,67344.39,17915.57,North,Completed
ORD05740,2025-08-25,CUST0273,P0064,2,0.1,20038.07,13846.76,36068.53,8375.01,East,Completed
ORD00373,2025-08-26,CUST0503,P0109,5,0.05,17118.52,11998.2,81312.97,21321.97,South,Cancelled
ORD08357,2025-08-26,CUST0901,P0088,2,0.05,58121.47,37608.48,110430.79,35213.83,North,Completed
ORD02847,2025-08-26,CUST0593,P0007,1,0.15,8223.62,4942.96,6990.08,2047.12,East,Completed
ORD08583,2025-08-26,CUST0377,P0056,4,0.05,312.97,191.98,1189.29,421.37,South,Completed
ORD02938,2025-08-26,CUST0270,P0043,2,0.0,528.82,390.77,1057.64,276.1,West,Completed
ORD09406,2025-08-26,CUST0083,P0128,1,0.05,7160.91,4568.96,6802.86,2233.9,North,Completed
ORD07734,2025-08-26,CUST0403,P0162,3,0.0,46811.03,27452.25,140433.09,58076.34,South,Completed
ORD03473,2025-08-26,CUST0878,P0194,1,0.15,13118.34,8489.04,11150.59,2661.55,North,Completed
ORD05152,2025-08-26,CUST0782,P0078,3,0.1,66750.32,43644.61,180225.86,49292.03,West,Completed
ORD05966,2025-08-26,CUST0409,P0069,1,0.15,196.15,126.8,166.73,39.93,East,Completed
ORD05367,2025-08-26,CUST0225,P0034,4,0.2,143.7,100.11,459.84,59.4,East,Completed
ORD04751,2025-08-26,CUST0463,P0070,1,0.15,56679.56,41863.05,48177.63,6314.58,South,Completed
ORD00537,2025-08-26,CUST0201,P0156,4,0.1,44665.09,34536.09,160794.32,22649.96,West,Cancelled
ORD09482,2025-08-26,CUST0791,P0086,3,0.0,519.82,398.56,1559.46,363.78,East,Completed
ORD06641,2025-08-26,CUST0497,P0075,4,0.1,6740.18,4364.5,24264.65,6806.65,East,Completed
ORD06659,2025-08-27,CUST0018,P0090,3,0.05,446.05,334.33,1271.24,268.25,West,Completed
ORD03648,2025-08-27,CUST0275,P0020,2,0.15,14020.39,10682.55,23834.66,2469.56,East,Completed
ORD09184,2025-08-27,CUST0458,P0152,1,0.1,5896.48,4498.55,5306.83,808.28,West,Completed
ORD07864,2025-08-27,CUST0118,P0158,1,0.15,33125.35,22293.09,28156.55,5863.46,North,Completed
ORD03737,2025-08-27,CUST0313,P0072,2,0.05,28334.52,18780.23,53835.59,16275.13,North,Completed
ORD07003,2025-08-27,CUST0149,P0165,1,0.05,728.57,514.38,692.14,177.76,West,Completed
ORD00144,2025-08-27,CUST0639,P0148,3,0.1,15484.78,9786.06,41808.91,12450.73,East,Completed
ORD00315,2025-08-27,CUST0859,P0097,2,0.1,11100.34,7751.47,19980.61,4477.67,South,Completed
ORD09307,2025-08-27,CUST0079,P0030,2,0.1,23508.75,18216.9,42315.75,5881.95,North,Completed
ORD06981,2025-08-27,CUST0655,P0085,1,0.0,73872.61,56554.21,73872.61,17318.4,West,Completed
ORD08166,2025-08-27,CUST0236,P0157,2,0.15,1290.11,764.14,2193.19,664.91,West,Cancelled
ORD03362,2025-08-27,CUST0545,P0150,1,0.05,53462.03,36715.83,50788.93,14073.1,West,Completed
ORD02009,2025-08-27,CUST0943,P0068,3,0.15,41326.98,32432.51,105383.8,8086.27,East,Completed
ORD01363,2025-08-28,CUST0171,P0118,2,0.1,36939.5,23012.67,66491.1,20465.76,South,Completed
ORD05346,2025-08-28,CUST0425,P0051,3,0.0,57445.48,35926.8,172336.44,64556.04,West,Completed
ORD07580,2025-08-28,CUST0483,P0143,2,0.1,56727.96,35563.32,102110.33,30983.69,North,Completed
ORD04157,2025-08-28,CUST0503,P0049,2,0.15,56396.41,44202.58,95873.9,7468.74,South,Completed
ORD03453,2025-08-28,CUST0558,P0125,2,0.0,3155.85,2083.96,6311.7,2143.78,East,Pending
ORD00182,2025-08-28,CUST0740,P0159,1,0.1,54205.42,36083.24,48784.88,12701.64,East,Completed
ORD08196,2025-08-28,CUST0542,P0027,4,0.1,20926.64,14284.36,75335.9,18198.46,South,Completed
ORD02372,2025-08-28,CUST0749,P0154,2,0.05,693.93,462.98,1318.47,392.51,West,Cancelled
ORD08823,2025-08-28,CUST0055,P0101,4,0.1,51632.3,38843.18,185876.28,30503.56,East,Completed
ORD05558,2025-08-28,CUST0696,P0073,5,0.05,15561.42,10813.46,73916.74,19849.44,West,Completed
ORD08048,2025-08-28,CUST0515,P0111,1,0.1,32818.12,23699.05,29536.31,5837.26,West,Completed
ORD03137,2025-08-28,CUST0024,P0038,4,0.1,25137.53,20080.78,90495.11,10171.99,East,Completed
ORD09688,2025-08-28,CUST0395,P0188,1,0.05,5272.37,3130.49,5008.75,1878.26,North,Completed
ORD06908,2025-08-28,CUST0693,P0103,4,0.05,585.19,454.75,2223.72,404.72,East,Completed
ORD09892,2025-08-28,CUST0277,P0187,2,0.0,184.91,120.68,369.82,128.46,West,Completed
ORD02566,2025-08-28,CUST0389,P0070,1,0.1,56679.56,41863.05,51011.6,9148.55,East,Completed
ORD00343,2025-08-28,CUST0927,P0085,2,0.15,73872.61,56554.21,125583.44,12475.02,South,Completed
ORD00960,2025-08-28,CUST0560,P0063,1,0.0,12786.65,8472.2,12786.65,4314.45,West,Completed
ORD05512,2025-08-28,CUST0207,P0075,2,0.1,6740.18,4364.5,12132.32,3403.32,South,Completed
ORD09299,2025-08-29,CUST0071,P0103,1,0.0,585.19,454.75,585.19,130.44,West,Completed
ORD01297,2025-08-29,CUST0692,P0067,1,0.1,5933.02,4559.02,5339.72,780.7,North,Completed
ORD03436,2025-08-29,CUST0350,P0032,2,0.15,39614.35,24714.41,67344.39,17915.57,North,Completed
ORD08150,2025-08-29,CUST0084,P0161,3,0.1,36827.84,23163.81,99435.17,29943.74,West,Completed
ORD00489,2025-08-29,CUST0983,P0107,3,0.1,72638.94,50890.24,196125.14,43454.42,South,Completed
ORD00574,2025-08-29,CUST0998,P0166,1,0.05,47059.67,34982.34,44706.69,9724.35,South,Completed
ORD02738,2025-08-29,CUST0703,P0034,1,0.15,143.7,100.11,122.14,22.03,North,Completed
ORD03290,2025-08-29,CUST0215,P0010,1,0.15,16072.59,10816.67,13661.7,2845.03,North,Completed
ORD09735,2025-08-29,CUST0189,P0042,1,0.05,10683.47,6548.45,10149.3,3600.85,North,Completed
ORD06188,2025-08-29,CUST0583,P0028,3,0.05,1126.53,825.36,3210.61,734.53,North,Completed
ORD08917,2025-08-29,CUST0380,P0040,2,0.1,568.55,361.32,1023.39,300.75,East,Completed
ORD07882,2025-08-29,CUST0628,P0119,2,0.15,11965.18,9132.35,20340.81,2076.11,North,Completed
ORD09323,2025-08-29,CUST0961,P0062,3,0.1,7214.7,5874.11,19479.69,1857.36,North,Cancelled
ORD02271,2025-08-29,CUST0978,P0191,2,0.1,8442.75,6441.23,15196.95,2314.49,East,Cancelled
ORD03880,2025-08-29,CUST0147,P0061,1,0.15,49224.25,33194.34,41840.61,8646.27,East,Completed
ORD00425,2025-08-30,CUST0297,P0094,1,0.1,77812.86,47690.34,70031.57,22341.23,West,Completed
ORD09196,2025-08-30,CUST0652,P0070,1,0.15,56679.56,41863.05,48177.63,6314.58,North,Completed
ORD01489,2025-08-30,CUST0286,P0134,4,0.2,34117.69,25387.96,109176.61,7624.77,South,Completed
ORD01220,2025-08-30,CUST0243,P0187,1,0.1,184.91,120.68,166.42,45.74,North,Completed
ORD04936,2025-08-30,CUST0786,P0112,3,0.0,20043.19,13117.75,60129.57,20776.32,South,Completed
ORD04461,2025-08-30,CUST0814,P0021,2,0.1,6878.25,5112.71,12380.85,2155.43,East,Completed
ORD02726,2025-08-30,CUST0867,P0149,1,0.05,2427.19,1691.68,2305.83,614.15,West,Completed
ORD03133,2025-08-30,CUST0270,P0016,1,0.05,20196.29,11952.43,19186.48,7234.05,West,Completed
ORD05046,2025-08-30,CUST0480,P0064,2,0.0,20038.07,13846.76,40076.14,12382.62,West,Completed
ORD07070,2025-08-30,CUST0401,P0071,1,0.15,35759.59,27998.22,30395.65,2397.43,North,Completed
ORD07425,2025-08-30,CUST0508,P0090,1,0.0,446.05,334.33,446.05,111.72,West,Completed
ORD05783,2025-08-30,CUST0162,P0075,2,0.1,6740.18,4364.5,12132.32,3403.32,West,Completed
ORD06565,2025-08-30,CUST0623,P0069,2,0.0,196.15,126.8,392.3,138.7,West,Completed
ORD05405,2025-08-30,CUST0900,P0187,1,0.05,184.91,120.68,175.66,54.98,South,Completed
ORD04179,2025-08-30,CUST0887,P0118,4,0.2,36939.5,23012.67,118206.4,26155.72,North,Completed
ORD02223,2025-08-30,CUST0675,P0015,2,0.1,18890.43,14292.88,34002.77,5417.01,North,Completed
ORD08159,2025-08-30,CUST0134,P0076,1,0.0,20055.1,12211.29,20055.1,7843.81,East,Completed
ORD01596,2025-08-30,CUST0117,P0018,1,0.2,4596.19,2818.15,3676.95,858.8,South,Completed
ORD07810,2025-08-30,CUST0046,P0077,2,0.2,50047.7,37709.36,80076.32,4657.6,North,Completed
ORD06874,2025-08-30,CUST0479,P0006,1,0.1,51610.25,30768.51,46449.22,15680.71,North,Completed
ORD04663,2025-08-30,CUST0759,P0068,1,0.1,41326.98,32432.51,37194.28,4761.77,West,Completed
ORD08428,2025-08-31,CUST0551,P0140,2,0.1,12142.58,7367.6,21856.64,7121.44,North,Completed
ORD05866,2025-08-31,CUST0528,P0190,2,0.05,2296.71,1653.27,4363.75,1057.21,South,Completed
ORD09394,2025-08-31,CUST0654,P0096,2,0.0,22714.55,15565.72,45429.1,14297.66,South,Completed
ORD03507,2025-08-31,CUST0345,P0036,2,0.0,1008.83,797.09,2017.66,423.48,North,Completed
ORD02221,2025-08-31,CUST0470,P0150,1,0.1,53462.03,36715.83,48115.83,11400.0,West,Completed
ORD09021,2025-08-31,CUST0507,P0096,1,0.05,22714.55,15565.72,21578.82,6013.1,North,Pending
ORD09047,2025-08-31,CUST0986,P0077,1,0.0,50047.7,37709.36,50047.7,12338.34,South,Completed
ORD08014,2025-08-31,CUST0275,P0073,1,0.05,15561.42,10813.46,14783.35,3969.89,East,Completed
ORD04489,2025-08-31,CUST0680,P0117,5,0.05,62915.52,50890.59,298848.72,44395.77,South,Completed
ORD05724,2025-08-31,CUST0194,P0186,2,0.0,36288.91,28203.52,72577.82,16170.78,South,Completed
ORD00898,2025-08-31,CUST0133,P0157,2,0.1,1290.11,764.14,2322.2,793.92,South,Pending
ORD03242,2025-08-31,CUST0381,P0068,3,0.1,41326.98,32432.51,111582.85,14285.32,North,Completed
ORD05810,2025-09-01,CUST0263,P0143,1,0.15,56727.96,35563.32,48218.77,12655.45,North,Completed
ORD07784,2025-09-01,CUST0822,P0184,1,0.15,20719.38,13335.4,17611.47,4276.07,North,Completed
ORD01754,2025-09-01,CUST0379,P0054,2,0.05,34828.61,21081.63,66174.36,24011.1,North,Completed
ORD04908,2025-09-01,CUST0059,P0125,4,0.05,3155.85,2083.96,11992.23,3656.39,West,Cancelled
ORD09667,2025-09-01,CUST0595,P0173,3,0.0,4259.82,3133.66,12779.46,3378.48,East,Completed
ORD03366,2025-09-01,CUST0266,P0101,1,0.0,51632.3,38843.18,51632.3,12789.12,East,Completed
ORD01392,2025-09-01,CUST0441,P0053,2,0.1,422.63,329.18,760.73,102.37,South,Completed
ORD04702,2025-09-01,CUST0717,P0058,5,0.0,7347.4,4878.31,36737.0,12345.45,South,Completed
ORD01037,2025-09-01,CUST0389,P0007,1,0.1,8223.62,4942.96,7401.26,2458.3,East,Pending
ORD00749,2025-09-01,CUST0269,P0007,3,0.05,8223.62,4942.96,23437.32,8608.44,East,Completed
ORD08269,2025-09-01,CUST0174,P0018,4,0.05,4596.19,2818.15,17465.52,6192.92,South,Completed
ORD08911,2025-09-01,CUST0062,P0044,1,0.1,59463.82,38619.72,53517.44,14897.72,East,Completed
ORD00064,2025-09-01,CUST0258,P0066,2,0.0,15521.48,11472.78,31042.96,8097.4,North,Completed
ORD09982,2025-09-01,CUST0379,P0124,4,0.0,38907.93,29071.02,155631.72,39347.64,North,Cancelled
ORD00795,2025-09-01,CUST0744,P0086,2,0.0,519.82,398.56,1039.64,242.52,North,Completed
ORD00906,2025-09-01,CUST0755,P0053,2,0.0,422.63,329.18,845.26,186.9,East,Completed
ORD09574,2025-09-02,CUST0919,P0037,4,0.05,58358.81,45854.58,221763.48,38345.16,East,Completed
ORD06918,2025-09-02,CUST0918,P0132,2,0.1,235.21,163.03,423.38,97.32,West,Completed
ORD00761,2025-09-02,CUST0992,P0017,2,0.05,17284.69,10596.05,32840.91,11648.81,East,Completed
ORD03272,2025-09-02,CUST0999,P0103,2,0.1,585.19,454.75,1053.34,143.84,North,Completed
ORD07985,2025-09-02,CUST0873,P0079,1,0.1,409.51,310.64,368.56,57.92,South,Completed
ORD02273,2025-09-02,CUST0112,P0164,1,0.0,8324.94,6438.05,8324.94,1886.89,North,Completed
ORD03292,2025-09-02,CUST0568,P0047,2,0.05,1004.63,793.19,1908.8,322.42,West,Completed
ORD06649,2025-09-02,CUST0231,P0192,1,0.2,20821.66,13717.57,16657.33,2939.76,South,Completed
ORD06388,2025-09-02,CUST0170,P0167,1,0.15,7469.0,4701.25,6348.65,1647.4,West,Completed
ORD09786,2025-09-02,CUST0272,P0006,3,0.1,51610.25,30768.51,139347.68,47042.15,South,Cancelled
ORD07705,2025-09-02,CUST0496,P0118,2,0.05,36939.5,23012.67,70185.05,24159.71,North,Completed
ORD09843,2025-09-02,CUST0878,P0030,2,0.1,23508.75,18216.9,42315.75,5881.95,North,Completed
ORD02373,2025-09-02,CUST0915,P0057,3,0.0,911.67,722.71,2735.01,566.88,East,Completed
ORD09063,2025-09-03,CUST0334,P0053,1,0.05,422.63,329.18,401.5,72.32,East,Completed
ORD04101,2025-09-03,CUST0309,P0051,2,0.1,57445.48,35926.8,103401.86,31548.26,South,Completed
ORD00318,2025-09-03,CUST0686,P0127,2,0.1,37425.34,27064.21,67365.61,13237.19,North,Completed
ORD08579,2025-09-03,CUST0754,P0108,1,0.0,673.74,534.39,673.74,139.35,South,Completed
ORD08203,2025-09-03,CUST0729,P0008,1,0.05,68633.55,51583.32,65201.87,13618.55,South,Completed
ORD08342,2025-09-03,CUST0306,P0067,1,0.05,5933.02,4559.02,5636.37,1077.35,East,Completed
ORD06310,2025-09-03,CUST0037,P0049,1,0.05,56396.41,44202.58,53576.59,9374.01,East,Completed
ORD09694,2025-09-03,CUST0021,P0046,2,0.0,61902.8,37121.36,123805.6,49562.88,North,Completed
ORD01793,2025-09-03,CUST0956,P0113,1,0.2,26426.25,19479.69,21141.0,1661.31,West,Completed
ORD09106,2025-09-03,CUST0307,P0037,2,0.15,58358.81,45854.58,99209.98,7500.82,West,Completed
ORD03598,2025-09-03,CUST0499,P0118,1,0.1,36939.5,23012.67,33245.55,10232.88,West,Completed
ORD09104,2025-09-03,CUST0006,P0038,2,0.1,25137.53,20080.78,45247.55,5085.99,South,Completed
ORD02590,2025-09-03,CUST0289,P0165,1,0.0,728.57,514.38,728.57,214.19,West,Completed
ORD08359,2025-09-03,CUST0864,P0055,2,0.05,6422.29,4812.56,12202.35,2577.23,South,Completed
ORD00541,2025-09-04,CUST0275,P0040,3,0.2,568.55,361.32,1364.52,280.56,East,Completed
ORD09244,2025-09-04,CUST0373,P0198,1,0.0,715.13,510.57,715.13,204.56,North,Pending
ORD07085,2025-09-04,CUST0296,P0074,4,0.1,40981.75,23771.65,147534.3,52447.7,South,Completed
ORD03024,2025-09-04,CUST0022,P0018,1,0.15,4596.19,2818.15,3906.76,1088.61,West,Completed
ORD04706,2025-09-04,CUST0074,P0154,1,0.1,693.93,462.98,624.54,161.56,South,Completed
ORD08008,2025-09-04,CUST0805,P0190,3,0.0,2296.71,1653.27,6890.13,1930.32,West,Cancelled
ORD00849,2025-09-04,CUST0874,P0020,2,0.1,14020.39,10682.55,25236.7,3871.6,North,Completed
ORD08097,2025-09-04,CUST0369,P0175,1,0.0,791.76,614.23,791.76,177.53,West,Completed
ORD08398,2025-09-04,CUST0841,P0036,4,0.0,1008.83,797.09,4035.32,846.96,East,Completed
ORD00068,2025-09-04,CUST0229,P0038,1,0.0,25137.53,20080.78,25137.53,5056.75,West,Completed
ORD03415,2025-09-04,CUST0293,P0059,4,0.15,1247.06,804.27,4240.0,1022.92,West,Completed
ORD09031,2025-09-05,CUST0795,P0004,1,0.1,20696.25,15931.27,18626.62,2695.35,North,Completed
ORD00300,2025-09-05,CUST0028,P0147,3,0.1,22737.01,13458.16,61389.93,21015.45,West,Completed
ORD07710,2025-09-05,CUST0315,P0091,1,0.0,49350.46,32483.04,49350.46,16867.42,East,Completed
ORD08421,2025-09-05,CUST0910,P0070,1,0.1,56679.56,41863.05,51011.6,9148.55,North,Completed
ORD07656,2025-09-05,CUST0201,P0115,2,0.1,9526.21,7338.52,17147.18,2470.14,West,Completed
ORD07277,2025-09-05,CUST0739,P0168,1,0.0,1780.85,1042.33,1780.85,738.52,North,Completed
ORD08288,2025-09-05,CUST0417,P0016,2,0.0,20196.29,11952.43,40392.58,16487.72,North,Completed
ORD04483,2025-09-05,CUST0428,P0122,1,0.1,17942.76,13133.8,16148.48,3014.68,East,Completed
ORD06489,2025-09-06,CUST0734,P0130,2,0.1,58219.77,46803.43,104795.59,11188.73,South,Completed
ORD09964,2025-09-06,CUST0469,P0058,1,0.05,7347.4,4878.31,6980.03,2101.72,South,Completed
ORD09310,2025-09-06,CUST0842,P0032,1,0.1,39614.35,24714.41,35652.92,10938.51,North,Completed
ORD03673,2025-09-06,CUST0152,P0170,1,0.0,750.66,462.97,750.66,287.69,South,Completed
ORD09733,2025-09-06,CUST0008,P0006,3,0.1,51610.25,30768.51,139347.68,47042.15,West,Completed
ORD09457,2025-09-06,CUST0540,P0090,1,0.0,446.05,334.33,446.05,111.72,West,Completed
ORD09087,2025-09-06,CUST0046,P0016,4,0.0,20196.29,11952.43,80785.16,32975.44,North,Completed
ORD00259,2025-09-06,CUST0678,P0084,3,0.05,52737.3,39276.81,150301.31,32470.88,East,Completed
ORD08068,2025-09-07,CUST0512,P0036,2,0.1,1008.83,797.09,1815.89,221.71,South,Completed
ORD09154,2025-09-07,CUST0324,P0046,1,0.05,61902.8,37121.36,58807.66,21686.3,East,Completed
ORD01217,2025-09-07,CUST0016,P0075,1,0.05,6740.18,4364.5,6403.17,2038.67,West,Completed
ORD02916,2025-09-07,CUST0657,P0172,2,0.05,53066.45,36105.87,100826.25,28614.51,South,Completed
ORD07181,2025-09-07,CUST0803,P0151,1,0.0,5830.9,4665.5,5830.9,1165.4,East,Completed
ORD04298,2025-09-07,CUST0859,P0200,1,0.05,37954.59,28614.99,36056.86,7441.87,South,Completed
ORD02512,2025-09-07,CUST0007,P0116,2,0.05,41570.44,24508.05,78983.84,29967.74,South,Completed
ORD06268,2025-09-07,CUST0029,P0145,3,0.15,360.46,274.8,919.17,94.77,North,Completed
ORD00441,2025-09-07,CUST0881,P0010,3,0.05,16072.59,10816.67,45806.88,13356.87,East,Completed
ORD02430,2025-09-07,CUST0895,P0191,1,0.05,8442.75,6441.23,8020.61,1579.38,East,Cancelled
ORD01349,2025-09-07,CUST0388,P0187,4,0.1,184.91,120.68,665.68,182.96,East,Completed
ORD05248,2025-09-07,CUST0164,P0036,3,0.05,1008.83,797.09,2875.17,483.9,East,Completed
ORD07353,2025-09-07,CUST0829,P0146,1,0.0,11482.27,8693.26,11482.27,2789.01,North,Completed
ORD03327,2025-09-07,CUST0028,P0117,1,0.05,62915.52,50890.59,59769.74,8879.15,West,Completed
ORD01829,2025-09-08,CUST0773,P0076,2,0.15,20055.1,12211.29,34093.67,9671.09,East,Completed
ORD01204,2025-09-08,CUST0813,P0011,2,0.1,50761.69,39171.65,91371.04,13027.74,East,Completed
ORD03039,2025-09-08,CUST0739,P0042,2,0.0,10683.47,6548.45,21366.94,8270.04,North,Completed
ORD07124,2025-09-08,CUST0482,P0023,1,0.05,29957.89,23747.89,28460.0,4712.11,East,Completed
ORD02360,2025-09-08,CUST0236,P0009,2,0.0,724.93,490.11,1449.86,469.64,West,Completed
ORD03924,2025-09-08,CUST0321,P0128,1,0.0,7160.91,4568.96,7160.91,2591.95,East,Cancelled
ORD06101,2025-09-08,CUST0122,P0021,1,0.15,6878.25,5112.71,5846.51,733.8,East,Completed
ORD07130,2025-09-08,CUST0915,P0160,3,0.1,680.29,502.6,1836.78,328.98,East,Completed
ORD06038,2025-09-08,CUST0034,P0026,2,0.05,53440.86,40308.66,101537.63,20920.31,North,Cancelled
ORD05687,2025-09-08,CUST0889,P0119,2,0.05,11965.18,9132.35,22733.84,4469.14,West,Completed
ORD01380,2025-09-08,CUST0462,P0034,1,0.1,143.7,100.11,129.33,29.22,North,Completed
ORD08162,2025-09-08,CUST0864,P0176,3,0.05,9388.62,6512.18,26757.57,7221.03,South,Cancelled
ORD07661,2025-09-08,CUST0011,P0018,1,0.1,4596.19,2818.15,4136.57,1318.42,North,Completed
ORD07773,2025-09-08,CUST0736,P0111,5,0.15,32818.12,23699.05,139477.01,20981.76,West,Completed
ORD04293,2025-09-08,CUST0568,P0025,1,0.1,49570.32,37427.29,44613.29,7186.0,West,Completed
ORD03799,2025-09-08,CUST0329,P0131,2,0.1,896.08,597.69,1612.94,417.56,North,Completed
ORD04505,2025-09-08,CUST0638,P0180,1,0.05,23838.69,16889.32,22646.76,5757.44,West,Completed
ORD04562,2025-09-08,CUST0566,P0034,1,0.0,143.7,100.11,143.7,43.59,North,Completed
ORD00613,2025-09-09,CUST0211,P0022,2,0.0,68945.25,50670.94,137890.5,36548.62,West,Completed
ORD05708,2025-09-09,CUST0861,P0112,5,0.1,20043.19,13117.75,90194.36,24605.61,North,Completed
ORD09541,2025-09-09,CUST0908,P0112,1,0.1,20043.19,13117.75,18038.87,4921.12,East,Completed
ORD04447,2025-09-09,CUST0017,P0186,2,0.0,36288.91,28203.52,72577.82,16170.78,South,Completed
ORD08083,2025-09-09,CUST0436,P0194,3,0.15,13118.34,8489.04,33451.77,7984.65,South,Completed
ORD09162,2025-09-09,CUST0298,P0153,3,0.05,318.53,240.18,907.81,187.27,West,Completed
ORD07631,2025-09-09,CUST0678,P0001,1,0.0,796.95,617.19,796.95,179.76,East,Completed
ORD06442,2025-09-09,CUST0024,P0161,1,0.05,36827.84,23163.81,34986.45,11822.64,East,Completed
ORD02338,2025-09-09,CUST0105,P0051,3,0.1,57445.48,35926.8,155102.8,47322.4,South,Cancelled
ORD05557,2025-09-09,CUST0235,P0087,2,0.0,11879.48,8267.83,23758.96,7223.3,East,Completed
ORD09441,2025-09-09,CUST0061,P0132,4,0.15,235.21,163.03,799.71,147.59,West,Completed
ORD00937,2025-09-09,CUST0792,P0143,1,0.05,56727.96,35563.32,53891.56,18328.24,East,Cancelled
ORD06058,2025-09-09,CUST0863,P0197,3,0.0,15133.72,11886.63,45401.16,9741.27,South,Completed
ORD08759,2025-09-09,CUST0579,P0017,1,0.1,17284.69,10596.05,15556.22,4960.17,North,Completed
ORD01784,2025-09-09,CUST0728,P0113,1,0.1,26426.25,19479.69,23783.62,4303.93,West,Completed
ORD02981,2025-09-09,CUST0369,P0115,2,0.2,9526.21,7338.52,15241.94,564.9,West,Completed
ORD06105,2025-09-09,CUST0316,P0056,1,0.2,312.97,191.98,250.38,58.4,East,Pending
ORD08942,2025-09-10,CUST0975,P0026,1,0.05,53440.86,40308.66,50768.82,10460.16,North,Completed
ORD00370,2025-09-10,CUST0854,P0169,4,0.15,12339.56,8305.1,41954.5,8734.1,North,Completed
ORD05948,2025-09-10,CUST0245,P0042,1,0.05,10683.47,6548.45,10149.3,3600.85,North,Pending
ORD02610,2025-09-10,CUST0020,P0018,1,0.05,4596.19,2818.15,4366.38,1548.23,West,Completed
ORD05479,2025-09-10,CUST0626,P0027,2,0.05,20926.64,14284.36,39760.62,11191.9,South,Completed
ORD00530,2025-09-10,CUST0983,P0079,3,0.1,409.51,310.64,1105.68,173.76,South,Completed
ORD03745,2025-09-10,CUST0558,P0170,1,0.0,750.66,462.97,750.66,287.69,East,Completed
ORD08603,2025-09-10,CUST0498,P0123,3,0.0,77212.89,61788.48,231638.67,46273.23,West,Completed
ORD01522,2025-09-10,CUST0556,P0031,1,0.1,12553.48,9544.5,11298.13,1753.63,North,Completed
ORD02480,2025-09-10,CUST0718,P0054,2,0.15,34828.61,21081.63,59208.64,17045.38,West,Completed
ORD06658,2025-09-10,CUST0300,P0045,1,0.0,2217.01,1355.93,2217.01,861.08,North,Completed
ORD04263,2025-09-10,CUST0888,P0017,1,0.1,17284.69,10596.05,15556.22,4960.17,North,Completed
ORD05056,2025-09-10,CUST0705,P0141,2,0.0,1748.75,1100.65,3497.5,1296.2,West,Completed
ORD03820,2025-09-10,CUST0705,P0033,1,0.05,54569.41,31985.14,51840.94,19855.8,West,Completed
ORD05211,2025-09-10,CUST0858,P0063,2,0.05,12786.65,8472.2,24294.64,7350.24,South,Cancelled
ORD00171,2025-09-10,CUST0362,P0153,1,0.1,318.53,240.18,286.68,46.5,West,Completed
ORD06673,2025-09-11,CUST0303,P0051,3,0.05,57445.48,35926.8,163719.62,55939.22,West,Completed
ORD09169,2025-09-11,CUST0873,P0167,1,0.15,7469.0,4701.25,6348.65,1647.4,South,Completed
ORD03926,2025-09-11,CUST0384,P0185,1,0.2,76508.26,54062.35,61206.61,7144.26,South,Completed
ORD01301,2025-09-11,CUST0464,P0153,1,0.05,318.53,240.18,302.6,62.42,East,Completed
ORD04540,2025-09-11,CUST0688,P0191,1,0.05,8442.75,6441.23,8020.61,1579.38,West,Completed
ORD02862,2025-09-11,CUST0966,P0178,4,0.05,4042.35,3098.18,15360.93,2968.21,West,Completed
ORD06959,2025-09-11,CUST0089,P0125,1,0.1,3155.85,2083.96,2840.26,756.3,South,Completed
ORD09651,2025-09-11,CUST0920,P0191,1,0.1,8442.75,6441.23,7598.48,1157.25,West,Completed
ORD04895,2025-09-11,CUST0782,P0014,1,0.15,18597.52,13817.51,15807.89,1990.38,West,Cancelled
ORD09452,2025-09-11,CUST0077,P0143,2,0.1,56727.96,35563.32,102110.33,30983.69,East,Completed
ORD00237,2025-09-11,CUST0618,P0090,2,0.15,446.05,334.33,758.28,89.62,South,Completed
ORD01467,2025-09-11,CUST0809,P0172,1,0.05,53066.45,36105.87,50413.13,14307.26,North,Completed
ORD09460,2025-09-11,CUST0509,P0179,2,0.05,12818.17,8758.44,24354.52,6837.64,West,Cancelled
ORD05660,2025-09-11,CUST0423,P0027,2,0.05,20926.64,14284.36,39760.62,11191.9,West,Completed
ORD03511,2025-09-12,CUST0426,P0147,4,0.1,22737.01,13458.16,81853.24,28020.6,East,Completed
ORD04450,2025-09-12,CUST0926,P0195,4,0.0,15240.21,11813.53,60960.84,13706.72,West,Completed
ORD02317,2025-09-12,CUST0335,P0130,1,0.05,58219.77,46803.43,55308.78,8505.35,South,Completed
ORD01524,2025-09-12,CUST0693,P0105,4,0.05,17543.79,10886.17,66666.4,23121.72,East,Completed
ORD01178,2025-09-12,CUST0662,P0055,1,0.05,6422.29,4812.56,6101.18,1288.62,East,Completed
ORD01801,2025-09-12,CUST0539,P0183,2,0.1,66902.29,49511.88,120424.12,21400.36,East,Completed
ORD07574,2025-09-12,CUST0546,P0033,3,0.05,54569.41,31985.14,155522.82,59567.4,North,Completed
ORD07165,2025-09-12,CUST0456,P0051,1,0.05,57445.48,35926.8,54573.21,18646.41,South,Completed
ORD07067,2025-09-12,CUST0907,P0110,3,0.2,30098.59,20298.4,72236.62,11341.42,South,Completed
ORD06302,2025-09-12,CUST0085,P0103,1,0.1,585.19,454.75,526.67,71.92,South,Completed
ORD08671,2025-09-12,CUST0766,P0197,1,0.05,15133.72,11886.63,14377.03,2490.4,South,Completed
ORD03418,2025-09-12,CUST0356,P0160,3,0.05,680.29,502.6,1938.83,431.03,West,Cancelled
ORD05009,2025-09-12,CUST0017,P0135,1,0.1,644.55,462.91,580.1,117.19,South,Completed
ORD05218,2025-09-12,CUST0602,P0178,2,0.1,4042.35,3098.18,7276.23,1079.87,South,Completed
ORD06359,2025-09-12,CUST0575,P0061,2,0.1,49224.25,33194.34,88603.65,22214.97,South,Completed
ORD08954,2025-09-12,CUST0979,P0014,1,0.1,18597.52,13817.51,16737.77,2920.26,East,Completed
ORD09135,2025-09-13,CUST0575,P0071,1,0.0,35759.59,27998.22,35759.59,7761.37,South,Completed
ORD02923,2025-09-13,CUST0901,P0067,3,0.15,5933.02,4559.02,15129.2,1452.14,North,Completed
ORD09608,2025-09-13,CUST0199,P0048,1,0.0,1114.29,876.19,1114.29,238.1,North,Completed
ORD01138,2025-09-13,CUST0988,P0108,1,0.1,673.74,534.39,606.37,71.98,South,Completed
ORD03414,2025-09-13,CUST0130,P0161,1,0.2,36827.84,23163.81,29462.27,6298.46,North,Completed
ORD09240,2025-09-13,CUST0050,P0185,1,0.0,76508.26,54062.35,76508.26,22445.91,South,Completed
ORD06356,2025-09-13,CUST0475,P0025,3,0.1,49570.32,37427.29,133839.86,21557.99,West,Completed
ORD04331,2025-09-13,CUST0357,P0145,1,0.0,360.46,274.8,360.46,85.66,North,Completed
ORD03797,2025-09-13,CUST0933,P0014,3,0.1,18597.52,13817.51,50213.3,8760.77,South,Completed
ORD04701,2025-09-13,CUST0865,P0051,1,0.2,57445.48,35926.8,45956.38,10029.58,South,Completed
ORD08614,2025-09-13,CUST0030,P0153,1,0.15,318.53,240.18,270.75,30.57,South,Pending
ORD08827,2025-09-13,CUST0684,P0074,1,0.0,40981.75,23771.65,40981.75,17210.1,North,Completed
ORD01186,2025-09-14,CUST0961,P0007,2,0.1,8223.62,4942.96,14802.52,4916.6,North,Completed
ORD08582,2025-09-14,CUST0180,P0094,1,0.0,77812.86,47690.34,77812.86,30122.52,East,Completed
ORD04380,2025-09-14,CUST0178,P0181,3,0.2,8670.4,5624.95,20808.96,3934.11,West,Completed
ORD01972,2025-09-14,CUST0007,P0060,2,0.15,32036.99,25220.68,54462.88,4021.52,South,Completed
ORD03491,2025-09-14,CUST0179,P0199,3,0.15,404.58,321.41,1031.68,67.45,West,Completed
ORD05420,2025-09-14,CUST0318,P0177,1,0.15,783.92,493.62,666.33,172.71,West,Completed
ORD07401,2025-09-14,CUST0013,P0140,2,0.0,12142.58,7367.6,24285.16,9549.96,East,Completed
ORD03893,2025-09-14,CUST0345,P0119,1,0.1,11965.18,9132.35,10768.66,1636.31,North,Completed
ORD05362,2025-09-14,CUST0377,P0082,2,0.0,14583.87,9123.23,29167.74,10921.28,South,Completed
ORD06965,2025-09-14,CUST0246,P0077,2,0.1,50047.7,37709.36,90085.86,14667.14,South,Completed
ORD07375,2025-09-14,CUST0245,P0025,3,0.15,49570.32,37427.29,126404.32,14122.45,North,Completed
ORD00766,2025-09-14,CUST0723,P0176,1,0.05,9388.62,6512.18,8919.19,2407.01,West,Completed
ORD01000,2025-09-14,CUST0412,P0183,2,0.05,66902.29,49511.88,127114.35,28090.59,East,Cancelled
ORD02398,2025-09-14,CUST0310,P0094,1,0.0,77812.86,47690.34,77812.86,30122.52,East,Completed
ORD00769,2025-09-14,CUST0486,P0086,1,0.1,519.82,398.56,467.84,69.28,West,Completed
ORD00570,2025-09-14,CUST0548,P0185,1,0.05,76508.26,54062.35,72682.85,18620.5,West,Completed
ORD01018,2025-09-14,CUST0777,P0196,1,0.1,385.78,231.62,347.2,115.58,South,Pending
ORD01656,2025-09-15,CUST0921,P0029,1,0.1,1310.65,844.84,1179.58,334.74,East,Completed
ORD06566,2025-09-15,CUST0454,P0050,2,0.2,8890.7,6907.47,14225.12,410.18,West,Completed
ORD04569,2025-09-15,CUST0164,P0135,1,0.05,644.55,462.91,612.32,149.41,East,Completed
ORD09189,2025-09-15,CUST0009,P0088,2,0.0,58121.47,37608.48,116242.94,41025.98,South,Completed
ORD07624,2025-09-15,CUST0601,P0170,1,0.1,750.66,462.97,675.59,212.62,East,Completed
ORD00203,2025-09-15,CUST0635,P0061,5,0.05,49224.25,33194.34,233815.19,67843.49,East,Completed
ORD07027,2025-09-15,CUST0275,P0020,3,0.0,14020.39,10682.55,42061.17,10013.52,East,Completed
ORD02914,2025-09-15,CUST0922,P0161,1,0.15,36827.84,23163.81,31303.66,8139.85,West,Completed
ORD08681,2025-09-15,CUST0680,P0116,3,0.1,41570.44,24508.05,112240.19,38716.04,South,Completed
ORD04806,2025-09-15,CUST0457,P0140,5,0.15,12142.58,7367.6,51605.96,14767.96,North,Completed
ORD01736,2025-09-15,CUST0768,P0148,1,0.2,15484.78,9786.06,12387.82,2601.76,East,Cancelled
ORD01507,2025-09-15,CUST0817,P0010,1,0.0,16072.59,10816.67,16072.59,5255.92,West,Cancelled
ORD01218,2025-09-15,CUST0571,P0092,2,0.2,41737.72,32410.53,66780.35,1959.29,West,Completed
ORD02043,2025-09-16,CUST0628,P0102,1,0.0,4149.23,2427.22,4149.23,1722.01,North,Completed
ORD02490,2025-09-16,CUST0780,P0171,3,0.1,39010.06,29472.11,105327.16,16910.83,East,Pending
ORD09314,2025-09-16,CUST0272,P0179,5,0.15,12818.17,8758.44,54477.22,10685.02,South,Completed
ORD08298,2025-09-16,CUST0384,P0074,3,0.0,40981.75,23771.65,122945.25,51630.3,South,Pending
ORD03794,2025-09-16,CUST0076,P0096,1,0.05,22714.55,15565.72,21578.82,6013.1,South,Completed
ORD01553,2025-09-16,CUST0026,P0051,2,0.1,57445.48,35926.8,103401.86,31548.26,South,Completed
ORD03667,2025-09-16,CUST0368,P0171,1,0.0,39010.06,29472.11,39010.06,9537.95,North,Completed
ORD04007,2025-09-16,CUST0393,P0188,1,0.0,5272.37,3130.49,5272.37,2141.88,South,Completed
ORD00809,2025-09-16,CUST0367,P0048,1,0.05,1114.29,876.19,1058.58,182.39,North,Completed
ORD09220,2025-09-16,CUST0327,P0001,3,0.1,796.95,617.19,2151.77,300.2,West,Completed
ORD04608,2025-09-16,CUST0785,P0182,1,0.1,15590.28,12172.38,14031.25,1858.87,East,Cancelled
ORD04206,2025-09-16,CUST0761,P0012,1,0.1,4072.78,2687.49,3665.5,978.01,North,Completed
ORD09164,2025-09-16,CUST0182,P0105,3,0.2,17543.79,10886.17,42105.1,9446.59,North,Completed
ORD06573,2025-09-16,CUST0005,P0177,1,0.05,783.92,493.62,744.72,251.1,East,Completed
ORD01837,2025-09-16,CUST0291,P0195,4,0.2,15240.21,11813.53,48768.67,1514.55,South,Completed
ORD00224,2025-09-16,CUST0837,P0033,1,0.1,54569.41,31985.14,49112.47,17127.33,West,Completed
ORD00482,2025-09-16,CUST0219,P0179,1,0.0,12818.17,8758.44,12818.17,4059.73,West,Completed
ORD06133,2025-09-17,CUST0741,P0180,2,0.1,23838.69,16889.32,42909.64,9131.0,South,Pending
ORD03449,2025-09-17,CUST0053,P0105,1,0.1,17543.79,10886.17,15789.41,4903.24,East,Cancelled
ORD05623,2025-09-17,CUST0913,P0141,1,0.1,1748.75,1100.65,1573.88,473.23,North,Completed
ORD07008,2025-09-17,CUST0620,P0030,1,0.05,23508.75,18216.9,22333.31,4116.41,North,Completed
ORD08009,2025-09-17,CUST0162,P0129,4,0.05,43850.97,27932.89,166633.69,54902.13,West,Cancelled
ORD03915,2025-09-18,CUST0328,P0043,2,0.05,528.82,390.77,1004.76,223.22,West,Completed
ORD02591,2025-09-18,CUST0337,P0047,5,0.2,1004.63,793.19,4018.52,52.57,East,Completed
ORD06368,2025-09-18,CUST0366,P0034,2,0.1,143.7,100.11,258.66,58.44,East,Cancelled
ORD09235,2025-09-18,CUST0826,P0026,1,0.15,53440.86,40308.66,45424.73,5116.07,West,Completed
ORD06261,2025-09-18,CUST0327,P0019,4,0.05,27844.42,18931.51,105808.8,30082.76,West,Cancelled
ORD01468,2025-09-18,CUST0172,P0057,1,0.15,911.67,722.71,774.92,52.21,South,Completed
ORD07775,2025-09-18,CUST0264,P0014,1,0.1,18597.52,13817.51,16737.77,2920.26,North,Completed
ORD00714,2025-09-18,CUST0809,P0016,1,0.15,20196.29,11952.43,17166.85,5214.42,North,Completed
ORD06802,2025-09-18,CUST0976,P0011,2,0.0,50761.69,39171.65,101523.38,23180.08,East,Completed
ORD07857,2025-09-18,CUST0227,P0011,2,0.15,50761.69,39171.65,86294.87,7951.57,East,Completed
ORD01083,2025-09-18,CUST0533,P0078,1,0.0,66750.32,43644.61,66750.32,23105.71,East,Completed
ORD09750,2025-09-18,CUST0039,P0064,1,0.05,20038.07,13846.76,19036.17,5189.41,East,Completed
ORD01695,2025-09-19,CUST0130,P0059,1,0.15,1247.06,804.27,1060.0,255.73,North,Completed
ORD01745,2025-09-19,CUST0393,P0117,2,0.1,62915.52,50890.59,113247.94,11466.76,South,Completed
ORD02899,2025-09-19,CUST0869,P0191,1,0.1,8442.75,6441.23,7598.48,1157.25,South,Completed
ORD03120,2025-09-19,CUST0149,P0047,1,0.1,1004.63,793.19,904.17,110.98,West,Completed
ORD01195,2025-09-19,CUST0495,P0053,1,0.1,422.63,329.18,380.37,51.19,North,Completed
ORD07845,2025-09-19,CUST0268,P0167,4,0.05,7469.0,4701.25,28382.2,9577.2,North,Completed
ORD02269,2025-09-19,CUST0644,P0040,2,0.15,568.55,361.32,966.53,243.89,North,Completed
ORD08869,2025-09-19,CUST0366,P0164,1,0.1,8324.94,6438.05,7492.45,1054.4,East,Cancelled
ORD09711,2025-09-19,CUST0909,P0158,2,0.1,33125.35,22293.09,59625.63,15039.45,East,Completed
ORD06339,2025-09-19,CUST0627,P0179,4,0.05,12818.17,8758.44,48709.05,13675.29,West,Completed
ORD05497,2025-09-19,CUST0244,P0137,3,0.0,3327.18,2091.19,9981.54,3707.97,East,Completed
ORD04029,2025-09-19,CUST0875,P0058,1,0.1,7347.4,4878.31,6612.66,1734.35,South,Completed
ORD05368,2025-09-19,CUST0217,P0041,4,0.05,4003.54,2383.24,15213.45,5680.49,West,Completed
ORD03059,2025-09-19,CUST0146,P0075,4,0.1,6740.18,4364.5,24264.65,6806.65,West,Completed
ORD02274,2025-09-19,CUST0409,P0152,1,0.0,5896.48,4498.55,5896.48,1397.93,East,Completed
ORD00524,2025-09-19,CUST0109,P0025,2,0.0,49570.32,37427.29,99140.64,24286.06,South,Completed
ORD03732,2025-09-19,CUST0702,P0093,3,0.1,10189.0,5911.08,27510.3,9777.06,West,Completed
ORD01465,2025-09-20,CUST0445,P0013,4,0.05,8923.66,6594.73,33909.91,7530.99,North,Completed
ORD08272,2025-09-20,CUST0929,P0042,1,0.05,10683.47,6548.45,10149.3,3600.85,South,Completed
ORD02393,2025-09-20,CUST0419,P0199,2,0.15,404.58,321.41,687.79,44.97,North,Completed
ORD08910,2025-09-20,CUST0062,P0024,2,0.1,792.84,470.21,1427.11,486.69,East,Completed
ORD03934,2025-09-20,CUST0215,P0072,3,0.1,28334.52,18780.23,76503.2,20162.51,North,Completed
ORD08309,2025-09-20,CUST0294,P0050,1,0.2,8890.7,6907.47,7112.56,205.09,East,Cancelled
ORD06915,2025-09-20,CUST0492,P0134,1,0.0,34117.69,25387.96,34117.69,8729.73,South,Completed
ORD07362,2025-09-20,CUST0027,P0026,1,0.0,53440.86,40308.66,53440.86,13132.2,South,Pending
ORD09621,2025-09-20,CUST0852,P0085,5,0.05,73872.61,56554.21,350894.9,68123.85,North,Completed
ORD08983,2025-09-20,CUST0688,P0146,1,0.2,11482.27,8693.26,9185.82,492.56,West,Completed
ORD09464,2025-09-21,CUST0462,P0124,3,0.1,38907.93,29071.02,105051.41,17838.35,North,Completed
ORD05136,2025-09-21,CUST0937,P0150,1,0.2,53462.03,36715.83,42769.62,6053.79,East,Completed
ORD04742,2025-09-21,CUST0312,P0038,1,0.0,25137.53,20080.78,25137.53,5056.75,West,Cancelled
ORD03687,2025-09-21,CUST0756,P0085,1,0.05,73872.61,56554.21,70178.98,13624.77,North,Completed
ORD06495,2025-09-21,CUST0192,P0200,3,0.2,37954.59,28614.99,91091.02,5246.05,North,Completed
ORD02613,2025-09-21,CUST0208,P0008,3,0.1,68633.55,51583.32,185310.59,30560.63,South,Completed
ORD01600,2025-09-21,CUST0717,P0030,1,0.1,23508.75,18216.9,21157.88,2940.98,South,Completed
ORD04197,2025-09-21,CUST0795,P0179,1,0.1,12818.17,8758.44,11536.35,2777.91,North,Cancelled
ORD03574,2025-09-21,CUST0031,P0036,2,0.1,1008.83,797.09,1815.89,221.71,South,Completed
ORD02556,2025-09-21,CUST0665,P0093,5,0.0,10189.0,5911.08,50945.0,21389.6,West,Completed
ORD02202,2025-09-21,CUST0975,P0186,2,0.0,36288.91,28203.52,72577.82,16170.78,North,Completed
ORD05384,2025-09-21,CUST0738,P0132,2,0.15,235.21,163.03,399.86,73.8,South,Completed
ORD05068,2025-09-21,CUST0471,P0161,3,0.1,36827.84,23163.81,99435.17,29943.74,South,Completed
ORD09536,2025-09-21,CUST0039,P0023,2,0.2,29957.89,23747.89,47932.62,436.84,East,Completed
ORD02409,2025-09-21,CUST0302,P0156,3,0.1,44665.09,34536.09,120595.74,16987.47,South,Completed
ORD08296,2025-09-21,CUST0702,P0044,4,0.15,59463.82,38619.72,202176.99,47698.11,West,Pending
ORD01432,2025-09-21,CUST0557,P0015,1,0.1,18890.43,14292.88,17001.39,2708.51,West,Completed
ORD01110,2025-09-21,CUST0549,P0068,1,0.1,41326.98,32432.51,37194.28,4761.77,South,Completed
ORD07309,2025-09-21,CUST0456,P0158,1,0.0,33125.35,22293.09,33125.35,10832.26,South,Completed
ORD02661,2025-09-22,CUST0858,P0098,2,0.1,15055.62,11767.46,27100.12,3565.2,South,Completed
ORD02498,2025-09-22,CUST0708,P0018,1,0.1,4596.19,2818.15,4136.57,1318.42,East,Completed
ORD05474,2025-09-22,CUST0146,P0188,1,0.0,5272.37,3130.49,5272.37,2141.88,West,Completed
ORD04146,2025-09-22,CUST0712,P0087,1,0.0,11879.48,8267.83,11879.48,3611.65,West,Completed
ORD04350,2025-09-22,CUST0257,P0047,1,0.05,1004.63,793.19,954.4,161.21,East,Completed
ORD05855,2025-09-22,CUST0638,P0197,5,0.05,15133.72,11886.63,71885.17,12452.02,West,Completed
ORD03636,2025-09-22,CUST0076,P0158,3,0.05,33125.35,22293.09,94407.25,27527.98,South,Completed
ORD09138,2025-09-22,CUST0958,P0067,2,0.1,5933.02,4559.02,10679.44,1561.4,South,Completed
ORD00492,2025-09-23,CUST0486,P0136,1,0.05,3029.54,2200.52,2878.06,677.54,West,Completed
ORD03352,2025-09-23,CUST0188,P0041,1,0.1,4003.54,2383.24,3603.19,1219.95,East,Completed
ORD08553,2025-09-23,CUST0368,P0028,4,0.0,1126.53,825.36,4506.12,1204.68,North,Completed
ORD09498,2025-09-23,CUST0370,P0036,1,0.15,1008.83,797.09,857.51,60.42,East,Completed
ORD05730,2025-09-23,CUST0855,P0047,3,0.0,1004.63,793.19,3013.89,634.32,East,Completed
ORD02953,2025-09-23,CUST0387,P0055,1,0.0,6422.29,4812.56,6422.29,1609.73,West,Completed
ORD02111,2025-09-23,CUST0118,P0050,2,0.0,8890.7,6907.47,17781.4,3966.46,North,Completed
ORD04482,2025-09-23,CUST0449,P0064,2,0.1,20038.07,13846.76,36068.53,8375.01,North,Completed
ORD00653,2025-09-23,CUST0955,P0134,2,0.15,34117.69,25387.96,58000.07,7224.15,East,Cancelled
ORD00870,2025-09-23,CUST0711,P0089,3,0.05,74892.61,50603.0,213443.94,61634.94,East,Completed
ORD06901,2025-09-23,CUST0521,P0155,1,0.05,9808.49,7104.6,9318.07,2213.47,North,Completed
ORD09719,2025-09-23,CUST0832,P0191,2,0.15,8442.75,6441.23,14352.68,1470.22,South,Completed
ORD06271,2025-09-23,CUST0841,P0066,2,0.0,15521.48,11472.78,31042.96,8097.4,East,Completed
ORD00719,2025-09-23,CUST0119,P0105,2,0.1,17543.79,10886.17,31578.82,9806.48,East,Completed
ORD06483,2025-09-24,CUST0045,P0115,1,0.1,9526.21,7338.52,8573.59,1235.07,South,Completed
ORD07332,2025-09-24,CUST0420,P0121,2,0.05,975.23,645.82,1852.94,561.3,South,Completed
ORD07417,2025-09-24,CUST0606,P0034,2,0.1,143.7,100.11,258.66,58.44,South,Completed
ORD03230,2025-09-24,CUST0549,P0089,2,0.05,74892.61,50603.0,142295.96,41089.96,South,Completed
ORD04680,2025-09-24,CUST0144,P0121,4,0.1,975.23,645.82,3510.83,927.55,South,Completed
ORD05709,2025-09-24,CUST0675,P0043,1,0.1,528.82,390.77,475.94,85.17,North,Completed
ORD08366,2025-09-24,CUST0427,P0156,1,0.0,44665.09,34536.09,44665.09,10129.0,North,Completed
ORD01275,2025-09-24,CUST0310,P0015,1,0.15,18890.43,14292.88,16056.87,1763.99,East,Completed
ORD00466,2025-09-24,CUST0846,P0050,1,0.15,8890.7,6907.47,7557.1,649.63,West,Completed
ORD05756,2025-09-24,CUST0241,P0049,2,0.05,56396.41,44202.58,107153.18,18748.02,South,Completed
ORD07213,2025-09-24,CUST0614,P0077,1,0.0,50047.7,37709.36,50047.7,12338.34,East,Completed
ORD05407,2025-09-24,CUST0166,P0184,2,0.0,20719.38,13335.4,41438.76,14767.96,North,Completed
ORD02785,2025-09-24,CUST0129,P0048,2,0.15,1114.29,876.19,1894.29,141.91,West,Completed
ORD03982,2025-09-24,CUST0335,P0142,1,0.05,4782.08,3282.92,4542.98,1260.06,South,Completed
ORD07094,2025-09-24,CUST0579,P0062,1,0.1,7214.7,5874.11,6493.23,619.12,North,Cancelled
ORD08429,2025-09-24,CUST0168,P0043,1,0.0,528.82,390.77,528.82,138.05,West,Completed
ORD00419,2025-09-24,CUST0706,P0059,2,0.15,1247.06,804.27,2120.0,511.46,East,Completed
ORD03263,2025-09-24,CUST0856,P0129,3,0.05,43850.97,27932.89,124975.26,41176.59,West,Completed
ORD01667,2025-09-25,CUST0838,P0067,2,0.0,5933.02,4559.02,11866.04,2748.0,West,Completed
ORD06838,2025-09-25,CUST0043,P0097,4,0.15,11100.34,7751.47,37741.16,6735.28,East,Completed
ORD05317,2025-09-25,CUST0302,P0105,2,0.0,17543.79,10886.17,35087.58,13315.24,South,Completed
ORD04429,2025-09-25,CUST0341,P0033,1,0.0,54569.41,31985.14,54569.41,22584.27,West,Completed
ORD06705,2025-09-25,CUST0674,P0149,1,0.0,2427.19,1691.68,2427.19,735.51,North,Completed
ORD07150,2025-09-25,CUST0684,P0016,2,0.15,20196.29,11952.43,34333.69,10428.83,North,Completed
ORD02464,2025-09-25,CUST0233,P0015,2,0.0,18890.43,14292.88,37780.86,9195.1,East,Completed
ORD01717,2025-09-25,CUST0842,P0045,1,0.1,2217.01,1355.93,1995.31,639.38,North,Completed
ORD03118,2025-09-25,CUST0573,P0194,2,0.0,13118.34,8489.04,26236.68,9258.6,North,Completed
ORD07508,2025-09-25,CUST0078,P0197,2,0.2,15133.72,11886.63,24213.95,440.69,South,Completed
ORD07651,2025-09-25,CUST0647,P0002,3,0.1,6203.85,4038.58,16750.4,4634.66,East,Completed
ORD01451,2025-09-25,CUST0062,P0156,1,0.0,44665.09,34536.09,44665.09,10129.0,East,Completed
ORD03776,2025-09-25,CUST0623,P0147,2,0.15,22737.01,13458.16,38652.92,11736.6,West,Completed
ORD09123,2025-09-25,CUST0764,P0144,1,0.1,501.46,362.98,451.31,88.33,East,Completed
ORD09389,2025-09-26,CUST0474,P0087,1,0.0,11879.48,8267.83,11879.48,3611.65,North,Completed
ORD03551,2025-09-26,CUST0138,P0010,2,0.1,16072.59,10816.67,28930.66,7297.32,West,Completed
ORD07716,2025-09-26,CUST0718,P0086,3,0.15,519.82,398.56,1325.54,129.86,West,Completed
ORD08787,2025-09-26,CUST0798,P0100,2,0.15,36262.87,22462.27,61646.88,16722.34,North,Completed
ORD00590,2025-09-26,CUST0057,P0087,4,0.1,11879.48,8267.83,42766.13,9694.81,West,Completed
ORD03266,2025-09-26,CUST0545,P0115,2,0.15,9526.21,7338.52,16194.56,1517.52,West,Completed
ORD03235,2025-09-26,CUST0337,P0100,2,0.05,36262.87,22462.27,68899.45,23974.91,East,Completed
ORD02716,2025-09-26,CUST0212,P0039,1,0.0,1717.54,1277.52,1717.54,440.02,South,Completed
ORD06749,2025-09-26,CUST0527,P0143,2,0.05,56727.96,35563.32,107783.12,36656.48,East,Completed
ORD06449,2025-09-26,CUST0213,P0041,2,0.1,4003.54,2383.24,7206.37,2439.89,North,Completed
ORD06276,2025-09-26,CUST0184,P0138,1,0.15,30903.45,21958.56,26267.93,4309.37,West,Completed
ORD01214,2025-09-26,CUST0484,P0153,1,0.2,318.53,240.18,254.82,14.64,East,Completed
ORD05548,2025-09-26,CUST0861,P0052,1,0.05,7440.54,4865.29,7068.51,2203.22,North,Cancelled
ORD07462,2025-09-26,CUST0801,P0021,1,0.0,6878.25,5112.71,6878.25,1765.54,East,Completed
ORD04903,2025-09-27,CUST0475,P0051,1,0.0,57445.48,35926.8,57445.48,21518.68,West,Completed
ORD02712,2025-09-27,CUST0985,P0010,1,0.1,16072.59,10816.67,14465.33,3648.66,West,Completed
ORD00137,2025-09-27,CUST0668,P0013,2,0.05,8923.66,6594.73,16954.95,3765.49,West,Completed
ORD08569,2025-09-27,CUST0944,P0133,1,0.1,30154.78,21233.5,27139.3,5905.8,East,Completed
ORD07708,2025-09-27,CUST0532,P0088,4,0.0,58121.47,37608.48,232485.88,82051.96,West,Completed
ORD05106,2025-09-27,CUST0131,P0069,1,0.0,196.15,126.8,196.15,69.35,North,Completed
ORD02678,2025-09-27,CUST0221,P0128,3,0.1,7160.91,4568.96,19334.46,5627.58,West,Completed
ORD07404,2025-09-27,CUST0265,P0141,3,0.1,1748.75,1100.65,4721.62,1419.67,South,Cancelled
ORD09142,2025-09-27,CUST0530,P0066,2,0.05,15521.48,11472.78,29490.81,6545.25,North,Completed
ORD03090,2025-09-27,CUST0562,P0137,1,0.05,3327.18,2091.19,3160.82,1069.63,West,Completed
ORD09348,2025-09-27,CUST0174,P0110,1,0.1,30098.59,20298.4,27088.73,6790.33,South,Completed
ORD07470,2025-09-27,CUST0742,P0064,2,0.15,20038.07,13846.76,34064.72,6371.2,South,Completed
ORD08991,2025-09-28,CUST0949,P0033,2,0.1,54569.41,31985.14,98224.94,34254.66,West,Completed
ORD05335,2025-09-28,CUST0070,P0145,1,0.0,360.46,274.8,360.46,85.66,East,Cancelled
ORD02096,2025-09-28,CUST0602,P0166,3,0.0,47059.67,34982.34,141179.01,36231.99,South,Completed
ORD04745,2025-09-28,CUST0097,P0142,1,0.1,4782.08,3282.92,4303.87,1020.95,East,Cancelled
ORD03000,2025-09-28,CUST0203,P0024,2,0.05,792.84,470.21,1506.4,565.98,East,Completed
ORD03197,2025-09-28,CUST0802,P0116,1,0.05,41570.44,24508.05,39491.92,14983.87,West,Completed
ORD03187,2025-09-28,CUST0130,P0093,1,0.1,10189.0,5911.08,9170.1,3259.02,North,Completed
ORD03330,2025-09-28,CUST0208,P0120,4,0.15,57866.38,42176.37,196745.69,28040.21,South,Completed
ORD03681,2025-09-28,CUST0656,P0139,1,0.0,26827.4,18117.75,26827.4,8709.65,North,Completed
ORD00247,2025-09-29,CUST0545,P0152,2,0.15,5896.48,4498.55,10024.02,1026.92,West,Completed
ORD03520,2025-09-29,CUST0144,P0126,1,0.1,41856.24,33581.85,37670.62,4088.77,South,Completed
ORD08410,2025-09-29,CUST0025,P0028,2,0.05,1126.53,825.36,2140.41,489.69,South,Completed
ORD03889,2025-09-29,CUST0014,P0064,3,0.05,20038.07,13846.76,57108.5,15568.22,East,Completed
ORD03593,2025-09-29,CUST0854,P0123,1,0.1,77212.89,61788.48,69491.6,7703.12,North,Completed
ORD03476,2025-09-29,CUST0554,P0092,2,0.1,41737.72,32410.53,75127.9,10306.84,North,Completed
ORD04535,2025-09-29,CUST0766,P0021,2,0.1,6878.25,5112.71,12380.85,2155.43,South,Completed
ORD08545,2025-09-29,CUST0444,P0014,1,0.0,18597.52,13817.51,18597.52,4780.01,South,Completed
ORD03607,2025-09-29,CUST0276,P0087,4,0.2,11879.48,8267.83,38014.34,4943.02,South,Cancelled
ORD09804,2025-09-29,CUST0755,P0009,2,0.0,724.93,490.11,1449.86,469.64,East,Completed
ORD03550,2025-09-29,CUST0382,P0148,2,0.05,15484.78,9786.06,29421.08,9848.96,North,Completed
ORD03584,2025-09-29,CUST0253,P0164,5,0.1,8324.94,6438.05,37462.23,5271.98,South,Completed
ORD06973,2025-09-30,CUST0237,P0059,4,0.05,1247.06,804.27,4738.83,1521.75,North,Completed
ORD07647,2025-09-30,CUST0612,P0144,3,0.0,501.46,362.98,1504.38,415.44,South,Cancelled
ORD04619,2025-09-30,CUST0501,P0199,1,0.1,404.58,321.41,364.12,42.71,North,Completed
ORD01774,2025-09-30,CUST0215,P0008,1,0.1,68633.55,51583.32,61770.2,10186.88,North,Completed
ORD07697,2025-09-30,CUST0460,P0067,1,0.1,5933.02,4559.02,5339.72,780.7,East,Completed
ORD05509,2025-09-30,CUST0502,P0115,1,0.15,9526.21,7338.52,8097.28,758.76,South,Completed
ORD09785,2025-09-30,CUST0653,P0127,1,0.1,37425.34,27064.21,33682.81,6618.6,West,Completed
ORD04015,2025-09-30,CUST0317,P0066,1,0.1,15521.48,11472.78,13969.33,2496.55,West,Completed
ORD04635,2025-09-30,CUST0890,P0168,3,0.15,1780.85,1042.33,4541.17,1414.18,North,Completed
ORD01125,2025-09-30,CUST0225,P0019,2,0.05,27844.42,18931.51,52904.4,15041.38,East,Completed
ORD06143,2025-09-30,CUST0266,P0090,1,0.0,446.05,334.33,446.05,111.72,East,Completed
ORD08216,2025-09-30,CUST0913,P0030,3,0.1,23508.75,18216.9,63473.62,8822.92,North,Completed
ORD09093,2025-09-30,CUST0530,P0023,2,0.0,29957.89,23747.89,59915.78,12420.0,North,Completed
ORD09595,2025-09-30,CUST0317,P0009,2,0.0,724.93,490.11,1449.86,469.64,West,Completed
ORD05581,2025-09-30,CUST0416,P0032,1,0.0,39614.35,24714.41,39614.35,14899.94,South,Completed
ORD09774,2025-09-30,CUST0389,P0178,2,0.05,4042.35,3098.18,7680.46,1484.1,East,Completed
ORD09401,2025-09-30,CUST0107,P0011,2,0.1,50761.69,39171.65,91371.04,13027.74,East,Completed
ORD08190,2025-10-01,CUST0279,P0135,2,0.0,644.55,462.91,1289.1,363.28,West,Completed
ORD00108,2025-10-01,CUST0310,P0106,3,0.1,526.46,370.01,1421.44,311.41,East,Completed
ORD02644,2025-10-01,CUST0634,P0062,4,0.15,7214.7,5874.11,24529.98,1033.54,West,Completed
ORD06281,2025-10-01,CUST0353,P0056,3,0.0,312.97,191.98,938.91,362.97,East,Completed
ORD03747,2025-10-01,CUST0866,P0165,2,0.15,728.57,514.38,1238.57,209.81,West,Completed
ORD02142,2025-10-01,CUST0141,P0153,1,0.05,318.53,240.18,302.6,62.42,East,Completed
ORD01104,2025-10-01,CUST0502,P0038,1,0.05,25137.53,20080.78,23880.65,3799.87,South,Completed
ORD06125,2025-10-01,CUST0902,P0168,1,0.1,1780.85,1042.33,1602.76,560.43,South,Completed
ORD01559,2025-10-01,CUST0682,P0183,4,0.15,66902.29,49511.88,227467.79,29420.27,West,Completed
ORD01981,2025-10-01,CUST0690,P0176,1,0.0,9388.62,6512.18,9388.62,2876.44,North,Completed
ORD03564,2025-10-01,CUST0681,P0016,3,0.05,20196.29,11952.43,57559.43,21702.14,North,Completed
ORD08447,2025-10-01,CUST0049,P0153,1,0.05,318.53,240.18,302.6,62.42,North,Completed
ORD02832,2025-10-01,CUST0898,P0069,4,0.1,196.15,126.8,706.14,198.94,South,Completed
ORD01419,2025-10-01,CUST0462,P0036,2,0.1,1008.83,797.09,1815.89,221.71,North,Completed
ORD00970,2025-10-01,CUST0772,P0062,2,0.1,7214.7,5874.11,12986.46,1238.24,West,Completed
ORD02576,2025-10-01,CUST0422,P0168,1,0.0,1780.85,1042.33,1780.85,738.52,West,Completed
ORD09338,2025-10-01,CUST0833,P0001,2,0.1,796.95,617.19,1434.51,200.13,North,Completed
ORD06417,2025-10-02,CUST0839,P0120,1,0.05,57866.38,42176.37,54973.06,12796.69,North,Cancelled
ORD08232,2025-10-02,CUST0016,P0021,1,0.05,6878.25,5112.71,6534.34,1421.63,West,Completed
ORD00061,2025-10-02,CUST0232,P0047,1,0.1,1004.63,793.19,904.17,110.98,East,Cancelled
ORD04765,2025-10-02,CUST0039,P0071,2,0.0,35759.59,27998.22,71519.18,15522.74,East,Completed
ORD09061,2025-10-02,CUST0431,P0175,2,0.05,791.76,614.23,1504.34,275.88,South,Completed
ORD04354,2025-10-02,CUST0643,P0044,1,0.0,59463.82,38619.72,59463.82,20844.1,South,Completed
ORD02366,2025-10-02,CUST0865,P0122,1,0.05,17942.76,13133.8,17045.62,3911.82,South,Completed
ORD03875,2025-10-02,CUST0840,P0042,2,0.05,10683.47,6548.45,20298.59,7201.69,South,Completed
ORD06795,2025-10-02,CUST0798,P0007,2,0.05,8223.62,4942.96,15624.88,5738.96,North,Completed
ORD01061,2025-10-02,CUST0208,P0041,2,0.15,4003.54,2383.24,6806.02,2039.54,South,Completed
ORD05909,2025-10-02,CUST0068,P0089,2,0.05,74892.61,50603.0,142295.96,41089.96,North,Completed
ORD03721,2025-10-02,CUST0558,P0173,1,0.1,4259.82,3133.66,3833.84,700.18,East,Completed
ORD06946,2025-10-02,CUST0385,P0055,1,0.2,6422.29,4812.56,5137.83,325.27,East,Completed
ORD09505,2025-10-02,CUST0865,P0015,5,0.05,18890.43,14292.88,89729.54,18265.14,South,Completed
ORD09828,2025-10-02,CUST0081,P0075,1,0.1,6740.18,4364.5,6066.16,1701.66,East,Completed
ORD05677,2025-10-02,CUST0115,P0033,2,0.05,54569.41,31985.14,103681.88,39711.6,North,Completed
ORD02375,2025-10-02,CUST0155,P0016,3,0.05,20196.29,11952.43,57559.43,21702.14,East,Completed
ORD07525,2025-10-02,CUST0104,P0141,2,0.1,1748.75,1100.65,3147.75,946.45,West,Completed
ORD09450,2025-10-02,CUST0692,P0135,3,0.05,644.55,462.91,1836.97,448.24,North,Completed
ORD03923,2025-10-03,CUST0093,P0162,3,0.0,46811.03,27452.25,140433.09,58076.34,East,Completed
ORD04336,2025-10-03,CUST0433,P0156,1,0.0,44665.09,34536.09,44665.09,10129.0,South,Completed
ORD03945,2025-10-03,CUST0600,P0022,4,0.15,68945.25,50670.94,234413.85,31730.09,East,Completed
ORD06883,2025-10-03,CUST0837,P0140,3,0.05,12142.58,7367.6,34606.35,12503.55,West,Completed
ORD09485,2025-10-03,CUST0678,P0003,1,0.1,15581.84,9713.54,14023.66,4310.12,East,Cancelled
ORD03906,2025-10-03,CUST0851,P0115,2,0.1,9526.21,7338.52,17147.18,2470.14,West,Pending
ORD02784,2025-10-03,CUST0823,P0117,1,0.05,62915.52,50890.59,59769.74,8879.15,West,Completed
ORD03152,2025-10-03,CUST0321,P0127,1,0.1,37425.34,27064.21,33682.81,6618.6,East,Completed
ORD01726,2025-10-03,CUST0834,P0046,4,0.0,61902.8,37121.36,247611.2,99125.76,East,Completed
ORD05426,2025-10-03,CUST0898,P0071,3,0.15,35759.59,27998.22,91186.95,7192.29,South,Completed
ORD00883,2025-10-03,CUST0214,P0097,3,0.0,11100.34,7751.47,33301.02,10046.61,South,Completed
ORD08493,2025-10-03,CUST0927,P0002,2,0.05,6203.85,4038.58,11787.32,3710.16,South,Pending
ORD01517,2025-10-03,CUST0597,P0049,2,0.15,56396.41,44202.58,95873.9,7468.74,West,Cancelled
ORD08160,2025-10-03,CUST0788,P0150,1,0.0,53462.03,36715.83,53462.03,16746.2,West,Completed
ORD00048,2025-10-03,CUST0025,P0116,1,0.05,41570.44,24508.05,39491.92,14983.87,South,Completed
ORD06934,2025-10-03,CUST0958,P0099,1,0.15,908.9,743.94,772.56,28.62,South,Completed
ORD00874,2025-10-03,CUST0395,P0128,2,0.15,7160.91,4568.96,12173.55,3035.63,North,Completed
ORD08577,2025-10-03,CUST0160,P0133,1,0.0,30154.78,21233.5,30154.78,8921.28,North,Completed
ORD06872,2025-10-03,CUST0612,P0118,3,0.1,36939.5,23012.67,99736.65,30698.64,South,Completed
ORD05212,2025-10-04,CUST0898,P0046,2,0.0,61902.8,37121.36,123805.6,49562.88,South,Completed
ORD06480,2025-10-04,CUST0243,P0058,1,0.05,7347.4,4878.31,6980.03,2101.72,North,Cancelled
ORD03739,2025-10-04,CUST0066,P0149,1,0.0,2427.19,1691.68,2427.19,735.51,West,Completed
ORD05438,2025-10-04,CUST0676,P0003,3,0.0,15581.84,9713.54,46745.52,17604.9,South,Completed
ORD04900,2025-10-04,CUST0320,P0079,1,0.0,409.51,310.64,409.51,98.87,West,Completed
ORD07481,2025-10-04,CUST0475,P0069,1,0.05,196.15,126.8,186.34,59.54,West,Completed
ORD04245,2025-10-04,CUST0002,P0161,2,0.2,36827.84,23163.81,58924.54,12596.92,West,Completed
ORD07458,2025-10-04,CUST0113,P0158,3,0.1,33125.35,22293.09,89438.44,22559.17,West,Completed
ORD04775,2025-10-04,CUST0685,P0084,2,0.2,52737.3,39276.81,84379.68,5826.06,East,Completed
ORD08838,2025-10-04,CUST0186,P0144,3,0.1,501.46,362.98,1353.94,265.0,North,Completed
ORD04873,2025-10-04,CUST0867,P0094,1,0.0,77812.86,47690.34,77812.86,30122.52,West,Completed
ORD05934,2025-10-04,CUST0332,P0051,1,0.2,57445.48,35926.8,45956.38,10029.58,South,Completed
ORD06236,2025-10-04,CUST0273,P0026,1,0.05,53440.86,40308.66,50768.82,10460.16,East,Completed
ORD07491,2025-10-04,CUST0846,P0134,1,0.2,34117.69,25387.96,27294.15,1906.19,West,Completed
ORD06237,2025-10-05,CUST0936,P0101,1,0.05,51632.3,38843.18,49050.68,10207.5,South,Pending
ORD01959,2025-10-05,CUST0202,P0059,2,0.1,1247.06,804.27,2244.71,636.17,West,Completed
ORD01954,2025-10-05,CUST0546,P0079,1,0.15,409.51,310.64,348.08,37.44,North,Cancelled
ORD04176,2025-10-05,CUST0339,P0151,3,0.05,5830.9,4665.5,16618.06,2621.56,West,Completed
ORD07600,2025-10-05,CUST0280,P0042,1,0.0,10683.47,6548.45,10683.47,4135.02,South,Completed
ORD02208,2025-10-05,CUST0274,P0069,1,0.15,196.15,126.8,166.73,39.93,East,Completed
ORD00683,2025-10-05,CUST0678,P0091,1,0.15,49350.46,32483.04,41947.89,9464.85,East,Completed
ORD05962,2025-10-05,CUST0585,P0051,1,0.0,57445.48,35926.8,57445.48,21518.68,East,Completed
ORD02089,2025-10-05,CUST0244,P0161,1,0.0,36827.84,23163.81,36827.84,13664.03,East,Completed
ORD08205,2025-10-05,CUST0486,P0003,1,0.0,15581.84,9713.54,15581.84,5868.3,West,Completed
ORD09454,2025-10-06,CUST0733,P0116,2,0.0,41570.44,24508.05,83140.88,34124.78,South,Completed
ORD09267,2025-10-06,CUST0676,P0140,1,0.0,12142.58,7367.6,12142.58,4774.98,South,Completed
ORD00763,2025-10-06,CUST0905,P0112,2,0.1,20043.19,13117.75,36077.74,9842.24,South,Completed
ORD07643,2025-10-06,CUST0532,P0100,2,0.2,36262.87,22462.27,58020.59,13096.05,West,Cancelled
ORD01073,2025-10-06,CUST0174,P0019,4,0.15,27844.42,18931.51,94671.03,18944.99,South,Completed
ORD00426,2025-10-06,CUST0973,P0027,3,0.1,20926.64,14284.36,56501.93,13648.85,South,Completed
ORD02706,2025-10-06,CUST0318,P0131,2,0.05,896.08,597.69,1702.55,507.17,West,Completed
ORD09797,2025-10-06,CUST0165,P0001,3,0.0,796.95,617.19,2390.85,539.28,West,Completed
ORD08861,2025-10-06,CUST0680,P0088,2,0.05,58121.47,37608.48,110430.79,35213.83,South,Completed
ORD07395,2025-10-06,CUST0032,P0124,1,0.1,38907.93,29071.02,35017.14,5946.12,North,Completed
ORD03546,2025-10-06,CUST0330,P0088,1,0.0,58121.47,37608.48,58121.47,20512.99,West,Cancelled
ORD09713,2025-10-06,CUST0716,P0011,2,0.05,50761.69,39171.65,96447.21,18103.91,North,Completed
ORD05588,2025-10-07,CUST0067,P0159,1,0.1,54205.42,36083.24,48784.88,12701.64,West,Completed
ORD00972,2025-10-07,CUST0003,P0103,1,0.15,585.19,454.75,497.41,42.66,West,Completed
ORD02502,2025-10-07,CUST0022,P0107,2,0.0,72638.94,50890.24,145277.88,43497.4,West,Completed
ORD08744,2025-10-07,CUST0180,P0075,2,0.05,6740.18,4364.5,12806.34,4077.34,East,Completed
ORD04042,2025-10-07,CUST0747,P0079,2,0.15,409.51,310.64,696.17,74.89,West,Completed
ORD08686,2025-10-07,CUST0752,P0162,3,0.15,46811.03,27452.25,119368.13,37011.38,East,Completed
ORD04149,2025-10-07,CUST0601,P0189,1,0.0,38312.77,25713.12,38312.77,12599.65,East,Completed
ORD05197,2025-10-07,CUST0048,P0164,5,0.1,8324.94,6438.05,37462.23,5271.98,South,Cancelled
ORD04672,2025-10-07,CUST0945,P0065,2,0.15,21598.4,14583.7,36717.28,7549.88,West,Completed
ORD04023,2025-10-07,CUST0222,P0155,2,0.0,9808.49,7104.6,19616.98,5407.78,South,Completed
ORD01135,2025-10-07,CUST0947,P0004,1,0.0,20696.25,15931.27,20696.25,4764.98,North,Completed
ORD08889,2025-10-07,CUST0389,P0191,4,0.05,8442.75,6441.23,32082.45,6317.53,East,Completed
ORD03931,2025-10-07,CUST0346,P0035,1,0.1,56932.8,34147.01,51239.52,17092.51,North,Completed
ORD02119,2025-10-07,CUST0460,P0049,2,0.05,56396.41,44202.58,107153.18,18748.02,East,Completed
ORD04448,2025-10-07,CUST0493,P0022,3,0.15,68945.25,50670.94,175810.39,23797.57,East,Completed
ORD03540,2025-10-07,CUST0680,P0161,2,0.1,36827.84,23163.81,66290.11,19962.49,South,Completed
ORD02975,2025-10-08,CUST0846,P0135,3,0.1,644.55,462.91,1740.28,351.55,West,Completed
ORD03086,2025-10-08,CUST0138,P0138,1,0.1,30903.45,21958.56,27813.1,5854.54,West,Completed
ORD07996,2025-10-08,CUST0788,P0010,2,0.0,16072.59,10816.67,32145.18,10511.84,West,Cancelled
ORD06529,2025-10-08,CUST0669,P0121,1,0.15,975.23,645.82,828.95,183.13,West,Completed
ORD03964,2025-10-08,CUST0229,P0019,2,0.05,27844.42,18931.51,52904.4,15041.38,West,Completed
ORD01242,2025-10-08,CUST0297,P0022,1,0.1,68945.25,50670.94,62050.72,11379.78,West,Completed
ORD04899,2025-10-08,CUST0192,P0024,1,0.1,792.84,470.21,713.56,243.35,North,Completed
ORD07782,2025-10-08,CUST0265,P0091,1,0.1,49350.46,32483.04,44415.41,11932.37,South,Completed
ORD06801,2025-10-08,CUST0550,P0177,1,0.1,783.92,493.62,705.53,211.91,South,Completed
ORD04933,2025-10-08,CUST0517,P0062,1,0.05,7214.7,5874.11,6853.96,979.85,East,Completed
ORD09289,2025-10-08,CUST0504,P0155,5,0.05,9808.49,7104.6,46590.33,11067.33,South,Completed
ORD01399,2025-10-08,CUST0899,P0196,2,0.05,385.78,231.62,732.98,269.74,South,Completed
ORD08315,2025-10-08,CUST0180,P0194,3,0.1,13118.34,8489.04,35419.52,9952.4,East,Cancelled
ORD01225,2025-10-08,CUST0761,P0194,1,0.15,13118.34,8489.04,11150.59,2661.55,North,Cancelled
ORD08126,2025-10-09,CUST0621,P0036,2,0.1,1008.83,797.09,1815.89,221.71,West,Completed
ORD07406,2025-10-09,CUST0940,P0024,2,0.0,792.84,470.21,1585.68,645.26,West,Completed
ORD03538,2025-10-09,CUST0096,P0059,4,0.15,1247.06,804.27,4240.0,1022.92,South,Completed
ORD03833,2025-10-09,CUST0196,P0020,2,0.15,14020.39,10682.55,23834.66,2469.56,East,Completed
ORD07805,2025-10-09,CUST0914,P0109,3,0.05,17118.52,11998.2,48787.78,12793.18,East,Completed
ORD05200,2025-10-09,CUST0721,P0066,2,0.15,15521.48,11472.78,26386.52,3440.96,South,Cancelled
ORD00150,2025-10-09,CUST0204,P0190,1,0.15,2296.71,1653.27,1952.2,298.93,North,Completed
ORD01521,2025-10-09,CUST0558,P0022,1,0.15,68945.25,50670.94,58603.46,7932.52,East,Completed
ORD04168,2025-10-09,CUST0943,P0172,1,0.0,53066.45,36105.87,53066.45,16960.58,East,Completed
ORD04401,2025-10-09,CUST0713,P0173,1,0.1,4259.82,3133.66,3833.84,700.18,West,Completed
ORD04166,2025-10-09,CUST0339,P0041,2,0.1,4003.54,2383.24,7206.37,2439.89,West,Completed
ORD02061,2025-10-09,CUST0860,P0185,2,0.0,76508.26,54062.35,153016.52,44891.82,South,Cancelled
ORD00614,2025-10-09,CUST0365,P0016,1,0.05,20196.29,11952.43,19186.48,7234.05,North,Completed
ORD05751,2025-10-09,CUST0923,P0161,2,0.05,36827.84,23163.81,69972.9,23645.28,South,Cancelled
ORD01877,2025-10-09,CUST0815,P0138,3,0.1,30903.45,21958.56,83439.32,17563.64,South,Completed
ORD09609,2025-10-09,CUST0916,P0058,1,0.0,7347.4,4878.31,7347.4,2469.09,East,Completed
ORD06713,2025-10-10,CUST0307,P0066,2,0.0,15521.48,11472.78,31042.96,8097.4,West,Completed
ORD02692,2025-10-10,CUST0162,P0132,2,0.1,235.21,163.03,423.38,97.32,West,Completed
ORD07548,2025-10-10,CUST0087,P0043,1,0.05,528.82,390.77,502.38,111.61,North,Completed
ORD09898,2025-10-10,CUST0464,P0072,1,0.05,28334.52,18780.23,26917.79,8137.56,East,Completed
ORD09296,2025-10-10,CUST0106,P0148,1,0.05,15484.78,9786.06,14710.54,4924.48,North,Completed
ORD06141,2025-10-10,CUST0034,P0024,1,0.05,792.84,470.21,753.2,282.99,North,Completed
ORD09461,2025-10-10,CUST0164,P0035,5,0.15,56932.8,34147.01,241964.4,71229.35,East,Completed
ORD08325,2025-10-10,CUST0539,P0013,1,0.0,8923.66,6594.73,8923.66,2328.93,East,Completed
ORD05093,2025-10-10,CUST0210,P0179,1,0.0,12818.17,8758.44,12818.17,4059.73,East,Completed
ORD05100,2025-10-10,CUST0157,P0001,1,0.0,796.95,617.19,796.95,179.76,South,Completed
ORD00976,2025-10-11,CUST0523,P0113,3,0.0,26426.25,19479.69,79278.75,20839.68,North,Completed
ORD00417,2025-10-11,CUST0507,P0144,1,0.15,501.46,362.98,426.24,63.26,North,Completed
ORD02222,2025-10-11,CUST0746,P0072,3,0.1,28334.52,18780.23,76503.2,20162.51,East,Cancelled
ORD01295,2025-10-11,CUST0068,P0107,3,0.15,72638.94,50890.24,185229.3,32558.58,North,Completed
ORD01167,2025-10-11,CUST0637,P0077,1,0.1,50047.7,37709.36,45042.93,7333.57,North,Completed
ORD00141,2025-10-11,CUST0982,P0065,1,0.1,21598.4,14583.7,19438.56,4854.86,East,Completed
ORD01688,2025-10-11,CUST0604,P0136,1,0.0,3029.54,2200.52,3029.54,829.02,South,Completed
ORD02130,2025-10-11,CUST0906,P0167,5,0.1,7469.0,4701.25,33610.5,10104.25,South,Completed
ORD03814,2025-10-11,CUST0819,P0112,1,0.1,20043.19,13117.75,18038.87,4921.12,North,Completed
ORD04969,2025-10-11,CUST0437,P0145,3,0.1,360.46,274.8,973.24,148.84,West,Completed
ORD03798,2025-10-11,CUST0643,P0120,1,0.0,57866.38,42176.37,57866.38,15690.01,South,Completed
ORD04173,2025-10-11,CUST0334,P0196,2,0.0,385.78,231.62,771.56,308.32,East,Completed
ORD09395,2025-10-11,CUST0549,P0044,1,0.05,59463.82,38619.72,56490.63,17870.91,South,Cancelled
ORD04502,2025-10-11,CUST0364,P0004,2,0.2,20696.25,15931.27,33114.0,1251.46,North,Completed
ORD08469,2025-10-12,CUST0863,P0041,2,0.05,4003.54,2383.24,7606.73,2840.25,South,Completed
ORD02029,2025-10-12,CUST0910,P0010,2,0.1,16072.59,10816.67,28930.66,7297.32,North,Cancelled
ORD01146,2025-10-12,CUST0042,P0075,1,0.1,6740.18,4364.5,6066.16,1701.66,South,Completed
ORD08508,2025-10-12,CUST0953,P0149,1,0.0,2427.19,1691.68,2427.19,735.51,North,Completed
ORD02214,2025-10-12,CUST1000,P0036,1,0.05,1008.83,797.09,958.39,161.3,East,Completed
ORD00535,2025-10-12,CUST0497,P0009,3,0.1,724.93,490.11,1957.31,486.98,East,Completed
ORD03828,2025-10-12,CUST0621,P0009,1,0.05,724.93,490.11,688.68,198.57,West,Cancelled
ORD07498,2025-10-12,CUST0898,P0078,3,0.0,66750.32,43644.61,200250.96,69317.13,South,Completed
ORD00225,2025-10-12,CUST0950,P0023,5,0.0,29957.89,23747.89,149789.45,31050.0,East,Completed
ORD02992,2025-10-12,CUST0401,P0077,1,0.15,50047.7,37709.36,42540.54,4831.18,North,Completed
ORD03026,2025-10-12,CUST0600,P0146,3,0.05,11482.27,8693.26,32724.47,6644.69,East,Completed
ORD08020,2025-10-13,CUST0093,P0004,3,0.05,20696.25,15931.27,58984.31,11190.5,East,Cancelled
ORD01244,2025-10-13,CUST0215,P0164,4,0.1,8324.94,6438.05,29969.78,4217.58,North,Completed
ORD03315,2025-10-13,CUST0349,P0163,3,0.1,3768.33,3060.43,10174.49,993.2,South,Completed
ORD00071,2025-10-13,CUST0803,P0161,2,0.05,36827.84,23163.81,69972.9,23645.28,East,Completed
ORD03035,2025-10-13,CUST0870,P0036,1,0.1,1008.83,797.09,907.95,110.86,West,Completed
ORD06695,2025-10-13,CUST0573,P0101,3,0.0,51632.3,38843.18,154896.9,38367.36,North,Completed
ORD04262,2025-10-13,CUST0065,P0130,3,0.15,58219.77,46803.43,148460.41,8050.12,South,Completed
ORD05760,2025-10-13,CUST0236,P0112,2,0.1,20043.19,13117.75,36077.74,9842.24,West,Completed
ORD03801,2025-10-13,CUST0041,P0013,1,0.0,8923.66,6594.73,8923.66,2328.93,South,Completed
ORD08127,2025-10-13,CUST0428,P0057,1,0.15,911.67,722.71,774.92,52.21,East,Completed
ORD09147,2025-10-13,CUST0329,P0191,3,0.15,8442.75,6441.23,21529.01,2205.32,North,Completed
ORD08440,2025-10-13,CUST0947,P0174,1,0.05,46343.47,28863.63,44026.3,15162.67,North,Pending
ORD08089,2025-10-13,CUST0351,P0183,2,0.2,66902.29,49511.88,107043.66,8019.9,West,Completed
ORD08184,2025-10-13,CUST0526,P0002,2,0.05,6203.85,4038.58,11787.32,3710.16,South,Completed
ORD03010,2025-10-13,CUST0216,P0006,2,0.15,51610.25,30768.51,87737.42,26200.4,South,Completed
ORD08764,2025-10-14,CUST0455,P0048,4,0.1,1114.29,876.19,4011.44,506.68,North,Completed
ORD07013,2025-10-14,CUST0793,P0150,1,0.1,53462.03,36715.83,48115.83,11400.0,South,Completed
ORD02318,2025-10-14,CUST0336,P0093,1,0.1,10189.0,5911.08,9170.1,3259.02,North,Cancelled
ORD08297,2025-10-14,CUST0096,P0095,1,0.0,9513.49,6495.4,9513.49,3018.09,South,Completed
ORD04760,2025-10-14,CUST0482,P0125,3,0.0,3155.85,2083.96,9467.55,3215.67,East,Completed
ORD06382,2025-10-14,CUST0254,P0170,1,0.05,750.66,462.97,713.13,250.16,West,Completed
ORD01448,2025-10-14,CUST0905,P0157,1,0.05,1290.11,764.14,1225.6,461.46,South,Completed
ORD02572,2025-10-14,CUST0099,P0180,4,0.0,23838.69,16889.32,95354.76,27797.48,South,Cancelled
ORD07865,2025-10-14,CUST0005,P0128,1,0.1,7160.91,4568.96,6444.82,1875.86,East,Completed
ORD09813,2025-10-14,CUST0225,P0116,1,0.0,41570.44,24508.05,41570.44,17062.39,East,Completed
ORD05967,2025-10-14,CUST0112,P0163,2,0.05,3768.33,3060.43,7159.83,1038.97,North,Completed
ORD02105,2025-10-14,CUST0139,P0165,1,0.2,728.57,514.38,582.86,68.48,West,Completed
ORD00254,2025-10-14,CUST0307,P0025,1,0.1,49570.32,37427.29,44613.29,7186.0,West,Completed
ORD07172,2025-10-14,CUST0796,P0143,1,0.1,56727.96,35563.32,51055.16,15491.84,South,Completed
ORD01343,2025-10-14,CUST0297,P0077,1,0.15,50047.7,37709.36,42540.54,4831.18,West,Completed
ORD08438,2025-10-14,CUST0908,P0134,2,0.1,34117.69,25387.96,61411.84,10635.92,East,Completed
ORD02184,2025-10-14,CUST0428,P0047,2,0.1,1004.63,793.19,1808.33,221.95,East,Completed
ORD07979,2025-10-14,CUST0152,P0171,2,0.05,39010.06,29472.11,74119.11,15174.89,South,Completed
ORD07188,2025-10-14,CUST0115,P0180,2,0.2,23838.69,16889.32,38141.9,4363.26,North,Completed
ORD09932,2025-10-15,CUST0856,P0118,2,0.05,36939.5,23012.67,70185.05,24159.71,West,Completed
ORD01979,2025-10-15,CUST0753,P0079,1,0.05,409.51,310.64,389.03,78.39,East,Completed
ORD08230,2025-10-15,CUST0391,P0077,1,0.0,50047.7,37709.36,50047.7,12338.34,South,Completed
ORD09525,2025-10-15,CUST0722,P0082,3,0.05,14583.87,9123.23,41564.03,14194.34,North,Completed
ORD01409,2025-10-15,CUST0255,P0009,1,0.2,724.93,490.11,579.94,89.83,South,Completed
ORD06514,2025-10-15,CUST0680,P0174,5,0.15,46343.47,28863.63,196959.75,52641.6,South,Completed
ORD07086,2025-10-15,CUST0353,P0142,2,0.0,4782.08,3282.92,9564.16,2998.32,East,Cancelled
ORD05413,2025-10-15,CUST0086,P0033,2,0.0,54569.41,31985.14,109138.82,45168.54,West,Completed
ORD05790,2025-10-15,CUST0838,P0033,1,0.0,54569.41,31985.14,54569.41,22584.27,West,Completed
ORD04993,2025-10-15,CUST0739,P0096,1,0.05,22714.55,15565.72,21578.82,6013.1,North,Completed
ORD07676,2025-10-15,CUST0925,P0183,2,0.15,66902.29,49511.88,113733.89,14710.13,South,Completed
ORD05772,2025-10-15,CUST0714,P0128,1,0.0,7160.91,4568.96,7160.91,2591.95,North,Completed
ORD06848,2025-10-16,CUST0336,P0173,2,0.15,4259.82,3133.66,7241.69,974.37,North,Pending
ORD00192,2025-10-16,CUST0663,P0028,2,0.1,1126.53,825.36,2027.75,377.03,North,Cancelled
ORD04360,2025-10-16,CUST0002,P0124,1,0.1,38907.93,29071.02,35017.14,5946.12,West,Completed
ORD00317,2025-10-16,CUST0931,P0169,1,0.1,12339.56,8305.1,11105.6,2800.5,West,Completed
ORD06755,2025-10-16,CUST0119,P0180,2,0.05,23838.69,16889.32,45293.51,11514.87,East,Completed
ORD09789,2025-10-16,CUST0269,P0150,2,0.1,53462.03,36715.83,96231.65,22799.99,East,Cancelled
ORD06004,2025-10-16,CUST0411,P0192,2,0.05,20821.66,13717.57,39561.15,12126.01,East,Cancelled
ORD05008,2025-10-16,CUST0173,P0005,4,0.15,759.62,541.79,2582.71,415.55,West,Pending
ORD03898,2025-10-16,CUST0172,P0146,1,0.1,11482.27,8693.26,10334.04,1640.78,South,Completed
ORD06301,2025-10-16,CUST0255,P0138,1,0.15,30903.45,21958.56,26267.93,4309.37,South,Completed
ORD02411,2025-10-16,CUST0651,P0162,1,0.1,46811.03,27452.25,42129.93,14677.68,West,Cancelled
ORD03177,2025-10-16,CUST0800,P0004,3,0.1,20696.25,15931.27,55879.88,8086.07,North,Pending
ORD05746,2025-10-16,CUST0816,P0118,5,0.1,36939.5,23012.67,166227.75,51164.4,East,Completed
ORD02779,2025-10-16,CUST0396,P0168,3,0.0,1780.85,1042.33,5342.55,2215.56,West,Completed
ORD07564,2025-10-16,CUST0896,P0171,1,0.0,39010.06,29472.11,39010.06,9537.95,South,Cancelled
ORD06992,2025-10-16,CUST0457,P0145,2,0.1,360.46,274.8,648.83,99.23,North,Completed
ORD06090,2025-10-16,CUST0093,P0190,2,0.1,2296.71,1653.27,4134.08,827.54,East,Completed
ORD06626,2025-10-17,CUST0440,P0035,2,0.0,56932.8,34147.01,113865.6,45571.58,East,Completed
ORD09413,2025-10-17,CUST0281,P0013,4,0.0,8923.66,6594.73,35694.64,9315.72,East,Completed
ORD08415,2025-10-17,CUST0764,P0009,1,0.05,724.93,490.11,688.68,198.57,East,Completed
ORD06853,2025-10-17,CUST0255,P0134,2,0.15,34117.69,25387.96,58000.07,7224.15,South,Completed
ORD06103,2025-10-17,CUST0010,P0089,1,0.05,74892.61,50603.0,71147.98,20544.98,West,Completed
ORD05920,2025-10-17,CUST0344,P0030,5,0.15,23508.75,18216.9,99912.19,8827.69,East,Completed
ORD09221,2025-10-17,CUST0415,P0104,3,0.2,22437.82,18159.1,53850.77,-626.53,North,Completed
ORD07831,2025-10-17,CUST0447,P0122,1,0.0,17942.76,13133.8,17942.76,4808.96,South,Completed
ORD06800,2025-10-17,CUST0804,P0111,1,0.0,32818.12,23699.05,32818.12,9119.07,North,Completed
ORD04303,2025-10-17,CUST0890,P0137,4,0.1,3327.18,2091.19,11977.85,3613.09,North,Completed
ORD03953,2025-10-17,CUST0956,P0044,2,0.1,59463.82,38619.72,107034.88,29795.44,West,Completed
ORD07059,2025-10-17,CUST0668,P0171,1,0.05,39010.06,29472.11,37059.56,7587.45,West,Completed
ORD01674,2025-10-18,CUST0210,P0117,1,0.0,62915.52,50890.59,62915.52,12024.93,East,Pending
ORD00249,2025-10-18,CUST0568,P0130,2,0.1,58219.77,46803.43,104795.59,11188.73,West,Completed
ORD05560,2025-10-18,CUST0139,P0104,2,0.05,22437.82,18159.1,42631.86,6313.66,West,Completed
ORD07668,2025-10-18,CUST0435,P0161,3,0.15,36827.84,23163.81,93910.99,24419.56,South,Cancelled
ORD09502,2025-10-18,CUST0981,P0115,2,0.2,9526.21,7338.52,15241.94,564.9,East,Cancelled
ORD08365,2025-10-18,CUST0622,P0166,1,0.05,47059.67,34982.34,44706.69,9724.35,East,Cancelled
ORD06559,2025-10-18,CUST0709,P0032,2,0.15,39614.35,24714.41,67344.39,17915.57,North,Completed
ORD09266,2025-10-18,CUST0483,P0137,3,0.0,3327.18,2091.19,9981.54,3707.97,North,Completed
ORD01826,2025-10-19,CUST0737,P0016,1,0.05,20196.29,11952.43,19186.48,7234.05,East,Completed
ORD00602,2025-10-19,CUST0335,P0095,1,0.0,9513.49,6495.4,9513.49,3018.09,South,Completed
ORD08079,2025-10-19,CUST0667,P0087,1,0.0,11879.48,8267.83,11879.48,3611.65,South,Completed
ORD06411,2025-10-19,CUST0031,P0111,3,0.0,32818.12,23699.05,98454.36,27357.21,South,Completed
ORD04320,2025-10-19,CUST0257,P0062,1,0.05,7214.7,5874.11,6853.96,979.85,East,Completed
ORD04111,2025-10-19,CUST0299,P0049,2,0.0,56396.41,44202.58,112792.82,24387.66,North,Completed
ORD01634,2025-10-19,CUST0652,P0189,2,0.2,38312.77,25713.12,61300.43,9874.19,North,Completed
ORD08441,2025-10-19,CUST0110,P0185,2,0.15,76508.26,54062.35,130064.04,21939.34,West,Completed
ORD09208,2025-10-19,CUST0916,P0143,2,0.0,56727.96,35563.32,113455.92,42329.28,East,Completed
ORD08475,2025-10-19,CUST0359,P0164,3,0.1,8324.94,6438.05,22477.34,3163.19,South,Completed
ORD07652,2025-10-19,CUST0392,P0001,4,0.0,796.95,617.19,3187.8,719.04,North,Completed
ORD04351,2025-10-19,CUST0672,P0121,3,0.0,975.23,645.82,2925.69,988.23,West,Completed
ORD07514,2025-10-19,CUST0998,P0122,2,0.05,17942.76,13133.8,34091.24,7823.64,South,Completed
ORD02424,2025-10-20,CUST0348,P0189,2,0.15,38312.77,25713.12,65131.71,13705.47,East,Completed
ORD01144,2025-10-20,CUST0554,P0075,2,0.0,6740.18,4364.5,13480.36,4751.36,North,Completed
ORD04229,2025-10-20,CUST0615,P0026,1,0.0,53440.86,40308.66,53440.86,13132.2,West,Completed
ORD06082,2025-10-20,CUST0472,P0195,4,0.1,15240.21,11813.53,54864.76,7610.64,North,Completed
ORD04522,2025-10-20,CUST0850,P0061,2,0.1,49224.25,33194.34,88603.65,22214.97,West,Completed
ORD07768,2025-10-20,CUST0662,P0106,2,0.0,526.46,370.01,1052.92,312.9,East,Completed
ORD09109,2025-10-20,CUST0356,P0189,2,0.05,38312.77,25713.12,72794.26,21368.02,West,Completed
ORD01818,2025-10-20,CUST0537,P0090,2,0.0,446.05,334.33,892.1,223.44,West,Completed
ORD08450,2025-10-20,CUST0649,P0166,3,0.1,47059.67,34982.34,127061.11,22114.09,East,Completed
ORD04661,2025-10-20,CUST0267,P0069,1,0.05,196.15,126.8,186.34,59.54,North,Completed
ORD02209,2025-10-20,CUST0556,P0163,1,0.15,3768.33,3060.43,3203.08,142.65,North,Completed
ORD03662,2025-10-21,CUST0570,P0002,1,0.05,6203.85,4038.58,5893.66,1855.08,West,Completed
ORD09270,2025-10-21,CUST0201,P0133,3,0.1,30154.78,21233.5,81417.91,17717.41,West,Cancelled
ORD00780,2025-10-21,CUST0803,P0092,1,0.1,41737.72,32410.53,37563.95,5153.42,East,Completed
ORD00433,2025-10-21,CUST0987,P0086,1,0.1,519.82,398.56,467.84,69.28,North,Completed
ORD00331,2025-10-21,CUST0969,P0140,1,0.0,12142.58,7367.6,12142.58,4774.98,East,Completed
ORD05600,2025-10-21,CUST0471,P0163,2,0.05,3768.33,3060.43,7159.83,1038.97,South,Completed
ORD04639,2025-10-21,CUST0782,P0063,3,0.0,12786.65,8472.2,38359.95,12943.35,West,Completed
ORD07468,2025-10-21,CUST0954,P0055,1,0.05,6422.29,4812.56,6101.18,1288.62,East,Cancelled
ORD04776,2025-10-21,CUST0503,P0090,4,0.05,446.05,334.33,1694.99,357.67,South,Completed
ORD07247,2025-10-21,CUST0704,P0186,4,0.0,36288.91,28203.52,145155.64,32341.56,North,Completed
ORD09999,2025-10-21,CUST0461,P0135,5,0.2,644.55,462.91,2578.2,263.65,West,Completed
ORD08038,2025-10-21,CUST0020,P0197,4,0.1,15133.72,11886.63,54481.39,6934.87,West,Completed
ORD08409,2025-10-21,CUST0723,P0046,4,0.15,61902.8,37121.36,210469.52,61984.08,West,Pending
ORD05109,2025-10-21,CUST0740,P0175,2,0.0,791.76,614.23,1583.52,355.06,East,Completed
ORD01016,2025-10-22,CUST0970,P0102,4,0.15,4149.23,2427.22,14107.38,4398.5,North,Completed
ORD01770,2025-10-22,CUST0962,P0174,1,0.05,46343.47,28863.63,44026.3,15162.67,North,Pending
ORD00920,2025-10-22,CUST0358,P0081,2,0.15,11112.68,6733.47,18891.56,5424.62,North,Completed
ORD06826,2025-10-22,CUST0471,P0013,3,0.2,8923.66,6594.73,21416.78,1632.59,South,Completed
ORD09679,2025-10-22,CUST0022,P0152,1,0.0,5896.48,4498.55,5896.48,1397.93,West,Completed
ORD02554,2025-10-22,CUST0270,P0168,1,0.0,1780.85,1042.33,1780.85,738.52,West,Completed
ORD09812,2025-10-22,CUST0943,P0165,2,0.15,728.57,514.38,1238.57,209.81,East,Completed
ORD01696,2025-10-22,CUST0293,P0183,2,0.0,66902.29,49511.88,133804.58,34780.82,West,Completed
ORD03335,2025-10-22,CUST0104,P0147,4,0.2,22737.01,13458.16,72758.43,18925.79,West,Completed
ORD04490,2025-10-22,CUST0166,P0129,1,0.15,43850.97,27932.89,37273.32,9340.43,North,Cancelled
ORD01968,2025-10-22,CUST0222,P0196,2,0.2,385.78,231.62,617.25,154.01,South,Completed
ORD00566,2025-10-22,CUST0763,P0188,1,0.05,5272.37,3130.49,5008.75,1878.26,South,Completed
ORD01675,2025-10-22,CUST0615,P0149,1,0.0,2427.19,1691.68,2427.19,735.51,West,Completed
ORD01670,2025-10-22,CUST0704,P0137,1,0.15,3327.18,2091.19,2828.1,736.91,North,Completed
ORD05376,2025-10-22,CUST0935,P0030,1,0.1,23508.75,18216.9,21157.88,2940.98,North,Completed
ORD03390,2025-10-22,CUST0992,P0087,1,0.05,11879.48,8267.83,11285.51,3017.68,East,Completed
ORD03985,2025-10-22,CUST0058,P0106,2,0.15,526.46,370.01,894.98,154.96,West,Completed
ORD07723,2025-10-22,CUST0923,P0131,3,0.1,896.08,597.69,2419.42,626.35,South,Completed
ORD07636,2025-10-22,CUST0580,P0134,3,0.1,34117.69,25387.96,92117.76,15953.88,West,Completed
ORD09319,2025-10-22,CUST0530,P0056,5,0.05,312.97,191.98,1486.61,526.71,North,Completed
ORD09347,2025-10-22,CUST0698,P0186,2,0.0,36288.91,28203.52,72577.82,16170.78,North,Completed
ORD08197,2025-10-23,CUST0115,P0135,3,0.05,644.55,462.91,1836.97,448.24,North,Completed
ORD00503,2025-10-23,CUST0605,P0003,1,0.1,15581.84,9713.54,14023.66,4310.12,West,Completed
ORD03368,2025-10-23,CUST0852,P0079,1,0.05,409.51,310.64,389.03,78.39,North,Completed
ORD08403,2025-10-23,CUST0776,P0120,1,0.1,57866.38,42176.37,52079.74,9903.37,East,Completed
ORD04062,2025-10-23,CUST0783,P0179,2,0.0,12818.17,8758.44,25636.34,8119.46,East,Completed
ORD09249,2025-10-23,CUST0273,P0156,1,0.2,44665.09,34536.09,35732.07,1195.98,East,Completed
ORD09866,2025-10-23,CUST0495,P0082,1,0.15,14583.87,9123.23,12396.29,3273.06,North,Completed
ORD08529,2025-10-23,CUST0895,P0112,1,0.0,20043.19,13117.75,20043.19,6925.44,East,Completed
ORD02353,2025-10-23,CUST0713,P0098,1,0.0,15055.62,11767.46,15055.62,3288.16,West,Completed
ORD08809,2025-10-23,CUST0603,P0185,2,0.1,76508.26,54062.35,137714.87,29590.17,East,Completed
ORD09070,2025-10-23,CUST0676,P0040,3,0.1,568.55,361.32,1535.08,451.12,South,Completed
ORD03878,2025-10-24,CUST0617,P0136,2,0.15,3029.54,2200.52,5150.22,749.18,South,Completed
ORD08649,2025-10-24,CUST0973,P0054,1,0.05,34828.61,21081.63,33087.18,12005.55,South,Completed
ORD09041,2025-10-24,CUST0910,P0185,1,0.1,76508.26,54062.35,68857.43,14795.08,North,Completed
ORD05671,2025-10-24,CUST0410,P0182,3,0.05,15590.28,12172.38,44432.3,7915.16,East,Completed
ORD00797,2025-10-24,CUST0355,P0062,1,0.05,7214.7,5874.11,6853.96,979.85,North,Cancelled
ORD06146,2025-10-24,CUST0775,P0157,1,0.05,1290.11,764.14,1225.6,461.46,South,Completed
ORD07246,2025-10-24,CUST0524,P0023,5,0.2,29957.89,23747.89,119831.56,1092.11,East,Completed
ORD06309,2025-10-24,CUST0069,P0020,1,0.0,14020.39,10682.55,14020.39,3337.84,West,Completed
ORD09666,2025-10-24,CUST0635,P0114,2,0.0,16683.02,10299.86,33366.04,12766.32,East,Completed
ORD04049,2025-10-24,CUST0269,P0069,4,0.0,196.15,126.8,784.6,277.4,East,Completed
ORD06492,2025-10-24,CUST0022,P0080,3,0.1,67342.32,40846.14,181824.26,59285.84,West,Completed
ORD01594,2025-10-24,CUST0018,P0024,1,0.1,792.84,470.21,713.56,243.35,West,Completed
ORD02188,2025-10-24,CUST0326,P0199,4,0.0,404.58,321.41,1618.32,332.68,North,Completed
ORD09863,2025-10-24,CUST0694,P0007,1,0.1,8223.62,4942.96,7401.26,2458.3,North,Completed
ORD07653,2025-10-25,CUST0412,P0186,4,0.05,36288.91,28203.52,137897.86,25083.78,East,Completed
ORD00772,2025-10-25,CUST0955,P0073,4,0.2,15561.42,10813.46,49796.54,6542.7,East,Cancelled
ORD00189,2025-10-25,CUST0026,P0099,1,0.05,908.9,743.94,863.46,119.52,South,Completed
ORD07665,2025-10-25,CUST0892,P0033,1,0.15,54569.41,31985.14,46384.0,14398.86,South,Completed
ORD05615,2025-10-25,CUST0280,P0013,2,0.15,8923.66,6594.73,15170.22,1980.76,South,Completed
ORD00464,2025-10-25,CUST0673,P0019,3,0.05,27844.42,18931.51,79356.6,22562.07,South,Completed
ORD01130,2025-10-25,CUST0603,P0169,4,0.0,12339.56,8305.1,49358.24,16137.84,East,Completed
ORD04992,2025-10-25,CUST0771,P0098,4,0.05,15055.62,11767.46,57211.36,10141.52,West,Completed
ORD03183,2025-10-25,CUST0056,P0128,2,0.05,7160.91,4568.96,13605.73,4467.81,North,Completed
ORD03016,2025-10-25,CUST0186,P0147,3,0.15,22737.01,13458.16,57979.38,17604.9,North,Completed
ORD01154,2025-10-25,CUST0073,P0082,2,0.15,14583.87,9123.23,24792.58,6546.12,West,Completed
ORD04552,2025-10-25,CUST0474,P0136,2,0.05,3029.54,2200.52,5756.13,1355.09,North,Completed
ORD09315,2025-10-25,CUST0403,P0036,3,0.1,1008.83,797.09,2723.84,332.57,South,Completed
ORD04426,2025-10-25,CUST0181,P0091,1,0.05,49350.46,32483.04,46882.94,14399.9,East,Completed
ORD02924,2025-10-25,CUST0772,P0030,5,0.1,23508.75,18216.9,105789.38,14704.88,West,Completed
ORD02075,2025-10-25,CUST0527,P0064,1,0.1,20038.07,13846.76,18034.26,4187.5,East,Completed
ORD04807,2025-10-26,CUST0653,P0146,1,0.15,11482.27,8693.26,9759.93,1066.67,West,Completed
ORD07719,2025-10-26,CUST0595,P0035,1,0.0,56932.8,34147.01,56932.8,22785.79,East,Completed
ORD01261,2025-10-26,CUST0644,P0040,1,0.15,568.55,361.32,483.27,121.95,North,Completed
ORD04085,2025-10-26,CUST0783,P0107,3,0.1,72638.94,50890.24,196125.14,43454.42,East,Completed
ORD02964,2025-10-26,CUST0558,P0163,1,0.1,3768.33,3060.43,3391.5,331.07,East,Completed
ORD09845,2025-10-26,CUST0097,P0051,2,0.15,57445.48,35926.8,97657.32,25803.72,East,Completed
ORD01983,2025-10-26,CUST0228,P0118,3,0.05,36939.5,23012.67,105277.58,36239.57,South,Completed
ORD04510,2025-10-26,CUST0999,P0133,1,0.1,30154.78,21233.5,27139.3,5905.8,North,Completed
ORD02529,2025-10-26,CUST0664,P0188,2,0.0,5272.37,3130.49,10544.74,4283.76,West,Cancelled
ORD03640,2025-10-26,CUST0768,P0185,1,0.2,76508.26,54062.35,61206.61,7144.26,East,Completed
ORD07146,2025-10-26,CUST0876,P0110,1,0.05,30098.59,20298.4,28593.66,8295.26,South,Completed
ORD02514,2025-10-26,CUST0567,P0117,1,0.1,62915.52,50890.59,56623.97,5733.38,North,Completed
ORD02781,2025-10-26,CUST0138,P0014,2,0.05,18597.52,13817.51,35335.29,7700.27,West,Pending
ORD09440,2025-10-26,CUST0304,P0091,3,0.0,49350.46,32483.04,148051.38,50602.26,West,Completed
ORD08528,2025-10-27,CUST0482,P0165,1,0.05,728.57,514.38,692.14,177.76,East,Completed
ORD05825,2025-10-27,CUST0035,P0156,1,0.05,44665.09,34536.09,42431.84,7895.75,West,Completed
ORD09588,2025-10-27,CUST0540,P0032,2,0.05,39614.35,24714.41,75267.26,25838.44,West,Completed
ORD00995,2025-10-27,CUST0705,P0025,1,0.05,49570.32,37427.29,47091.8,9664.51,West,Completed
ORD05170,2025-10-27,CUST0814,P0168,2,0.0,1780.85,1042.33,3561.7,1477.04,East,Completed
ORD03469,2025-10-27,CUST0354,P0121,3,0.1,975.23,645.82,2633.12,695.66,West,Completed
ORD02011,2025-10-27,CUST0237,P0148,3,0.15,15484.78,9786.06,39486.19,10128.01,North,Completed
ORD00929,2025-10-27,CUST0827,P0133,2,0.05,30154.78,21233.5,57294.08,14827.08,West,Completed
ORD05174,2025-10-27,CUST0863,P0126,1,0.2,41856.24,33581.85,33484.99,-96.86,South,Completed
ORD05477,2025-10-27,CUST0457,P0048,2,0.15,1114.29,876.19,1894.29,141.91,North,Completed
ORD00946,2025-10-27,CUST0519,P0162,3,0.0,46811.03,27452.25,140433.09,58076.34,North,Completed
ORD05495,2025-10-27,CUST0918,P0199,2,0.1,404.58,321.41,728.24,85.42,West,Completed
ORD02565,2025-10-27,CUST0822,P0116,1,0.05,41570.44,24508.05,39491.92,14983.87,North,Completed
ORD00860,2025-10-28,CUST0809,P0196,2,0.1,385.78,231.62,694.4,231.16,North,Completed
ORD02292,2025-10-28,CUST0775,P0125,3,0.1,3155.85,2083.96,8520.8,2268.92,South,Completed
ORD06239,2025-10-28,CUST0825,P0075,3,0.0,6740.18,4364.5,20220.54,7127.04,South,Completed
ORD00829,2025-10-28,CUST0120,P0110,2,0.1,30098.59,20298.4,54177.46,13580.66,North,Completed
ORD05975,2025-10-28,CUST0324,P0111,2,0.15,32818.12,23699.05,55790.8,8392.7,East,Completed
ORD06921,2025-10-28,CUST0105,P0119,4,0.0,11965.18,9132.35,47860.72,11331.32,South,Completed
ORD05700,2025-10-28,CUST0411,P0112,2,0.1,20043.19,13117.75,36077.74,9842.24,East,Completed
ORD01769,2025-10-28,CUST0716,P0191,1,0.0,8442.75,6441.23,8442.75,2001.52,North,Cancelled
ORD01780,2025-10-28,CUST0069,P0104,1,0.1,22437.82,18159.1,20194.04,2034.94,West,Completed
ORD04944,2025-10-28,CUST0387,P0137,1,0.05,3327.18,2091.19,3160.82,1069.63,West,Completed
ORD09228,2025-10-28,CUST0508,P0138,2,0.05,30903.45,21958.56,58716.56,14799.44,West,Pending
ORD03497,2025-10-28,CUST0976,P0197,3,0.1,15133.72,11886.63,40861.04,5201.15,East,Completed
ORD08625,2025-10-28,CUST0584,P0070,1,0.2,56679.56,41863.05,45343.65,3480.6,North,Completed
ORD01744,2025-10-28,CUST0914,P0066,1,0.1,15521.48,11472.78,13969.33,2496.55,East,Completed
ORD02280,2025-10-28,CUST0876,P0032,1,0.15,39614.35,24714.41,33672.2,8957.79,South,Completed
ORD07645,2025-10-29,CUST0489,P0068,2,0.15,41326.98,32432.51,70255.87,5390.85,South,Completed
ORD01393,2025-10-29,CUST0945,P0149,3,0.15,2427.19,1691.68,6189.33,1114.29,West,Completed
ORD08829,2025-10-29,CUST0502,P0150,4,0.0,53462.03,36715.83,213848.12,66984.8,South,Completed
ORD07655,2025-10-29,CUST0875,P0102,3,0.1,4149.23,2427.22,11202.92,3921.26,South,Completed
ORD07185,2025-10-29,CUST0527,P0185,4,0.05,76508.26,54062.35,290731.39,74481.99,East,Completed
ORD00840,2025-10-29,CUST0888,P0014,1,0.1,18597.52,13817.51,16737.77,2920.26,North,Completed
ORD07616,2025-10-29,CUST0527,P0177,3,0.05,783.92,493.62,2234.17,753.31,East,Completed
ORD05075,2025-10-30,CUST0585,P0050,2,0.1,8890.7,6907.47,16003.26,2188.32,East,Completed
ORD07455,2025-10-30,CUST0991,P0066,2,0.0,15521.48,11472.78,31042.96,8097.4,North,Completed
ORD02403,2025-10-30,CUST0764,P0151,2,0.1,5830.9,4665.5,10495.62,1164.62,East,Completed
ORD06928,2025-10-30,CUST0821,P0149,3,0.05,2427.19,1691.68,6917.49,1842.45,North,Completed
ORD03659,2025-10-30,CUST0382,P0112,2,0.05,20043.19,13117.75,38082.06,11846.56,North,Completed
ORD07591,2025-10-30,CUST0525,P0157,1,0.1,1290.11,764.14,1161.1,396.96,North,Completed
ORD08199,2025-10-30,CUST0212,P0021,2,0.05,6878.25,5112.71,13068.68,2843.26,South,Pending
ORD06018,2025-10-30,CUST0191,P0040,2,0.05,568.55,361.32,1080.24,357.6,East,Completed
ORD00544,2025-10-30,CUST0903,P0027,2,0.15,20926.64,14284.36,35575.29,7006.57,East,Completed
ORD07766,2025-10-30,CUST0246,P0142,2,0.1,4782.08,3282.92,8607.74,2041.9,South,Completed
ORD07789,2025-10-30,CUST0356,P0146,1,0.0,11482.27,8693.26,11482.27,2789.01,West,Completed
ORD01306,2025-10-30,CUST0021,P0086,4,0.0,519.82,398.56,2079.28,485.04,North,Completed
ORD06081,2025-10-31,CUST0341,P0073,1,0.0,15561.42,10813.46,15561.42,4747.96,West,Completed
ORD04582,2025-10-31,CUST0257,P0054,3,0.05,34828.61,21081.63,99261.54,36016.65,East,Completed
ORD02143,2025-10-31,CUST0069,P0133,1,0.0,30154.78,21233.5,30154.78,8921.28,West,Completed
ORD06447,2025-10-31,CUST0134,P0043,2,0.05,528.82,390.77,1004.76,223.22,East,Completed
ORD07873,2025-10-31,CUST0658,P0068,1,0.1,41326.98,32432.51,37194.28,4761.77,North,Completed
ORD05006,2025-10-31,CUST0859,P0121,1,0.2,975.23,645.82,780.18,134.36,South,Cancelled
ORD04248,2025-10-31,CUST0832,P0043,1,0.05,528.82,390.77,502.38,111.61,South,Completed
ORD08609,2025-10-31,CUST0132,P0009,4,0.1,724.93,490.11,2609.75,649.31,South,Completed
ORD00214,2025-10-31,CUST0409,P0009,2,0.0,724.93,490.11,1449.86,469.64,East,Completed
ORD08378,2025-10-31,CUST0475,P0082,2,0.2,14583.87,9123.23,23334.19,5087.73,West,Completed
ORD00017,2025-10-31,CUST0563,P0135,3,0.0,644.55,462.91,1933.65,544.92,West,Completed
ORD04152,2025-10-31,CUST0257,P0036,2,0.05,1008.83,797.09,1916.78,322.6,East,Completed
ORD09017,2025-10-31,CUST0851,P0063,2,0.0,12786.65,8472.2,25573.3,8628.9,West,Completed
ORD01466,2025-10-31,CUST0758,P0152,1,0.2,5896.48,4498.55,4717.18,218.63,West,Completed
ORD07036,2025-10-31,CUST0541,P0083,2,0.0,374.27,289.15,748.54,170.24,South,Completed
ORD09237,2025-11-01,CUST0109,P0178,4,0.05,4042.35,3098.18,15360.93,2968.21,South,Completed
ORD08640,2025-11-01,CUST0338,P0076,4,0.05,20055.1,12211.29,76209.38,27364.22,North,Completed
ORD05054,2025-11-01,CUST0648,P0017,1,0.0,17284.69,10596.05,17284.69,6688.64,West,Completed
ORD02470,2025-11-01,CUST0689,P0108,1,0.0,673.74,534.39,673.74,139.35,East,Completed
ORD08481,2025-11-01,CUST0516,P0010,1,0.05,16072.59,10816.67,15268.96,4452.29,East,Completed
ORD00185,2025-11-02,CUST0577,P0077,3,0.0,50047.7,37709.36,150143.1,37015.02,West,Completed
ORD00278,2025-11-02,CUST0420,P0031,4,0.05,12553.48,9544.5,47703.22,9525.22,South,Completed
ORD06717,2025-11-02,CUST0464,P0110,2,0.0,30098.59,20298.4,60197.18,19600.38,East,Completed
ORD07577,2025-11-02,CUST0228,P0164,1,0.1,8324.94,6438.05,7492.45,1054.4,South,Completed
ORD04408,2025-11-02,CUST0573,P0030,5,0.0,23508.75,18216.9,117543.75,26459.25,North,Completed
ORD05521,2025-11-02,CUST0923,P0023,1,0.05,29957.89,23747.89,28460.0,4712.11,South,Completed
ORD01162,2025-11-02,CUST0665,P0002,1,0.15,6203.85,4038.58,5273.27,1234.69,West,Completed
ORD05403,2025-11-02,CUST0114,P0035,2,0.0,56932.8,34147.01,113865.6,45571.58,South,Completed
ORD08645,2025-11-02,CUST0152,P0048,2,0.0,1114.29,876.19,2228.58,476.2,South,Completed
ORD04539,2025-11-03,CUST0799,P0026,1,0.05,53440.86,40308.66,50768.82,10460.16,East,Completed
ORD07061,2025-11-03,CUST0485,P0060,3,0.2,32036.99,25220.68,76888.78,1226.74,South,Completed
ORD08892,2025-11-03,CUST0900,P0125,1,0.15,3155.85,2083.96,2682.47,598.51,South,Completed
ORD04325,2025-11-03,CUST0025,P0147,2,0.05,22737.01,13458.16,43200.32,16284.0,South,Completed
ORD08046,2025-11-03,CUST0909,P0144,1,0.05,501.46,362.98,476.39,113.41,East,Completed
ORD03180,2025-11-03,CUST0026,P0165,2,0.1,728.57,514.38,1311.43,282.67,South,Completed
ORD01495,2025-11-03,CUST0835,P0003,3,0.15,15581.84,9713.54,39733.69,10593.07,West,Completed
ORD01136,2025-11-03,CUST0817,P0005,1,0.0,759.62,541.79,759.62,217.83,West,Completed
ORD04391,2025-11-03,CUST0792,P0094,1,0.2,77812.86,47690.34,62250.29,14559.95,East,Completed
ORD08132,2025-11-03,CUST0545,P0034,3,0.05,143.7,100.11,409.54,109.21,West,Completed
ORD05418,2025-11-03,CUST0718,P0182,1,0.0,15590.28,12172.38,15590.28,3417.9,West,Completed
ORD04774,2025-11-03,CUST0917,P0013,1,0.15,8923.66,6594.73,7585.11,990.38,West,Pending
ORD01346,2025-11-04,CUST0229,P0030,2,0.1,23508.75,18216.9,42315.75,5881.95,West,Completed
ORD05902,2025-11-04,CUST0819,P0038,2,0.05,25137.53,20080.78,47761.31,7599.75,North,Completed
ORD03025,2025-11-04,CUST0873,P0188,1,0.05,5272.37,3130.49,5008.75,1878.26,South,Cancelled
ORD01933,2025-11-04,CUST0589,P0041,1,0.05,4003.54,2383.24,3803.36,1420.12,East,Completed
ORD01929,2025-11-04,CUST0787,P0186,2,0.0,36288.91,28203.52,72577.82,16170.78,East,Completed
ORD09615,2025-11-04,CUST0799,P0062,3,0.1,7214.7,5874.11,19479.69,1857.36,East,Completed
ORD03660,2025-11-04,CUST0982,P0069,1,0.0,196.15,126.8,196.15,69.35,East,Completed
ORD03338,2025-11-04,CUST0101,P0197,1,0.0,15133.72,11886.63,15133.72,3247.09,East,Completed
ORD07356,2025-11-04,CUST0481,P0158,1,0.1,33125.35,22293.09,29812.82,7519.73,West,Completed
ORD03310,2025-11-04,CUST0805,P0120,4,0.05,57866.38,42176.37,219892.24,51186.76,West,Completed
ORD08663,2025-11-04,CUST0511,P0129,4,0.2,43850.97,27932.89,140323.1,28591.54,West,Completed
ORD01494,2025-11-04,CUST0567,P0075,4,0.0,6740.18,4364.5,26960.72,9502.72,North,Completed
ORD04935,2025-11-04,CUST0592,P0128,4,0.0,7160.91,4568.96,28643.64,10367.8,South,Completed
ORD04676,2025-11-05,CUST0953,P0155,1,0.0,9808.49,7104.6,9808.49,2703.89,North,Completed
ORD00935,2025-11-05,CUST0301,P0006,1,0.0,51610.25,30768.51,51610.25,20841.74,North,Completed
ORD03502,2025-11-05,CUST0128,P0061,4,0.0,49224.25,33194.34,196897.0,64119.64,South,Completed
ORD01333,2025-11-05,CUST0865,P0147,4,0.0,22737.01,13458.16,90948.04,37115.4,South,Completed
ORD02889,2025-11-05,CUST0193,P0137,2,0.0,3327.18,2091.19,6654.36,2471.98,East,Completed
ORD02458,2025-11-05,CUST0239,P0180,2,0.15,23838.69,16889.32,40525.77,6747.13,East,Completed
ORD05646,2025-11-05,CUST0208,P0106,3,0.15,526.46,370.01,1342.47,232.44,South,Completed
ORD00427,2025-11-05,CUST0231,P0199,1,0.05,404.58,321.41,384.35,62.94,South,Completed
ORD04452,2025-11-06,CUST0873,P0176,4,0.05,9388.62,6512.18,35676.76,9628.04,South,Completed
ORD02460,2025-11-06,CUST0392,P0168,1,0.05,1780.85,1042.33,1691.81,649.48,North,Completed
ORD03483,2025-11-06,CUST0708,P0072,1,0.0,28334.52,18780.23,28334.52,9554.29,East,Completed
ORD05911,2025-11-06,CUST0918,P0144,1,0.1,501.46,362.98,451.31,88.33,West,Completed
ORD00884,2025-11-06,CUST0852,P0106,3,0.1,526.46,370.01,1421.44,311.41,North,Completed
ORD07374,2025-11-06,CUST0926,P0120,3,0.05,57866.38,42176.37,164919.18,38390.07,West,Completed
ORD08808,2025-11-06,CUST0958,P0002,1,0.0,6203.85,4038.58,6203.85,2165.27,South,Completed
ORD07842,2025-11-06,CUST0967,P0186,2,0.2,36288.91,28203.52,58062.26,1655.22,South,Completed
ORD01299,2025-11-06,CUST0466,P0131,3,0.1,896.08,597.69,2419.42,626.35,South,Completed
ORD08225,2025-11-06,CUST0526,P0048,1,0.05,1114.29,876.19,1058.58,182.39,South,Cancelled
ORD04092,2025-11-06,CUST0934,P0149,1,0.0,2427.19,1691.68,2427.19,735.51,East,Completed
ORD03119,2025-11-06,CUST0471,P0199,1,0.05,404.58,321.41,384.35,62.94,South,Completed
ORD05310,2025-11-06,CUST0828,P0130,1,0.05,58219.77,46803.43,55308.78,8505.35,North,Pending
ORD03334,2025-11-06,CUST0819,P0115,1,0.05,9526.21,7338.52,9049.9,1711.38,North,Pending
ORD01209,2025-11-06,CUST0511,P0075,3,0.2,6740.18,4364.5,16176.43,3082.93,West,Completed
ORD05527,2025-11-06,CUST0547,P0111,1,0.1,32818.12,23699.05,29536.31,5837.26,South,Completed
ORD01429,2025-11-06,CUST0374,P0046,1,0.1,61902.8,37121.36,55712.52,18591.16,East,Completed
ORD03229,2025-11-07,CUST0371,P0040,1,0.05,568.55,361.32,540.12,178.8,North,Completed
ORD01304,2025-11-07,CUST0534,P0186,2,0.05,36288.91,28203.52,68948.93,12541.89,West,Completed
ORD05130,2025-11-07,CUST0147,P0110,1,0.1,30098.59,20298.4,27088.73,6790.33,East,Completed
ORD05675,2025-11-07,CUST0987,P0176,1,0.0,9388.62,6512.18,9388.62,2876.44,North,Completed
ORD02331,2025-11-07,CUST0752,P0058,3,0.0,7347.4,4878.31,22042.2,7407.27,East,Completed
ORD04300,2025-11-07,CUST0974,P0089,1,0.05,74892.61,50603.0,71147.98,20544.98,South,Completed
ORD06360,2025-11-07,CUST0347,P0123,4,0.1,77212.89,61788.48,277966.4,30812.48,North,Completed
ORD09053,2025-11-07,CUST0385,P0198,1,0.05,715.13,510.57,679.37,168.8,East,Cancelled
ORD07249,2025-11-07,CUST0006,P0031,2,0.05,12553.48,9544.5,23851.61,4762.61,South,Completed
ORD05108,2025-11-07,CUST0455,P0179,1,0.0,12818.17,8758.44,12818.17,4059.73,North,Completed
ORD03069,2025-11-07,CUST0778,P0083,1,0.1,374.27,289.15,336.84,47.69,East,Completed
ORD08180,2025-11-07,CUST0637,P0155,3,0.0,9808.49,7104.6,29425.47,8111.67,North,Completed
ORD06885,2025-11-08,CUST0687,P0071,3,0.1,35759.59,27998.22,96550.89,12556.23,East,Completed
ORD02729,2025-11-08,CUST0914,P0048,1,0.1,1114.29,876.19,1002.86,126.67,East,Completed
ORD08110,2025-11-08,CUST0489,P0106,3,0.0,526.46,370.01,1579.38,469.35,South,Completed
ORD02052,2025-11-08,CUST0320,P0132,2,0.0,235.21,163.03,470.42,144.36,West,Completed
ORD07303,2025-11-08,CUST0774,P0098,1,0.0,15055.62,11767.46,15055.62,3288.16,East,Completed
ORD01564,2025-11-08,CUST0801,P0011,3,0.1,50761.69,39171.65,137056.56,19541.61,East,Completed
ORD04636,2025-11-08,CUST0858,P0151,3,0.1,5830.9,4665.5,15743.43,1746.93,South,Completed
ORD01111,2025-11-08,CUST0342,P0066,3,0.15,15521.48,11472.78,39579.77,5161.43,South,Completed
ORD02519,2025-11-08,CUST0090,P0013,1,0.15,8923.66,6594.73,7585.11,990.38,East,Completed
ORD09794,2025-11-08,CUST0503,P0195,2,0.0,15240.21,11813.53,30480.42,6853.36,South,Completed
ORD00190,2025-11-08,CUST0957,P0036,1,0.1,1008.83,797.09,907.95,110.86,North,Completed
ORD02168,2025-11-08,CUST0067,P0149,3,0.0,2427.19,1691.68,7281.57,2206.53,West,Completed
ORD05793,2025-11-08,CUST0466,P0062,4,0.05,7214.7,5874.11,27415.86,3919.42,South,Completed
ORD04054,2025-11-08,CUST0789,P0142,1,0.15,4782.08,3282.92,4064.77,781.85,South,Pending
ORD07844,2025-11-09,CUST0432,P0080,2,0.1,67342.32,40846.14,121216.18,39523.9,East,Completed
ORD08117,2025-11-09,CUST0459,P0097,4,0.05,11100.34,7751.47,42181.29,11175.41,South,Completed
ORD08207,2025-11-09,CUST0215,P0143,2,0.0,56727.96,35563.32,113455.92,42329.28,North,Completed
ORD09840,2025-11-09,CUST0876,P0152,2,0.0,5896.48,4498.55,11792.96,2795.86,South,Completed
ORD02197,2025-11-09,CUST0280,P0052,1,0.1,7440.54,4865.29,6696.49,1831.2,South,Completed
ORD04912,2025-11-09,CUST0787,P0119,1,0.0,11965.18,9132.35,11965.18,2832.83,East,Completed
ORD08443,2025-11-09,CUST0210,P0046,1,0.1,61902.8,37121.36,55712.52,18591.16,East,Completed
ORD00504,2025-11-09,CUST0019,P0079,5,0.05,409.51,310.64,1945.17,391.97,West,Completed
ORD00324,2025-11-09,CUST0446,P0099,1,0.05,908.9,743.94,863.46,119.52,South,Completed
ORD03572,2025-11-09,CUST0945,P0020,2,0.05,14020.39,10682.55,26638.74,5273.64,West,Pending
ORD09833,2025-11-09,CUST0465,P0100,2,0.0,36262.87,22462.27,72525.74,27601.2,West,Completed
ORD00440,2025-11-09,CUST0604,P0089,1,0.0,74892.61,50603.0,74892.61,24289.61,South,Completed
ORD06866,2025-11-09,CUST0668,P0009,2,0.0,724.93,490.11,1449.86,469.64,West,Completed
ORD02749,2025-11-09,CUST0290,P0078,1,0.05,66750.32,43644.61,63412.8,19768.19,North,Completed
ORD09216,2025-11-09,CUST0825,P0142,1,0.1,4782.08,3282.92,4303.87,1020.95,South,Completed
ORD06737,2025-11-10,CUST0839,P0163,1,0.1,3768.33,3060.43,3391.5,331.07,North,Completed
ORD08055,2025-11-10,CUST0209,P0179,2,0.1,12818.17,8758.44,23072.71,5555.83,West,Completed
ORD02681,2025-11-10,CUST0046,P0186,5,0.1,36288.91,28203.52,163300.1,22282.5,North,Completed
ORD01781,2025-11-10,CUST0611,P0105,5,0.0,17543.79,10886.17,87718.95,33288.1,West,Completed
ORD00371,2025-11-10,CUST0114,P0175,2,0.0,791.76,614.23,1583.52,355.06,South,Cancelled
ORD06744,2025-11-10,CUST0057,P0045,1,0.1,2217.01,1355.93,1995.31,639.38,West,Cancelled
ORD03216,2025-11-10,CUST0299,P0079,4,0.05,409.51,310.64,1556.14,313.58,North,Cancelled
ORD03339,2025-11-10,CUST0541,P0152,3,0.05,5896.48,4498.55,16804.97,3309.32,South,Completed
ORD06886,2025-11-10,CUST0259,P0104,1,0.2,22437.82,18159.1,17950.26,-208.84,South,Completed
ORD09194,2025-11-10,CUST0887,P0135,1,0.0,644.55,462.91,644.55,181.64,North,Completed
ORD08763,2025-11-10,CUST0480,P0145,1,0.0,360.46,274.8,360.46,85.66,West,Completed
ORD02482,2025-11-10,CUST0824,P0175,1,0.05,791.76,614.23,752.17,137.94,South,Completed
ORD02915,2025-11-11,CUST0821,P0129,1,0.0,43850.97,27932.89,43850.97,15918.08,North,Completed
ORD06445,2025-11-11,CUST0948,P0111,1,0.0,32818.12,23699.05,32818.12,9119.07,South,Completed
ORD08752,2025-11-11,CUST0587,P0164,1,0.1,8324.94,6438.05,7492.45,1054.4,North,Completed
ORD03749,2025-11-11,CUST0343,P0011,3,0.0,50761.69,39171.65,152285.07,34770.12,South,Completed
ORD07981,2025-11-11,CUST0899,P0019,1,0.05,27844.42,18931.51,26452.2,7520.69,South,Completed
ORD03061,2025-11-11,CUST0314,P0021,1,0.1,6878.25,5112.71,6190.42,1077.71,East,Completed
ORD03038,2025-11-11,CUST0246,P0085,4,0.1,73872.61,56554.21,265941.4,39724.56,South,Completed
ORD08737,2025-11-11,CUST0357,P0020,1,0.0,14020.39,10682.55,14020.39,3337.84,North,Completed
ORD00481,2025-11-11,CUST0954,P0147,1,0.15,22737.01,13458.16,19326.46,5868.3,East,Completed
ORD03381,2025-11-12,CUST0619,P0022,3,0.05,68945.25,50670.94,196493.96,44481.14,West,Completed
ORD08373,2025-11-12,CUST0504,P0009,1,0.05,724.93,490.11,688.68,198.57,South,Completed
ORD05924,2025-11-12,CUST0074,P0141,3,0.2,1748.75,1100.65,4197.0,895.05,South,Completed
ORD07038,2025-11-12,CUST0087,P0066,1,0.0,15521.48,11472.78,15521.48,4048.7,North,Completed
ORD01328,2025-11-12,CUST0756,P0079,3,0.1,409.51,310.64,1105.68,173.76,North,Completed
ORD09689,2025-11-12,CUST0120,P0113,2,0.2,26426.25,19479.69,42282.0,3322.62,North,Completed
ORD09149,2025-11-12,CUST0387,P0159,2,0.2,54205.42,36083.24,86728.67,14562.19,West,Completed
ORD06682,2025-11-12,CUST0525,P0115,5,0.1,9526.21,7338.52,42867.94,6175.34,North,Completed
ORD08587,2025-11-12,CUST0214,P0022,2,0.05,68945.25,50670.94,130995.98,29654.1,South,Completed
ORD01059,2025-11-12,CUST0525,P0050,2,0.15,8890.7,6907.47,15114.19,1299.25,North,Completed
ORD04898,2025-11-12,CUST0592,P0141,1,0.1,1748.75,1100.65,1573.88,473.23,South,Completed
ORD08131,2025-11-12,CUST0196,P0014,4,0.15,18597.52,13817.51,63231.57,7961.53,East,Pending
ORD02942,2025-11-12,CUST0149,P0117,1,0.0,62915.52,50890.59,62915.52,12024.93,West,Completed
ORD02258,2025-11-12,CUST0936,P0160,2,0.05,680.29,502.6,1292.55,287.35,South,Completed
ORD08470,2025-11-12,CUST0599,P0198,4,0.1,715.13,510.57,2574.47,532.19,West,Completed
ORD04109,2025-11-12,CUST0253,P0006,1,0.05,51610.25,30768.51,49029.74,18261.23,South,Completed
ORD08535,2025-11-12,CUST0981,P0092,2,0.0,41737.72,32410.53,83475.44,18654.38,East,Completed
ORD09979,2025-11-12,CUST0595,P0167,4,0.1,7469.0,4701.25,26888.4,8083.4,East,Completed
ORD01705,2025-11-12,CUST0503,P0101,2,0.0,51632.3,38843.18,103264.6,25578.24,South,Completed
ORD05073,2025-11-12,CUST0081,P0074,2,0.1,40981.75,23771.65,73767.15,26223.85,East,Completed
ORD09645,2025-11-12,CUST0029,P0187,2,0.0,184.91,120.68,369.82,128.46,North,Completed
ORD05047,2025-11-13,CUST0888,P0034,2,0.0,143.7,100.11,287.4,87.18,North,Completed
ORD04289,2025-11-13,CUST0630,P0137,2,0.05,3327.18,2091.19,6321.64,2139.26,North,Completed
ORD08388,2025-11-13,CUST0459,P0086,3,0.05,519.82,398.56,1481.49,285.81,South,Completed
ORD05051,2025-11-13,CUST0342,P0074,2,0.1,40981.75,23771.65,73767.15,26223.85,South,Cancelled
ORD09639,2025-11-13,CUST0121,P0171,1,0.05,39010.06,29472.11,37059.56,7587.45,West,Completed
ORD01973,2025-11-13,CUST0272,P0124,3,0.1,38907.93,29071.02,105051.41,17838.35,South,Completed
ORD05519,2025-11-13,CUST0880,P0133,4,0.0,30154.78,21233.5,120619.12,35685.12,East,Completed
ORD03032,2025-11-13,CUST0051,P0079,1,0.05,409.51,310.64,389.03,78.39,West,Cancelled
ORD00468,2025-11-13,CUST0446,P0046,3,0.1,61902.8,37121.36,167137.56,55773.48,South,Completed
ORD07343,2025-11-14,CUST0216,P0078,4,0.05,66750.32,43644.61,253651.22,79072.78,South,Completed
ORD07578,2025-11-14,CUST0700,P0198,2,0.05,715.13,510.57,1358.75,337.61,West,Completed
ORD08228,2025-11-14,CUST0584,P0049,2,0.0,56396.41,44202.58,112792.82,24387.66,North,Completed
ORD05729,2025-11-14,CUST0196,P0018,1,0.1,4596.19,2818.15,4136.57,1318.42,East,Completed
ORD09077,2025-11-14,CUST0391,P0162,1,0.1,46811.03,27452.25,42129.93,14677.68,South,Completed
ORD00838,2025-11-14,CUST0547,P0056,1,0.05,312.97,191.98,297.32,105.34,South,Completed
ORD05918,2025-11-14,CUST0410,P0001,5,0.0,796.95,617.19,3984.75,898.8,East,Completed
ORD02084,2025-11-15,CUST0922,P0182,2,0.15,15590.28,12172.38,26503.48,2158.72,West,Completed
ORD06116,2025-11-15,CUST0712,P0173,1,0.05,4259.82,3133.66,4046.83,913.17,West,Completed
ORD05511,2025-11-15,CUST0400,P0130,4,0.0,58219.77,46803.43,232879.08,45665.36,West,Pending
ORD07222,2025-11-15,CUST0533,P0002,1,0.1,6203.85,4038.58,5583.46,1544.88,East,Completed
ORD03004,2025-11-15,CUST0202,P0149,5,0.0,2427.19,1691.68,12135.95,3677.55,West,Completed
ORD02836,2025-11-15,CUST0075,P0119,3,0.1,11965.18,9132.35,32305.99,4908.94,West,Completed
ORD08040,2025-11-15,CUST0421,P0197,1,0.05,15133.72,11886.63,14377.03,2490.4,North,Completed
ORD07684,2025-11-15,CUST0319,P0016,4,0.05,20196.29,11952.43,76745.9,28936.18,West,Completed
ORD05372,2025-11-15,CUST0059,P0172,3,0.15,53066.45,36105.87,135319.45,27001.84,West,Completed
ORD08374,2025-11-15,CUST0131,P0188,2,0.0,5272.37,3130.49,10544.74,4283.76,North,Completed
ORD04949,2025-11-15,CUST0680,P0176,2,0.05,9388.62,6512.18,17838.38,4814.02,South,Completed
ORD08344,2025-11-15,CUST0422,P0094,1,0.05,77812.86,47690.34,73922.22,26231.88,West,Completed
ORD01924,2025-11-15,CUST0186,P0169,2,0.1,12339.56,8305.1,22211.21,5601.01,North,Completed
ORD07518,2025-11-15,CUST0823,P0111,1,0.05,32818.12,23699.05,31177.21,7478.16,West,Completed
ORD04070,2025-11-15,CUST0800,P0012,3,0.1,4072.78,2687.49,10996.51,2934.04,North,Completed
ORD06856,2025-11-15,CUST0242,P0046,2,0.0,61902.8,37121.36,123805.6,49562.88,West,Cancelled
ORD00198,2025-11-15,CUST0219,P0024,1,0.1,792.84,470.21,713.56,243.35,West,Completed
ORD05954,2025-11-15,CUST0042,P0090,5,0.0,446.05,334.33,2230.25,558.6,South,Completed
ORD08364,2025-11-15,CUST0070,P0113,2,0.0,26426.25,19479.69,52852.5,13893.12,East,Completed
ORD03639,2025-11-15,CUST0816,P0026,2,0.1,53440.86,40308.66,96193.55,15576.23,East,Completed
ORD04068,2025-11-15,CUST0981,P0088,1,0.1,58121.47,37608.48,52309.32,14700.84,East,Completed
ORD02725,2025-11-15,CUST0394,P0046,1,0.1,61902.8,37121.36,55712.52,18591.16,South,Completed
ORD00021,2025-11-16,CUST0917,P0035,1,0.0,56932.8,34147.01,56932.8,22785.79,West,Completed
ORD03454,2025-11-16,CUST0325,P0163,2,0.0,3768.33,3060.43,7536.66,1415.8,North,Completed
ORD01766,2025-11-16,CUST0899,P0089,3,0.15,74892.61,50603.0,190976.16,39167.16,South,Completed
ORD03824,2025-11-16,CUST0393,P0004,1,0.0,20696.25,15931.27,20696.25,4764.98,South,Completed
ORD03354,2025-11-16,CUST0916,P0068,1,0.0,41326.98,32432.51,41326.98,8894.47,East,Pending
ORD04607,2025-11-16,CUST0591,P0084,2,0.15,52737.3,39276.81,89653.41,11099.79,South,Pending
ORD06284,2025-11-16,CUST0984,P0159,1,0.1,54205.42,36083.24,48784.88,12701.64,West,Completed
ORD01177,2025-11-16,CUST0204,P0189,1,0.05,38312.77,25713.12,36397.13,10684.01,North,Completed
ORD01646,2025-11-16,CUST0725,P0147,1,0.15,22737.01,13458.16,19326.46,5868.3,South,Pending
ORD02383,2025-11-16,CUST0709,P0029,3,0.0,1310.65,844.84,3931.95,1397.43,North,Pending
ORD09806,2025-11-16,CUST0743,P0024,1,0.1,792.84,470.21,713.56,243.35,North,Completed
ORD08544,2025-11-16,CUST0722,P0037,1,0.1,58358.81,45854.58,52522.93,6668.35,North,Completed
ORD02122,2025-11-16,CUST0935,P0020,1,0.1,14020.39,10682.55,12618.35,1935.8,North,Completed
ORD01447,2025-11-16,CUST0798,P0006,2,0.15,51610.25,30768.51,87737.42,26200.4,North,Completed
ORD07640,2025-11-17,CUST0822,P0051,3,0.0,57445.48,35926.8,172336.44,64556.04,North,Completed
ORD02567,2025-11-17,CUST0653,P0123,3,0.1,77212.89,61788.48,208474.8,23109.36,West,Completed
ORD06438,2025-11-17,CUST0571,P0125,1,0.05,3155.85,2083.96,2998.06,914.1,West,Completed
ORD05972,2025-11-17,CUST0651,P0146,1,0.05,11482.27,8693.26,10908.16,2214.9,West,Completed
ORD06774,2025-11-17,CUST0931,P0137,3,0.05,3327.18,2091.19,9482.46,3208.89,West,Completed
ORD08816,2025-11-17,CUST0680,P0003,1,0.0,15581.84,9713.54,15581.84,5868.3,South,Completed
ORD05500,2025-11-17,CUST0026,P0145,1,0.0,360.46,274.8,360.46,85.66,South,Completed
ORD03829,2025-11-17,CUST0719,P0051,1,0.0,57445.48,35926.8,57445.48,21518.68,West,Completed
ORD03440,2025-11-17,CUST0912,P0075,1,0.05,6740.18,4364.5,6403.17,2038.67,East,Completed
ORD01631,2025-11-17,CUST0774,P0126,2,0.1,41856.24,33581.85,75341.23,8177.53,East,Completed
ORD01520,2025-11-17,CUST0948,P0172,4,0.05,53066.45,36105.87,201652.51,57229.03,South,Completed
ORD01320,2025-11-17,CUST0671,P0116,1,0.0,41570.44,24508.05,41570.44,17062.39,West,Completed
ORD06553,2025-11-17,CUST0768,P0144,1,0.0,501.46,362.98,501.46,138.48,East,Completed
ORD03155,2025-11-17,CUST0947,P0115,2,0.05,9526.21,7338.52,18099.8,3422.76,North,Completed
ORD04738,2025-11-17,CUST0286,P0054,1,0.05,34828.61,21081.63,33087.18,12005.55,South,Completed
ORD06334,2025-11-18,CUST0806,P0078,2,0.15,66750.32,43644.61,113475.54,26186.32,South,Completed
ORD07666,2025-11-18,CUST0991,P0073,2,0.0,15561.42,10813.46,31122.84,9495.92,North,Completed
ORD00950,2025-11-18,CUST0187,P0009,1,0.1,724.93,490.11,652.44,162.33,North,Completed
ORD04221,2025-11-18,CUST0625,P0091,1,0.0,49350.46,32483.04,49350.46,16867.42,West,Completed
ORD02819,2025-11-18,CUST0344,P0113,2,0.05,26426.25,19479.69,50209.88,11250.5,East,Completed
ORD05301,2025-11-18,CUST0685,P0107,4,0.15,72638.94,50890.24,246972.4,43411.44,East,Completed
ORD00264,2025-11-18,CUST0182,P0058,2,0.0,7347.4,4878.31,14694.8,4938.18,North,Completed
ORD04292,2025-11-18,CUST0726,P0133,4,0.0,30154.78,21233.5,120619.12,35685.12,North,Completed
ORD06458,2025-11-18,CUST0583,P0088,1,0.05,58121.47,37608.48,55215.4,17606.92,North,Completed
ORD01887,2025-11-18,CUST0507,P0012,3,0.2,4072.78,2687.49,9774.67,1712.2,North,Completed
ORD09677,2025-11-18,CUST0569,P0163,2,0.0,3768.33,3060.43,7536.66,1415.8,West,Completed
ORD00181,2025-11-19,CUST0752,P0011,1,0.0,50761.69,39171.65,50761.69,11590.04,East,Completed
ORD09598,2025-11-19,CUST0626,P0125,1,0.1,3155.85,2083.96,2840.26,756.3,South,Completed
ORD09568,2025-11-19,CUST0376,P0111,1,0.0,32818.12,23699.05,32818.12,9119.07,West,Completed
ORD04787,2025-11-19,CUST0833,P0041,3,0.15,4003.54,2383.24,10209.03,3059.31,North,Completed
ORD02452,2025-11-19,CUST0115,P0155,3,0.1,9808.49,7104.6,26482.92,5169.12,North,Completed
ORD04406,2025-11-19,CUST0601,P0131,1,0.1,896.08,597.69,806.47,208.78,East,Completed
ORD06169,2025-11-19,CUST0775,P0078,1,0.1,66750.32,43644.61,60075.29,16430.68,South,Completed
ORD02931,2025-11-19,CUST0485,P0039,1,0.05,1717.54,1277.52,1631.66,354.14,South,Completed
ORD00665,2025-11-19,CUST0732,P0193,1,0.1,8422.11,6102.6,7579.9,1477.3,East,Completed
ORD01030,2025-11-20,CUST0085,P0003,3,0.05,15581.84,9713.54,44408.24,15267.62,South,Completed
ORD09277,2025-11-20,CUST0196,P0146,1,0.05,11482.27,8693.26,10908.16,2214.9,East,Completed
ORD01335,2025-11-20,CUST0954,P0063,1,0.0,12786.65,8472.2,12786.65,4314.45,East,Completed
ORD07186,2025-11-20,CUST0642,P0126,2,0.05,41856.24,33581.85,79526.86,12363.16,East,Completed
ORD02491,2025-11-20,CUST0803,P0051,2,0.0,57445.48,35926.8,114890.96,43037.36,East,Completed
ORD01882,2025-11-20,CUST0471,P0049,1,0.1,56396.41,44202.58,50756.77,6554.19,South,Completed
ORD06282,2025-11-20,CUST0930,P0119,1,0.1,11965.18,9132.35,10768.66,1636.31,West,Completed
ORD06080,2025-11-20,CUST0491,P0123,3,0.15,77212.89,61788.48,196892.87,11527.43,North,Completed
ORD06166,2025-11-20,CUST0509,P0193,1,0.05,8422.11,6102.6,8001.0,1898.4,West,Completed
ORD04683,2025-11-20,CUST0998,P0088,2,0.1,58121.47,37608.48,104618.65,29401.69,South,Completed
ORD01006,2025-11-20,CUST0596,P0106,2,0.1,526.46,370.01,947.63,207.61,South,Completed
ORD04158,2025-11-20,CUST0708,P0006,1,0.0,51610.25,30768.51,51610.25,20841.74,East,Completed
ORD05341,2025-11-20,CUST0766,P0075,3,0.1,6740.18,4364.5,18198.49,5104.99,South,Completed
ORD08259,2025-11-20,CUST0462,P0160,2,0.1,680.29,502.6,1224.52,219.32,North,Completed
ORD03683,2025-11-20,CUST0721,P0151,3,0.0,5830.9,4665.5,17492.7,3496.2,South,Completed
ORD07544,2025-11-21,CUST0505,P0129,2,0.0,43850.97,27932.89,87701.94,31836.16,West,Completed
ORD03823,2025-11-21,CUST0051,P0003,2,0.05,15581.84,9713.54,29605.5,10178.42,West,Completed
ORD07104,2025-11-21,CUST0778,P0011,1,0.0,50761.69,39171.65,50761.69,11590.04,East,Pending
ORD04698,2025-11-21,CUST0985,P0184,2,0.1,20719.38,13335.4,37294.88,10624.08,West,Completed
ORD05336,2025-11-21,CUST0454,P0007,2,0.0,8223.62,4942.96,16447.24,6561.32,West,Completed
ORD04559,2025-11-21,CUST0607,P0178,1,0.05,4042.35,3098.18,3840.23,742.05,South,Completed
ORD07736,2025-11-21,CUST0476,P0108,1,0.15,673.74,534.39,572.68,38.29,South,Completed
ORD03611,2025-11-21,CUST0110,P0061,2,0.1,49224.25,33194.34,88603.65,22214.97,West,Completed
ORD06985,2025-11-21,CUST0763,P0013,3,0.15,8923.66,6594.73,22755.33,2971.14,South,Completed
ORD08647,2025-11-21,CUST0266,P0018,3,0.2,4596.19,2818.15,11030.86,2576.41,East,Completed
ORD05208,2025-11-21,CUST0843,P0176,3,0.05,9388.62,6512.18,26757.57,7221.03,East,Completed
ORD01947,2025-11-21,CUST0017,P0073,1,0.1,15561.42,10813.46,14005.28,3191.82,South,Completed
ORD08219,2025-11-21,CUST0523,P0140,3,0.1,12142.58,7367.6,32784.97,10682.17,North,Completed
ORD07056,2025-11-21,CUST0531,P0142,1,0.05,4782.08,3282.92,4542.98,1260.06,South,Pending
ORD08624,2025-11-21,CUST0997,P0134,1,0.1,34117.69,25387.96,30705.92,5317.96,South,Completed
ORD07218,2025-11-22,CUST0304,P0105,1,0.0,17543.79,10886.17,17543.79,6657.62,West,Completed
ORD00107,2025-11-22,CUST0251,P0172,3,0.1,53066.45,36105.87,143279.41,34961.8,North,Completed
ORD08466,2025-11-22,CUST0181,P0124,1,0.05,38907.93,29071.02,36962.53,7891.51,East,Completed
ORD00621,2025-11-22,CUST0641,P0021,2,0.1,6878.25,5112.71,12380.85,2155.43,North,Completed
ORD08574,2025-11-22,CUST0303,P0043,3,0.05,528.82,390.77,1507.14,334.83,West,Completed
ORD03247,2025-11-22,CUST0532,P0017,1,0.15,17284.69,10596.05,14691.99,4095.94,West,Completed
ORD01248,2025-11-22,CUST0259,P0052,2,0.0,7440.54,4865.29,14881.08,5150.5,South,Completed
ORD05957,2025-11-22,CUST0278,P0012,1,0.1,4072.78,2687.49,3665.5,978.01,West,Completed
ORD01394,2025-11-22,CUST0172,P0102,5,0.1,4149.23,2427.22,18671.54,6535.44,South,Completed
ORD07883,2025-11-23,CUST0700,P0085,4,0.0,73872.61,56554.21,295490.44,69273.6,West,Completed
ORD03577,2025-11-23,CUST0682,P0150,3,0.2,53462.03,36715.83,128308.87,18161.38,West,Completed
ORD02993,2025-11-23,CUST0808,P0040,1,0.15,568.55,361.32,483.27,121.95,East,Completed
ORD02420,2025-11-23,CUST0136,P0093,1,0.0,10189.0,5911.08,10189.0,4277.92,West,Cancelled
ORD09889,2025-11-23,CUST0454,P0114,2,0.1,16683.02,10299.86,30029.44,9429.72,West,Completed
ORD00086,2025-11-23,CUST0436,P0178,2,0.0,4042.35,3098.18,8084.7,1888.34,South,Completed
ORD02999,2025-11-23,CUST0448,P0178,3,0.05,4042.35,3098.18,11520.7,2226.16,North,Completed
ORD09829,2025-11-23,CUST0274,P0130,1,0.0,58219.77,46803.43,58219.77,11416.34,East,Completed
ORD07593,2025-11-23,CUST0506,P0193,2,0.1,8422.11,6102.6,15159.8,2954.6,North,Completed
ORD05312,2025-11-23,CUST0040,P0145,1,0.05,360.46,274.8,342.44,67.64,East,Completed
ORD03858,2025-11-23,CUST0011,P0073,1,0.1,15561.42,10813.46,14005.28,3191.82,North,Completed
ORD05991,2025-11-23,CUST0486,P0136,3,0.1,3029.54,2200.52,8179.76,1578.2,West,Completed
ORD06137,2025-11-24,CUST0448,P0146,4,0.05,11482.27,8693.26,43632.63,8859.59,North,Completed
ORD01142,2025-11-24,CUST0221,P0101,5,0.05,51632.3,38843.18,245253.42,51037.52,West,Completed
ORD09543,2025-11-24,CUST0800,P0058,1,0.0,7347.4,4878.31,7347.4,2469.09,North,Completed
ORD04200,2025-11-24,CUST0825,P0113,1,0.05,26426.25,19479.69,25104.94,5625.25,South,Completed
ORD04409,2025-11-24,CUST0783,P0031,1,0.0,12553.48,9544.5,12553.48,3008.98,East,Pending
ORD00532,2025-11-24,CUST0371,P0065,2,0.1,21598.4,14583.7,38877.12,9709.72,North,Completed
ORD04861,2025-11-24,CUST0493,P0196,3,0.05,385.78,231.62,1099.47,404.61,East,Completed
ORD07769,2025-11-24,CUST0909,P0071,2,0.1,35759.59,27998.22,64367.26,8370.82,East,Completed
ORD09226,2025-11-24,CUST0636,P0025,1,0.05,49570.32,37427.29,47091.8,9664.51,West,Completed
ORD04753,2025-11-24,CUST0132,P0025,3,0.0,49570.32,37427.29,148710.96,36429.09,South,Completed
ORD00701,2025-11-24,CUST0908,P0090,3,0.15,446.05,334.33,1137.43,134.44,East,Completed
ORD00344,2025-11-24,CUST0367,P0085,2,0.0,73872.61,56554.21,147745.22,34636.8,North,Completed
ORD04761,2025-11-24,CUST0634,P0113,2,0.0,26426.25,19479.69,52852.5,13893.12,West,Completed
ORD00011,2025-11-24,CUST0390,P0168,1,0.05,1780.85,1042.33,1691.81,649.48,North,Completed
ORD01028,2025-11-24,CUST0676,P0149,3,0.2,2427.19,1691.68,5825.26,750.22,South,Completed
ORD08511,2025-11-25,CUST0561,P0102,5,0.0,4149.23,2427.22,20746.15,8610.05,South,Completed
ORD06598,2025-11-25,CUST0318,P0187,1,0.1,184.91,120.68,166.42,45.74,West,Completed
ORD06290,2025-11-25,CUST0646,P0053,3,0.15,422.63,329.18,1077.71,90.17,North,Completed
ORD00782,2025-11-25,CUST0056,P0191,3,0.0,8442.75,6441.23,25328.25,6004.56,North,Completed
ORD04009,2025-11-25,CUST0874,P0088,2,0.05,58121.47,37608.48,110430.79,35213.83,North,Completed
ORD04918,2025-11-25,CUST0795,P0057,4,0.05,911.67,722.71,3464.35,573.51,North,Completed
ORD02020,2025-11-25,CUST0634,P0089,1,0.05,74892.61,50603.0,71147.98,20544.98,West,Completed
ORD08135,2025-11-25,CUST0932,P0179,2,0.0,12818.17,8758.44,25636.34,8119.46,East,Completed
ORD05282,2025-11-25,CUST0303,P0117,1,0.0,62915.52,50890.59,62915.52,12024.93,West,Completed
ORD08006,2025-11-25,CUST0817,P0046,2,0.05,61902.8,37121.36,117615.32,43372.6,West,Completed
ORD09351,2025-11-25,CUST0501,P0043,1,0.05,528.82,390.77,502.38,111.61,North,Completed
ORD03628,2025-11-25,CUST0852,P0146,1,0.0,11482.27,8693.26,11482.27,2789.01,North,Completed
ORD02056,2025-11-25,CUST0874,P0084,2,0.1,52737.3,39276.81,94927.14,16373.52,North,Completed
ORD06035,2025-11-25,CUST0692,P0011,1,0.05,50761.69,39171.65,48223.61,9051.96,North,Completed
ORD03264,2025-11-25,CUST0706,P0167,1,0.0,7469.0,4701.25,7469.0,2767.75,East,Completed
ORD03313,2025-11-25,CUST0169,P0130,1,0.0,58219.77,46803.43,58219.77,11416.34,West,Completed
ORD04428,2025-11-25,CUST0558,P0099,1,0.05,908.9,743.94,863.46,119.52,East,Pending
ORD02199,2025-11-25,CUST0290,P0014,2,0.05,18597.52,13817.51,35335.29,7700.27,North,Completed
ORD04423,2025-11-25,CUST0160,P0180,3,0.0,23838.69,16889.32,71516.07,20848.11,North,Completed
ORD02329,2025-11-25,CUST0718,P0149,1,0.1,2427.19,1691.68,2184.47,492.79,West,Completed
ORD08105,2025-11-26,CUST0739,P0175,2,0.0,791.76,614.23,1583.52,355.06,North,Cancelled
ORD09429,2025-11-26,CUST0808,P0003,1,0.1,15581.84,9713.54,14023.66,4310.12,East,Completed
ORD06060,2025-11-26,CUST0318,P0083,2,0.1,374.27,289.15,673.69,95.39,West,Completed
ORD05295,2025-11-26,CUST0714,P0194,4,0.0,13118.34,8489.04,52473.36,18517.2,North,Completed
ORD01958,2025-11-26,CUST0842,P0046,3,0.1,61902.8,37121.36,167137.56,55773.48,North,Completed
ORD05168,2025-11-26,CUST0503,P0148,2,0.15,15484.78,9786.06,26324.13,6752.01,South,Completed
ORD07744,2025-11-26,CUST0738,P0117,2,0.1,62915.52,50890.59,113247.94,11466.76,South,Completed
ORD03863,2025-11-26,CUST0702,P0072,1,0.1,28334.52,18780.23,25501.07,6720.84,West,Cancelled
ORD00028,2025-11-26,CUST0984,P0013,1,0.1,8923.66,6594.73,8031.29,1436.56,West,Completed
ORD04141,2025-11-26,CUST0770,P0102,4,0.15,4149.23,2427.22,14107.38,4398.5,North,Completed
ORD00928,2025-11-27,CUST0464,P0118,3,0.0,36939.5,23012.67,110818.5,41780.49,East,Completed
ORD04384,2025-11-27,CUST0271,P0037,1,0.1,58358.81,45854.58,52522.93,6668.35,East,Cancelled
ORD05664,2025-11-27,CUST0812,P0200,1,0.2,37954.59,28614.99,30363.67,1748.68,North,Completed
ORD05393,2025-11-27,CUST0547,P0081,1,0.05,11112.68,6733.47,10557.05,3823.58,South,Completed
ORD08505,2025-11-27,CUST0460,P0173,2,0.0,4259.82,3133.66,8519.64,2252.32,East,Completed
ORD03225,2025-11-27,CUST0464,P0127,4,0.05,37425.34,27064.21,142216.29,33959.45,East,Completed
ORD05695,2025-11-27,CUST0127,P0114,2,0.05,16683.02,10299.86,31697.74,11098.02,North,Completed
ORD01672,2025-11-27,CUST0403,P0038,2,0.0,25137.53,20080.78,50275.06,10113.5,South,Completed
ORD04191,2025-11-27,CUST0109,P0074,4,0.1,40981.75,23771.65,147534.3,52447.7,South,Completed
ORD05448,2025-11-27,CUST0235,P0093,1,0.05,10189.0,5911.08,9679.55,3768.47,East,Completed
ORD00871,2025-11-27,CUST0551,P0185,1,0.05,76508.26,54062.35,72682.85,18620.5,North,Completed
ORD04719,2025-11-27,CUST0621,P0126,1,0.05,41856.24,33581.85,39763.43,6181.58,West,Completed
ORD09218,2025-11-27,CUST0632,P0038,2,0.05,25137.53,20080.78,47761.31,7599.75,South,Completed
ORD05326,2025-11-27,CUST0444,P0153,3,0.1,318.53,240.18,860.03,139.49,South,Completed
ORD02744,2025-11-27,CUST0838,P0190,3,0.0,2296.71,1653.27,6890.13,1930.32,West,Completed
ORD02527,2025-11-27,CUST0292,P0033,1,0.05,54569.41,31985.14,51840.94,19855.8,West,Completed
ORD08785,2025-11-27,CUST0146,P0131,2,0.1,896.08,597.69,1612.94,417.56,West,Completed
ORD01151,2025-11-28,CUST0814,P0025,1,0.05,49570.32,37427.29,47091.8,9664.51,East,Cancelled
ORD03434,2025-11-28,CUST0754,P0002,2,0.1,6203.85,4038.58,11166.93,3089.77,South,Completed
ORD05013,2025-11-28,CUST0067,P0096,1,0.1,22714.55,15565.72,20443.1,4877.38,West,Completed
ORD00178,2025-11-28,CUST0355,P0158,4,0.0,33125.35,22293.09,132501.4,43329.04,North,Completed
ORD03956,2025-11-28,CUST0640,P0034,1,0.15,143.7,100.11,122.14,22.03,West,Completed
ORD00173,2025-11-28,CUST0639,P0161,2,0.05,36827.84,23163.81,69972.9,23645.28,East,Completed
ORD05986,2025-11-28,CUST0307,P0087,2,0.1,11879.48,8267.83,21383.06,4847.4,West,Completed
ORD06364,2025-11-28,CUST0382,P0039,1,0.0,1717.54,1277.52,1717.54,440.02,North,Cancelled
ORD03790,2025-11-28,CUST0483,P0137,3,0.1,3327.18,2091.19,8983.39,2709.82,North,Pending
ORD06257,2025-11-28,CUST0916,P0073,1,0.1,15561.42,10813.46,14005.28,3191.82,East,Completed
ORD08319,2025-11-28,CUST0952,P0137,1,0.05,3327.18,2091.19,3160.82,1069.63,East,Completed
ORD06752,2025-11-28,CUST0179,P0085,3,0.1,73872.61,56554.21,199456.05,29793.42,West,Completed
ORD06504,2025-11-28,CUST0280,P0084,4,0.05,52737.3,39276.81,200401.74,43294.5,South,Completed
ORD00695,2025-11-28,CUST0133,P0018,4,0.1,4596.19,2818.15,16546.28,5273.68,South,Completed
ORD02174,2025-11-29,CUST0770,P0118,3,0.05,36939.5,23012.67,105277.58,36239.57,North,Completed
ORD06805,2025-11-29,CUST0942,P0114,1,0.05,16683.02,10299.86,15848.87,5549.01,South,Completed
ORD04749,2025-11-29,CUST0637,P0172,3,0.0,53066.45,36105.87,159199.35,50881.74,North,Completed
ORD06165,2025-11-29,CUST0570,P0008,2,0.15,68633.55,51583.32,116677.04,13510.4,West,Completed
ORD06296,2025-11-29,CUST0573,P0004,1,0.15,20696.25,15931.27,17591.81,1660.54,North,Completed
ORD04691,2025-11-29,CUST0673,P0134,4,0.0,34117.69,25387.96,136470.76,34918.92,South,Completed
ORD03044,2025-11-29,CUST0548,P0039,1,0.05,1717.54,1277.52,1631.66,354.14,West,Completed
ORD05576,2025-11-29,CUST0870,P0146,1,0.0,11482.27,8693.26,11482.27,2789.01,West,Completed
ORD02730,2025-11-29,CUST0045,P0062,2,0.0,7214.7,5874.11,14429.4,2681.18,South,Completed
ORD01926,2025-11-29,CUST0605,P0155,2,0.15,9808.49,7104.6,16674.43,2465.23,West,Completed
ORD06611,2025-11-30,CUST0648,P0135,1,0.2,644.55,462.91,515.64,52.73,West,Completed
ORD08523,2025-11-30,CUST0813,P0186,1,0.0,36288.91,28203.52,36288.91,8085.39,East,Completed
ORD05492,2025-11-30,CUST0370,P0008,3,0.15,68633.55,51583.32,175015.55,20265.59,East,Completed
ORD08082,2025-11-30,CUST0318,P0190,2,0.15,2296.71,1653.27,3904.41,597.87,West,Cancelled
ORD03387,2025-11-30,CUST0651,P0094,1,0.0,77812.86,47690.34,77812.86,30122.52,West,Completed
ORD08252,2025-11-30,CUST0318,P0187,1,0.0,184.91,120.68,184.91,64.23,West,Completed
ORD07847,2025-11-30,CUST0719,P0146,1,0.0,11482.27,8693.26,11482.27,2789.01,West,Completed
ORD05622,2025-11-30,CUST0433,P0192,2,0.1,20821.66,13717.57,37478.99,10043.85,South,Completed
ORD09922,2025-11-30,CUST0041,P0173,1,0.1,4259.82,3133.66,3833.84,700.18,South,Completed
ORD03487,2025-11-30,CUST0359,P0049,1,0.2,56396.41,44202.58,45117.13,914.55,South,Completed
ORD04001,2025-11-30,CUST0820,P0131,1,0.1,896.08,597.69,806.47,208.78,West,Completed
ORD01148,2025-11-30,CUST0873,P0142,1,0.0,4782.08,3282.92,4782.08,1499.16,South,Cancelled
ORD07497,2025-11-30,CUST0953,P0102,2,0.2,4149.23,2427.22,6638.77,1784.33,North,Completed
ORD07276,2025-12-01,CUST0309,P0028,1,0.0,1126.53,825.36,1126.53,301.17,South,Completed
ORD07113,2025-12-01,CUST0603,P0005,4,0.1,759.62,541.79,2734.63,567.47,East,Completed
ORD09513,2025-12-01,CUST0354,P0180,1,0.0,23838.69,16889.32,23838.69,6949.37,West,Completed
ORD00053,2025-12-01,CUST0180,P0169,1,0.05,12339.56,8305.1,11722.58,3417.48,East,Completed
ORD02422,2025-12-01,CUST0421,P0196,1,0.0,385.78,231.62,385.78,154.16,North,Completed
ORD09125,2025-12-01,CUST1000,P0137,2,0.1,3327.18,2091.19,5988.92,1806.54,East,Completed
ORD01966,2025-12-01,CUST0445,P0097,3,0.0,11100.34,7751.47,33301.02,10046.61,North,Pending
ORD07162,2025-12-01,CUST0200,P0019,2,0.0,27844.42,18931.51,55688.84,17825.82,North,Completed
ORD02814,2025-12-02,CUST0653,P0108,3,0.05,673.74,534.39,1920.16,316.99,West,Cancelled
ORD04151,2025-12-02,CUST0694,P0195,1,0.2,15240.21,11813.53,12192.17,378.64,North,Completed
ORD01412,2025-12-02,CUST0112,P0077,1,0.1,50047.7,37709.36,45042.93,7333.57,North,Cancelled
ORD05794,2025-12-02,CUST0243,P0019,1,0.15,27844.42,18931.51,23667.76,4736.25,North,Completed
ORD00094,2025-12-02,CUST0943,P0175,1,0.05,791.76,614.23,752.17,137.94,East,Completed
ORD02308,2025-12-02,CUST0234,P0074,1,0.05,40981.75,23771.65,38932.66,15161.01,South,Completed
ORD01408,2025-12-02,CUST0954,P0083,1,0.15,374.27,289.15,318.13,28.98,East,Completed
ORD04017,2025-12-02,CUST0812,P0115,1,0.1,9526.21,7338.52,8573.59,1235.07,North,Completed
ORD06074,2025-12-02,CUST0953,P0097,1,0.05,11100.34,7751.47,10545.32,2793.85,North,Completed
ORD08063,2025-12-02,CUST0581,P0007,3,0.15,8223.62,4942.96,20970.23,6141.35,West,Completed
ORD00345,2025-12-02,CUST0168,P0188,3,0.1,5272.37,3130.49,14235.4,4843.93,West,Completed
ORD09871,2025-12-02,CUST0579,P0055,2,0.0,6422.29,4812.56,12844.58,3219.46,North,Completed
ORD03877,2025-12-02,CUST0389,P0196,1,0.05,385.78,231.62,366.49,134.87,East,Completed
ORD01480,2025-12-02,CUST0812,P0021,2,0.1,6878.25,5112.71,12380.85,2155.43,North,Completed
ORD03757,2025-12-02,CUST0176,P0181,1,0.15,8670.4,5624.95,7369.84,1744.89,West,Completed
ORD03294,2025-12-02,CUST0236,P0049,4,0.15,56396.41,44202.58,191747.79,14937.47,West,Completed
ORD08026,2025-12-02,CUST0065,P0029,4,0.15,1310.65,844.84,4456.21,1076.85,South,Completed
ORD00603,2025-12-03,CUST0288,P0186,1,0.0,36288.91,28203.52,36288.91,8085.39,South,Completed
ORD01121,2025-12-03,CUST0678,P0033,1,0.1,54569.41,31985.14,49112.47,17127.33,East,Pending
ORD07022,2025-12-03,CUST0109,P0015,1,0.0,18890.43,14292.88,18890.43,4597.55,South,Completed
ORD09641,2025-12-03,CUST0350,P0149,1,0.15,2427.19,1691.68,2063.11,371.43,North,Completed
ORD05440,2025-12-03,CUST0990,P0021,1,0.15,6878.25,5112.71,5846.51,733.8,North,Completed
ORD09225,2025-12-03,CUST0103,P0060,2,0.05,32036.99,25220.68,60870.28,10428.92,South,Completed
ORD01336,2025-12-03,CUST0871,P0065,1,0.05,21598.4,14583.7,20518.48,5934.78,East,Completed
ORD07089,2025-12-03,CUST0156,P0094,2,0.1,77812.86,47690.34,140063.15,44682.47,West,Completed
ORD07557,2025-12-03,CUST0141,P0156,4,0.0,44665.09,34536.09,178660.36,40516.0,East,Completed
ORD08984,2025-12-03,CUST0522,P0058,1,0.05,7347.4,4878.31,6980.03,2101.72,East,Completed
ORD04348,2025-12-03,CUST0449,P0125,1,0.0,3155.85,2083.96,3155.85,1071.89,North,Completed
ORD00934,2025-12-03,CUST0743,P0176,3,0.0,9388.62,6512.18,28165.86,8629.32,North,Pending
ORD05412,2025-12-03,CUST0741,P0140,4,0.15,12142.58,7367.6,41284.77,11814.37,South,Completed
ORD08015,2025-12-03,CUST0206,P0184,4,0.0,20719.38,13335.4,82877.52,29535.92,East,Completed
ORD00465,2025-12-04,CUST0653,P0034,3,0.1,143.7,100.11,387.99,87.66,West,Completed
ORD06903,2025-12-04,CUST0374,P0018,4,0.0,4596.19,2818.15,18384.76,7112.16,East,Completed
ORD08883,2025-12-04,CUST0893,P0087,4,0.1,11879.48,8267.83,42766.13,9694.81,North,Completed
ORD04623,2025-12-04,CUST0492,P0065,3,0.1,21598.4,14583.7,58315.68,14564.58,South,Cancelled
ORD01679,2025-12-04,CUST0133,P0166,1,0.0,47059.67,34982.34,47059.67,12077.33,South,Completed
ORD07466,2025-12-04,CUST0016,P0156,1,0.05,44665.09,34536.09,42431.84,7895.75,West,Completed
ORD08274,2025-12-04,CUST0464,P0020,2,0.1,14020.39,10682.55,25236.7,3871.6,East,Completed
ORD07974,2025-12-04,CUST0874,P0044,2,0.05,59463.82,38619.72,112981.26,35741.82,North,Completed
ORD05630,2025-12-04,CUST0494,P0043,2,0.05,528.82,390.77,1004.76,223.22,South,Completed
ORD07731,2025-12-04,CUST0407,P0139,2,0.15,26827.4,18117.75,45606.58,9371.08,South,Completed
ORD00244,2025-12-05,CUST0422,P0060,1,0.0,32036.99,25220.68,32036.99,6816.31,West,Completed
ORD01532,2025-12-05,CUST0542,P0019,4,0.0,27844.42,18931.51,111377.68,35651.64,South,Completed
ORD07648,2025-12-05,CUST0252,P0067,2,0.1,5933.02,4559.02,10679.44,1561.4,West,Cancelled
ORD09444,2025-12-05,CUST0952,P0001,2,0.15,796.95,617.19,1354.82,120.44,East,Completed
ORD03305,2025-12-05,CUST0817,P0014,2,0.05,18597.52,13817.51,35335.29,7700.27,West,Completed
ORD03417,2025-12-05,CUST0132,P0161,1,0.1,36827.84,23163.81,33145.06,9981.25,South,Completed
ORD00632,2025-12-05,CUST0880,P0172,1,0.05,53066.45,36105.87,50413.13,14307.26,East,Pending
ORD07315,2025-12-05,CUST0808,P0003,1,0.1,15581.84,9713.54,14023.66,4310.12,East,Completed
ORD04695,2025-12-05,CUST0671,P0068,1,0.1,41326.98,32432.51,37194.28,4761.77,West,Completed
ORD03999,2025-12-05,CUST0463,P0185,4,0.05,76508.26,54062.35,290731.39,74481.99,South,Completed
ORD09276,2025-12-06,CUST0217,P0029,1,0.1,1310.65,844.84,1179.58,334.74,West,Completed
ORD02886,2025-12-06,CUST0153,P0154,1,0.05,693.93,462.98,659.23,196.25,East,Completed
ORD02599,2025-12-06,CUST0136,P0106,2,0.0,526.46,370.01,1052.92,312.9,West,Completed
ORD07403,2025-12-06,CUST0657,P0018,2,0.05,4596.19,2818.15,8732.76,3096.46,South,Completed
ORD00952,2025-12-06,CUST0453,P0042,2,0.1,10683.47,6548.45,19230.25,6133.35,East,Completed
ORD01889,2025-12-06,CUST0527,P0082,2,0.1,14583.87,9123.23,26250.97,8004.51,East,Completed
ORD04957,2025-12-06,CUST0146,P0067,1,0.05,5933.02,4559.02,5636.37,1077.35,West,Completed
ORD03680,2025-12-06,CUST0624,P0191,1,0.0,8442.75,6441.23,8442.75,2001.52,East,Completed
ORD01840,2025-12-06,CUST0261,P0009,1,0.1,724.93,490.11,652.44,162.33,North,Completed
ORD08019,2025-12-06,CUST0867,P0182,2,0.0,15590.28,12172.38,31180.56,6835.8,West,Cancelled
ORD05425,2025-12-06,CUST0555,P0154,2,0.2,693.93,462.98,1110.29,184.33,West,Completed
ORD01215,2025-12-07,CUST0976,P0092,4,0.05,41737.72,32410.53,158603.34,28961.22,East,Completed
ORD09105,2025-12-07,CUST0853,P0145,1,0.0,360.46,274.8,360.46,85.66,South,Completed
ORD00041,2025-12-07,CUST0586,P0023,2,0.05,29957.89,23747.89,56919.99,9424.21,North,Completed
ORD04332,2025-12-07,CUST0383,P0089,5,0.0,74892.61,50603.0,374463.05,121448.05,North,Completed
ORD05496,2025-12-07,CUST0004,P0135,1,0.15,644.55,462.91,547.87,84.96,West,Completed
ORD08171,2025-12-07,CUST0035,P0013,1,0.1,8923.66,6594.73,8031.29,1436.56,West,Completed
ORD08104,2025-12-07,CUST0787,P0066,3,0.15,15521.48,11472.78,39579.77,5161.43,East,Completed
ORD02347,2025-12-07,CUST0763,P0145,2,0.15,360.46,274.8,612.78,63.18,South,Completed
ORD03164,2025-12-07,CUST0042,P0087,2,0.0,11879.48,8267.83,23758.96,7223.3,South,Completed
ORD08832,2025-12-07,CUST0146,P0031,1,0.05,12553.48,9544.5,11925.81,2381.31,West,Cancelled
ORD05101,2025-12-07,CUST0261,P0053,4,0.0,422.63,329.18,1690.52,373.8,North,Pending
ORD04844,2025-12-07,CUST0089,P0096,1,0.05,22714.55,15565.72,21578.82,6013.1,South,Completed
ORD03356,2025-12-07,CUST0343,P0053,1,0.05,422.63,329.18,401.5,72.32,South,Completed
ORD08633,2025-12-07,CUST0720,P0041,1,0.05,4003.54,2383.24,3803.36,1420.12,North,Completed
ORD02164,2025-12-07,CUST0226,P0084,1,0.1,52737.3,39276.81,47463.57,8186.76,East,Completed
ORD01415,2025-12-07,CUST0998,P0141,1,0.05,1748.75,1100.65,1661.31,560.66,South,Completed
ORD08077,2025-12-08,CUST0638,P0181,1,0.0,8670.4,5624.95,8670.4,3045.45,West,Completed
ORD06112,2025-12-08,CUST0730,P0125,3,0.0,3155.85,2083.96,9467.55,3215.67,East,Completed
ORD04104,2025-12-08,CUST0710,P0059,3,0.1,1247.06,804.27,3367.06,954.25,West,Completed
ORD08938,2025-12-08,CUST0787,P0136,2,0.05,3029.54,2200.52,5756.13,1355.09,East,Completed
ORD03014,2025-12-08,CUST0023,P0082,3,0.1,14583.87,9123.23,39376.45,12006.76,South,Completed
ORD02760,2025-12-08,CUST0323,P0126,3,0.15,41856.24,33581.85,106733.41,5987.86,East,Completed
ORD06595,2025-12-08,CUST0724,P0066,1,0.15,15521.48,11472.78,13193.26,1720.48,South,Completed
ORD05390,2025-12-08,CUST0995,P0129,2,0.0,43850.97,27932.89,87701.94,31836.16,East,Completed
ORD02664,2025-12-08,CUST0415,P0090,4,0.05,446.05,334.33,1694.99,357.67,North,Completed
ORD06012,2025-12-08,CUST0646,P0064,3,0.0,20038.07,13846.76,60114.21,18573.93,North,Cancelled
ORD06120,2025-12-08,CUST0416,P0055,1,0.2,6422.29,4812.56,5137.83,325.27,South,Completed
ORD07365,2025-12-08,CUST0274,P0161,2,0.15,36827.84,23163.81,62607.33,16279.71,East,Completed
ORD02198,2025-12-08,CUST0870,P0118,4,0.05,36939.5,23012.67,140370.1,48319.42,West,Completed
ORD03351,2025-12-08,CUST0900,P0192,5,0.0,20821.66,13717.57,104108.3,35520.45,South,Completed
ORD07583,2025-12-09,CUST0343,P0024,5,0.1,792.84,470.21,3567.78,1216.73,South,Cancelled
ORD04628,2025-12-09,CUST0467,P0065,2,0.15,21598.4,14583.7,36717.28,7549.88,West,Pending
ORD03534,2025-12-09,CUST0297,P0109,1,0.05,17118.52,11998.2,16262.59,4264.39,West,Completed
ORD08492,2025-12-09,CUST0081,P0027,1,0.0,20926.64,14284.36,20926.64,6642.28,East,Completed
ORD03733,2025-12-09,CUST0985,P0197,1,0.0,15133.72,11886.63,15133.72,3247.09,West,Completed
ORD09960,2025-12-09,CUST0052,P0014,3,0.1,18597.52,13817.51,50213.3,8760.77,West,Completed
ORD09088,2025-12-09,CUST0844,P0148,2,0.0,15484.78,9786.06,30969.56,11397.44,West,Completed
ORD04211,2025-12-09,CUST0380,P0092,1,0.0,41737.72,32410.53,41737.72,9327.19,East,Completed
ORD06936,2025-12-09,CUST0584,P0185,3,0.1,76508.26,54062.35,206572.3,44385.25,North,Pending
ORD03376,2025-12-09,CUST0540,P0082,4,0.0,14583.87,9123.23,58335.48,21842.56,West,Cancelled
ORD01391,2025-12-10,CUST0754,P0153,4,0.2,318.53,240.18,1019.3,58.58,South,Completed
ORD06430,2025-12-10,CUST0128,P0179,1,0.15,12818.17,8758.44,10895.44,2137.0,South,Completed
ORD05461,2025-12-10,CUST0735,P0019,2,0.1,27844.42,18931.51,50119.96,12256.94,West,Completed
ORD07129,2025-12-10,CUST0874,P0034,1,0.1,143.7,100.11,129.33,29.22,North,Completed
ORD02980,2025-12-10,CUST0319,P0086,2,0.1,519.82,398.56,935.68,138.56,West,Completed
ORD06536,2025-12-10,CUST0983,P0161,3,0.0,36827.84,23163.81,110483.52,40992.09,South,Completed
ORD09103,2025-12-10,CUST0869,P0145,1,0.1,360.46,274.8,324.41,49.61,South,Completed
ORD01338,2025-12-10,CUST0495,P0109,1,0.15,17118.52,11998.2,14550.74,2552.54,North,Completed
ORD05528,2025-12-10,CUST0284,P0072,2,0.0,28334.52,18780.23,56669.04,19108.58,West,Completed
ORD08217,2025-12-10,CUST0128,P0039,1,0.0,1717.54,1277.52,1717.54,440.02,South,Pending
ORD07283,2025-12-10,CUST0160,P0092,1,0.1,41737.72,32410.53,37563.95,5153.42,North,Pending
ORD06601,2025-12-10,CUST0557,P0102,1,0.1,4149.23,2427.22,3734.31,1307.09,West,Completed
ORD05365,2025-12-10,CUST0828,P0065,2,0.05,21598.4,14583.7,41036.96,11869.56,North,Cancelled
ORD04754,2025-12-11,CUST0930,P0016,1,0.1,20196.29,11952.43,18176.66,6224.23,West,Completed
ORD09827,2025-12-11,CUST0974,P0019,3,0.1,27844.42,18931.51,75179.93,18385.4,South,Completed
ORD00633,2025-12-11,CUST0942,P0071,1,0.0,35759.59,27998.22,35759.59,7761.37,South,Completed
ORD08962,2025-12-11,CUST0202,P0103,4,0.0,585.19,454.75,2340.76,521.76,West,Completed
ORD06104,2025-12-11,CUST0799,P0017,1,0.1,17284.69,10596.05,15556.22,4960.17,East,Completed
ORD01544,2025-12-11,CUST0843,P0172,1,0.15,53066.45,36105.87,45106.48,9000.61,East,Completed
ORD06162,2025-12-11,CUST0917,P0012,1,0.2,4072.78,2687.49,3258.22,570.73,West,Completed
ORD03202,2025-12-11,CUST0340,P0186,2,0.1,36288.91,28203.52,65320.04,8913.0,West,Completed
ORD00738,2025-12-11,CUST0214,P0041,1,0.05,4003.54,2383.24,3803.36,1420.12,South,Completed
ORD09256,2025-12-11,CUST0557,P0187,2,0.05,184.91,120.68,351.33,109.97,West,Completed
ORD04692,2025-12-11,CUST0797,P0134,1,0.0,34117.69,25387.96,34117.69,8729.73,East,Completed
ORD01863,2025-12-11,CUST0016,P0022,1,0.05,68945.25,50670.94,65497.99,14827.05,West,Completed
ORD02278,2025-12-11,CUST0197,P0046,2,0.1,61902.8,37121.36,111425.04,37182.32,East,Completed
ORD05215,2025-12-11,CUST0838,P0073,5,0.1,15561.42,10813.46,70026.39,15959.09,West,Completed
ORD08163,2025-12-11,CUST0380,P0149,1,0.05,2427.19,1691.68,2305.83,614.15,East,Completed
ORD04747,2025-12-11,CUST0113,P0038,1,0.15,25137.53,20080.78,21366.9,1286.12,West,Completed
ORD00194,2025-12-12,CUST0853,P0102,3,0.1,4149.23,2427.22,11202.92,3921.26,South,Completed
ORD00104,2025-12-12,CUST0275,P0025,2,0.05,49570.32,37427.29,94183.61,19329.03,East,Completed
ORD06100,2025-12-12,CUST0957,P0015,1,0.05,18890.43,14292.88,17945.91,3653.03,North,Completed
ORD05118,2025-12-12,CUST0331,P0141,1,0.0,1748.75,1100.65,1748.75,648.1,West,Completed
ORD05243,2025-12-12,CUST0961,P0027,2,0.05,20926.64,14284.36,39760.62,11191.9,North,Completed
ORD02863,2025-12-12,CUST0573,P0030,4,0.15,23508.75,18216.9,79929.75,7062.15,North,Completed
ORD08081,2025-12-12,CUST0652,P0006,1,0.0,51610.25,30768.51,51610.25,20841.74,North,Cancelled
ORD08270,2025-12-13,CUST0255,P0072,1,0.05,28334.52,18780.23,26917.79,8137.56,South,Completed
ORD03123,2025-12-13,CUST0895,P0114,1,0.05,16683.02,10299.86,15848.87,5549.01,East,Completed
ORD05277,2025-12-13,CUST0918,P0141,3,0.2,1748.75,1100.65,4197.0,895.05,West,Completed
ORD07344,2025-12-13,CUST0104,P0041,3,0.2,4003.54,2383.24,9608.5,2458.78,West,Completed
ORD01031,2025-12-13,CUST0049,P0037,2,0.05,58358.81,45854.58,110881.74,19172.58,North,Completed
ORD06203,2025-12-13,CUST0227,P0066,2,0.05,15521.48,11472.78,29490.81,6545.25,East,Cancelled
ORD03396,2025-12-13,CUST0593,P0175,1,0.1,791.76,614.23,712.58,98.35,East,Completed
ORD01318,2025-12-13,CUST0336,P0050,2,0.0,8890.7,6907.47,17781.4,3966.46,North,Completed
ORD03663,2025-12-13,CUST0713,P0182,1,0.15,15590.28,12172.38,13251.74,1079.36,West,Completed
ORD09280,2025-12-13,CUST0995,P0160,1,0.15,680.29,502.6,578.25,75.65,East,Completed
ORD07994,2025-12-14,CUST0162,P0050,5,0.0,8890.7,6907.47,44453.5,9916.15,West,Completed
ORD02054,2025-12-14,CUST0916,P0138,1,0.05,30903.45,21958.56,29358.28,7399.72,East,Completed
ORD07433,2025-12-14,CUST0028,P0143,2,0.0,56727.96,35563.32,113455.92,42329.28,West,Completed
ORD04514,2025-12-14,CUST0653,P0015,1,0.05,18890.43,14292.88,17945.91,3653.03,West,Completed
ORD02150,2025-12-14,CUST0371,P0120,2,0.15,57866.38,42176.37,98372.85,14020.11,North,Completed
ORD02343,2025-12-14,CUST0716,P0014,2,0.1,18597.52,13817.51,33475.54,5840.52,North,Completed
ORD03429,2025-12-14,CUST0043,P0042,1,0.15,10683.47,6548.45,9080.95,2532.5,East,Completed
ORD03716,2025-12-14,CUST0830,P0173,1,0.0,4259.82,3133.66,4259.82,1126.16,West,Completed
ORD09411,2025-12-14,CUST0461,P0102,1,0.15,4149.23,2427.22,3526.85,1099.63,West,Completed
ORD08874,2025-12-14,CUST0906,P0132,1,0.0,235.21,163.03,235.21,72.18,South,Completed
ORD06229,2025-12-14,CUST0244,P0094,1,0.1,77812.86,47690.34,70031.57,22341.23,East,Completed
ORD05446,2025-12-14,CUST0296,P0016,2,0.1,20196.29,11952.43,36353.32,12448.46,South,Cancelled
ORD07020,2025-12-15,CUST0656,P0043,2,0.15,528.82,390.77,898.99,117.45,North,Completed
ORD02172,2025-12-15,CUST0237,P0058,1,0.0,7347.4,4878.31,7347.4,2469.09,North,Completed
ORD04132,2025-12-15,CUST0573,P0101,2,0.05,51632.3,38843.18,98101.37,20415.01,North,Completed
ORD08741,2025-12-15,CUST0983,P0057,4,0.2,911.67,722.71,2917.34,26.5,South,Completed
ORD05979,2025-12-15,CUST0414,P0095,2,0.0,9513.49,6495.4,19026.98,6036.18,East,Completed
ORD00508,2025-12-15,CUST0237,P0023,2,0.05,29957.89,23747.89,56919.99,9424.21,North,Completed
ORD09532,2025-12-15,CUST0030,P0168,1,0.1,1780.85,1042.33,1602.76,560.43,South,Cancelled
ORD00003,2025-12-15,CUST0701,P0181,1,0.15,8670.4,5624.95,7369.84,1744.89,West,Completed
ORD08147,2025-12-15,CUST0362,P0164,2,0.15,8324.94,6438.05,14152.4,1276.3,West,Completed
ORD00576,2025-12-15,CUST0709,P0113,3,0.05,26426.25,19479.69,75314.81,16875.74,North,Completed
ORD01585,2025-12-16,CUST0534,P0048,5,0.05,1114.29,876.19,5292.88,911.93,West,Completed
ORD09211,2025-12-16,CUST0584,P0011,1,0.0,50761.69,39171.65,50761.69,11590.04,North,Completed
ORD08858,2025-12-16,CUST0109,P0078,1,0.1,66750.32,43644.61,60075.29,16430.68,South,Pending
ORD06171,2025-12-16,CUST0547,P0002,1,0.0,6203.85,4038.58,6203.85,2165.27,South,Completed
ORD03082,2025-12-16,CUST0783,P0038,1,0.15,25137.53,20080.78,21366.9,1286.12,East,Completed
ORD02014,2025-12-16,CUST0910,P0172,1,0.15,53066.45,36105.87,45106.48,9000.61,North,Completed
ORD01331,2025-12-16,CUST0910,P0198,1,0.15,715.13,510.57,607.86,97.29,North,Completed
ORD02597,2025-12-16,CUST0667,P0030,1,0.1,23508.75,18216.9,21157.88,2940.98,South,Completed
ORD08847,2025-12-16,CUST0973,P0080,2,0.05,67342.32,40846.14,127950.41,46258.13,South,Completed
ORD07383,2025-12-16,CUST0125,P0090,2,0.2,446.05,334.33,713.68,45.02,South,Completed
ORD01250,2025-12-16,CUST0007,P0156,2,0.05,44665.09,34536.09,84863.67,15791.49,South,Completed
ORD06724,2025-12-16,CUST0925,P0071,1,0.1,35759.59,27998.22,32183.63,4185.41,South,Completed
ORD01635,2025-12-16,CUST0099,P0050,2,0.0,8890.7,6907.47,17781.4,3966.46,South,Completed
ORD01038,2025-12-17,CUST0218,P0142,3,0.15,4782.08,3282.92,12194.3,2345.54,South,Completed
ORD03713,2025-12-17,CUST0606,P0158,1,0.1,33125.35,22293.09,29812.82,7519.73,South,Completed
ORD08585,2025-12-17,CUST0776,P0193,4,0.1,8422.11,6102.6,30319.6,5909.2,East,Completed
ORD09243,2025-12-17,CUST0420,P0098,2,0.1,15055.62,11767.46,27100.12,3565.2,South,Completed
ORD06825,2025-12-17,CUST0027,P0067,1,0.05,5933.02,4559.02,5636.37,1077.35,South,Completed
ORD01896,2025-12-17,CUST0330,P0018,1,0.1,4596.19,2818.15,4136.57,1318.42,West,Pending
ORD09874,2025-12-17,CUST0558,P0118,3,0.1,36939.5,23012.67,99736.65,30698.64,East,Completed
ORD06056,2025-12-17,CUST0054,P0161,1,0.05,36827.84,23163.81,34986.45,11822.64,East,Completed
ORD01293,2025-12-17,CUST0356,P0079,2,0.1,409.51,310.64,737.12,115.84,West,Cancelled
ORD03647,2025-12-18,CUST0826,P0055,2,0.05,6422.29,4812.56,12202.35,2577.23,West,Completed
ORD09700,2025-12-18,CUST0648,P0035,3,0.0,56932.8,34147.01,170798.4,68357.37,West,Completed
ORD05105,2025-12-18,CUST0488,P0123,3,0.1,77212.89,61788.48,208474.8,23109.36,East,Completed
ORD04594,2025-12-18,CUST0778,P0056,1,0.0,312.97,191.98,312.97,120.99,East,Completed
ORD09246,2025-12-18,CUST0968,P0151,1,0.05,5830.9,4665.5,5539.36,873.86,South,Completed
ORD03484,2025-12-18,CUST0602,P0065,2,0.0,21598.4,14583.7,43196.8,14029.4,South,Completed
ORD05102,2025-12-18,CUST0077,P0006,2,0.1,51610.25,30768.51,92898.45,31361.43,East,Completed
ORD06690,2025-12-18,CUST0462,P0013,1,0.05,8923.66,6594.73,8477.48,1882.75,North,Completed
ORD00348,2025-12-18,CUST0811,P0117,2,0.05,62915.52,50890.59,119539.49,17758.31,South,Completed
ORD07376,2025-12-19,CUST0817,P0153,1,0.05,318.53,240.18,302.6,62.42,West,Completed
ORD06389,2025-12-19,CUST0690,P0135,3,0.2,644.55,462.91,1546.92,158.19,North,Completed
ORD08846,2025-12-19,CUST0213,P0111,3,0.1,32818.12,23699.05,88608.92,17511.77,North,Pending
ORD03435,2025-12-19,CUST0130,P0166,1,0.1,47059.67,34982.34,42353.7,7371.36,North,Completed
ORD03254,2025-12-19,CUST0504,P0014,2,0.1,18597.52,13817.51,33475.54,5840.52,South,Pending
ORD00119,2025-12-19,CUST0005,P0155,3,0.0,9808.49,7104.6,29425.47,8111.67,East,Completed
ORD04627,2025-12-19,CUST0805,P0024,2,0.15,792.84,470.21,1347.83,407.41,West,Pending
ORD00846,2025-12-19,CUST0117,P0193,2,0.15,8422.11,6102.6,14317.59,2112.39,South,Completed
ORD01738,2025-12-19,CUST0304,P0050,1,0.05,8890.7,6907.47,8446.17,1538.7,West,Completed
ORD05766,2025-12-19,CUST0543,P0060,1,0.0,32036.99,25220.68,32036.99,6816.31,East,Completed
ORD04261,2025-12-19,CUST0282,P0028,3,0.15,1126.53,825.36,2872.65,396.57,West,Completed
ORD05802,2025-12-19,CUST0899,P0141,1,0.1,1748.75,1100.65,1573.88,473.23,South,Completed
ORD02884,2025-12-19,CUST0455,P0150,1,0.0,53462.03,36715.83,53462.03,16746.2,North,Completed
ORD09765,2025-12-19,CUST0290,P0025,2,0.05,49570.32,37427.29,94183.61,19329.03,North,Completed
ORD08617,2025-12-20,CUST0004,P0010,3,0.05,16072.59,10816.67,45806.88,13356.87,West,Completed
ORD02585,2025-12-20,CUST0382,P0112,1,0.15,20043.19,13117.75,17036.71,3918.96,North,Completed
ORD05796,2025-12-20,CUST0761,P0197,3,0.1,15133.72,11886.63,40861.04,5201.15,North,Pending
ORD01967,2025-12-20,CUST0765,P0189,3,0.15,38312.77,25713.12,97697.56,20558.2,South,Completed
ORD09985,2025-12-20,CUST0177,P0126,2,0.05,41856.24,33581.85,79526.86,12363.16,South,Completed
ORD09432,2025-12-20,CUST0141,P0047,5,0.15,1004.63,793.19,4269.68,303.73,East,Completed
ORD07603,2025-12-20,CUST0166,P0010,2,0.15,16072.59,10816.67,27323.4,5690.06,North,Completed
ORD04345,2025-12-21,CUST0728,P0172,4,0.05,53066.45,36105.87,201652.51,57229.03,West,Pending
ORD09177,2025-12-21,CUST0634,P0067,2,0.1,5933.02,4559.02,10679.44,1561.4,West,Completed
ORD01173,2025-12-21,CUST0506,P0106,3,0.1,526.46,370.01,1421.44,311.41,North,Completed
ORD00696,2025-12-21,CUST0620,P0089,1,0.1,74892.61,50603.0,67403.35,16800.35,North,Completed
ORD08336,2025-12-21,CUST0118,P0063,1,0.0,12786.65,8472.2,12786.65,4314.45,North,Completed
ORD02432,2025-12-21,CUST0161,P0027,2,0.05,20926.64,14284.36,39760.62,11191.9,North,Completed
ORD04462,2025-12-21,CUST0625,P0041,2,0.0,4003.54,2383.24,8007.08,3240.6,West,Completed
ORD08414,2025-12-21,CUST0536,P0157,1,0.1,1290.11,764.14,1161.1,396.96,East,Completed
ORD07221,2025-12-21,CUST0222,P0035,2,0.1,56932.8,34147.01,102479.04,34185.02,South,Completed
ORD09090,2025-12-21,CUST0010,P0016,1,0.05,20196.29,11952.43,19186.48,7234.05,West,Completed
ORD09373,2025-12-21,CUST0591,P0011,3,0.0,50761.69,39171.65,152285.07,34770.12,South,Completed
ORD06850,2025-12-21,CUST0502,P0135,4,0.1,644.55,462.91,2320.38,468.74,South,Completed
ORD05886,2025-12-21,CUST0778,P0114,2,0.1,16683.02,10299.86,30029.44,9429.72,East,Completed
ORD01106,2025-12-21,CUST0804,P0172,1,0.1,53066.45,36105.87,47759.8,11653.93,North,Completed
ORD06002,2025-12-21,CUST0093,P0127,3,0.2,37425.34,27064.21,89820.82,8628.19,East,Completed
ORD03173,2025-12-22,CUST0431,P0134,1,0.0,34117.69,25387.96,34117.69,8729.73,South,Completed
ORD06680,2025-12-22,CUST0015,P0167,1,0.05,7469.0,4701.25,7095.55,2394.3,West,Completed
ORD00101,2025-12-22,CUST0210,P0146,2,0.15,11482.27,8693.26,19519.86,2133.34,East,Completed
ORD04588,2025-12-22,CUST0171,P0020,1,0.05,14020.39,10682.55,13319.37,2636.82,South,Completed
ORD05564,2025-12-22,CUST0647,P0047,1,0.0,1004.63,793.19,1004.63,211.44,East,Completed
ORD01400,2025-12-22,CUST0626,P0172,2,0.05,53066.45,36105.87,100826.25,28614.51,South,Completed
ORD07995,2025-12-22,CUST0554,P0183,1,0.05,66902.29,49511.88,63557.18,14045.3,North,Cancelled
ORD06584,2025-12-22,CUST0409,P0190,2,0.1,2296.71,1653.27,4134.08,827.54,East,Completed
ORD07945,2025-12-22,CUST0443,P0090,1,0.05,446.05,334.33,423.75,89.42,South,Completed
ORD04527,2025-12-22,CUST0242,P0026,3,0.0,53440.86,40308.66,160322.58,39396.6,West,Completed
ORD02115,2025-12-22,CUST0483,P0171,3,0.1,39010.06,29472.11,105327.16,16910.83,North,Completed
ORD00500,2025-12-23,CUST0943,P0113,2,0.15,26426.25,19479.69,44924.62,5965.24,East,Completed
ORD07151,2025-12-23,CUST0524,P0021,2,0.0,6878.25,5112.71,13756.5,3531.08,East,Completed
ORD02985,2025-12-23,CUST0703,P0151,2,0.1,5830.9,4665.5,10495.62,1164.62,North,Completed
ORD01414,2025-12-23,CUST0313,P0163,4,0.1,3768.33,3060.43,13565.99,1324.27,North,Completed
ORD07299,2025-12-23,CUST0221,P0120,1,0.0,57866.38,42176.37,57866.38,15690.01,West,Completed
ORD09471,2025-12-23,CUST0998,P0087,1,0.1,11879.48,8267.83,10691.53,2423.7,South,Completed
ORD07064,2025-12-23,CUST0269,P0130,1,0.05,58219.77,46803.43,55308.78,8505.35,East,Completed
ORD06324,2025-12-23,CUST0137,P0173,1,0.05,4259.82,3133.66,4046.83,913.17,East,Completed
ORD00671,2025-12-23,CUST0409,P0125,2,0.15,3155.85,2083.96,5364.94,1197.02,East,Completed
ORD08834,2025-12-23,CUST0209,P0119,2,0.15,11965.18,9132.35,20340.81,2076.11,West,Completed
ORD07452,2025-12-23,CUST0234,P0186,3,0.1,36288.91,28203.52,97980.06,13369.5,South,Completed
ORD05244,2025-12-23,CUST0420,P0060,2,0.0,32036.99,25220.68,64073.98,13632.62,South,Completed
ORD04459,2025-12-24,CUST0795,P0030,2,0.0,23508.75,18216.9,47017.5,10583.7,North,Completed
ORD04720,2025-12-24,CUST0992,P0157,1,0.05,1290.11,764.14,1225.6,461.46,East,Completed
ORD07253,2025-12-24,CUST0261,P0115,1,0.1,9526.21,7338.52,8573.59,1235.07,North,Completed
ORD00405,2025-12-24,CUST0420,P0157,1,0.0,1290.11,764.14,1290.11,525.97,South,Completed
ORD02437,2025-12-24,CUST0976,P0011,1,0.0,50761.69,39171.65,50761.69,11590.04,East,Completed
ORD01201,2025-12-24,CUST0982,P0177,2,0.0,783.92,493.62,1567.84,580.6,East,Completed
ORD00131,2025-12-24,CUST0250,P0130,1,0.15,58219.77,46803.43,49486.8,2683.37,North,Completed
ORD01821,2025-12-24,CUST0928,P0059,1,0.0,1247.06,804.27,1247.06,442.79,North,Completed
ORD00480,2025-12-24,CUST0071,P0176,3,0.0,9388.62,6512.18,28165.86,8629.32,West,Completed
ORD00869,2025-12-24,CUST0396,P0114,3,0.0,16683.02,10299.86,50049.06,19149.48,West,Completed
ORD03921,2025-12-24,CUST0373,P0031,2,0.1,12553.48,9544.5,22596.26,3507.26,North,Completed
ORD03807,2025-12-24,CUST0763,P0159,2,0.0,54205.42,36083.24,108410.84,36244.36,South,Completed
ORD08675,2025-12-25,CUST0870,P0085,1,0.05,73872.61,56554.21,70178.98,13624.77,West,Completed
ORD02793,2025-12-25,CUST0537,P0003,2,0.0,15581.84,9713.54,31163.68,11736.6,West,Completed
ORD08214,2025-12-25,CUST0120,P0146,1,0.0,11482.27,8693.26,11482.27,2789.01,North,Completed
ORD04911,2025-12-25,CUST0496,P0055,1,0.05,6422.29,4812.56,6101.18,1288.62,North,Completed
ORD08735,2025-12-25,CUST0156,P0085,1,0.05,73872.61,56554.21,70178.98,13624.77,West,Completed
ORD02454,2025-12-25,CUST0653,P0049,1,0.0,56396.41,44202.58,56396.41,12193.83,West,Completed
ORD05121,2025-12-25,CUST0828,P0046,1,0.05,61902.8,37121.36,58807.66,21686.3,North,Completed
ORD08379,2025-12-25,CUST0612,P0110,3,0.15,30098.59,20298.4,76751.4,15856.2,South,Completed
ORD02050,2025-12-25,CUST0508,P0056,1,0.0,312.97,191.98,312.97,120.99,West,Completed
ORD02756,2025-12-25,CUST0204,P0160,1,0.2,680.29,502.6,544.23,41.63,North,Completed
ORD02303,2025-12-25,CUST0115,P0191,2,0.0,8442.75,6441.23,16885.5,4003.04,North,Completed
ORD08765,2025-12-25,CUST0375,P0084,3,0.15,52737.3,39276.81,134480.12,16649.69,North,Completed
ORD06654,2025-12-25,CUST0115,P0080,3,0.15,67342.32,40846.14,171722.92,49184.5,North,Completed
ORD07024,2025-12-25,CUST0035,P0137,4,0.05,3327.18,2091.19,12643.28,4278.52,West,Completed
ORD06554,2025-12-25,CUST0875,P0079,1,0.0,409.51,310.64,409.51,98.87,South,Completed
ORD06175,2025-12-25,CUST0739,P0131,1,0.1,896.08,597.69,806.47,208.78,North,Completed
ORD03861,2025-12-25,CUST0126,P0069,3,0.05,196.15,126.8,559.03,178.63,West,Completed
ORD05925,2025-12-25,CUST0637,P0032,2,0.1,39614.35,24714.41,71305.83,21877.01,North,Completed
ORD04670,2025-12-25,CUST0147,P0103,1,0.0,585.19,454.75,585.19,130.44,East,Completed
ORD05370,2025-12-25,CUST0031,P0023,4,0.1,29957.89,23747.89,107848.4,12856.84,South,Completed
ORD06811,2025-12-25,CUST0143,P0067,2,0.2,5933.02,4559.02,9492.83,374.79,West,Completed
ORD04078,2025-12-25,CUST0482,P0017,2,0.2,17284.69,10596.05,27655.5,6463.4,East,Completed
ORD00408,2025-12-25,CUST0820,P0120,2,0.1,57866.38,42176.37,104159.48,19806.74,West,Completed
ORD05779,2025-12-25,CUST0361,P0185,4,0.05,76508.26,54062.35,290731.39,74481.99,East,Completed
ORD00014,2025-12-26,CUST0242,P0039,1,0.05,1717.54,1277.52,1631.66,354.14,West,Completed
ORD01533,2025-12-26,CUST0264,P0048,1,0.1,1114.29,876.19,1002.86,126.67,North,Completed
ORD00360,2025-12-26,CUST0539,P0187,2,0.15,184.91,120.68,314.35,72.99,East,Completed
ORD00283,2025-12-26,CUST0309,P0055,1,0.05,6422.29,4812.56,6101.18,1288.62,South,Completed
ORD03616,2025-12-26,CUST0667,P0147,2,0.05,22737.01,13458.16,43200.32,16284.0,South,Completed
ORD09320,2025-12-26,CUST0442,P0036,3,0.1,1008.83,797.09,2723.84,332.57,South,Completed
ORD09998,2025-12-26,CUST0457,P0165,1,0.05,728.57,514.38,692.14,177.76,North,Completed
ORD09939,2025-12-26,CUST0709,P0038,2,0.05,25137.53,20080.78,47761.31,7599.75,North,Completed
ORD08087,2025-12-26,CUST0993,P0093,4,0.1,10189.0,5911.08,36680.4,13036.08,South,Completed
ORD04783,2025-12-26,CUST0799,P0138,1,0.2,30903.45,21958.56,24722.76,2764.2,East,Completed
ORD07190,2025-12-26,CUST0832,P0083,3,0.05,374.27,289.15,1066.67,199.22,South,Completed
ORD07176,2025-12-26,CUST0520,P0126,1,0.1,41856.24,33581.85,37670.62,4088.77,East,Completed
ORD09388,2025-12-27,CUST0244,P0134,3,0.0,34117.69,25387.96,102353.07,26189.19,East,Completed
ORD09252,2025-12-27,CUST0301,P0002,3,0.1,6203.85,4038.58,16750.4,4634.66,North,Completed
ORD00938,2025-12-27,CUST0189,P0189,1,0.1,38312.77,25713.12,34481.49,8768.37,North,Completed
ORD07214,2025-12-27,CUST0632,P0131,1,0.05,896.08,597.69,851.28,253.59,South,Pending
ORD07459,2025-12-27,CUST0621,P0146,1,0.1,11482.27,8693.26,10334.04,1640.78,West,Completed
ORD07835,2025-12-27,CUST0413,P0133,1,0.05,30154.78,21233.5,28647.04,7413.54,South,Completed
ORD08623,2025-12-27,CUST0534,P0139,1,0.1,26827.4,18117.75,24144.66,6026.91,West,Completed
ORD03864,2025-12-27,CUST0511,P0107,2,0.2,72638.94,50890.24,116222.3,14441.82,West,Completed
ORD00444,2025-12-27,CUST0085,P0054,1,0.2,34828.61,21081.63,27862.89,6781.26,South,Completed
ORD09273,2025-12-27,CUST0644,P0080,4,0.1,67342.32,40846.14,242432.35,79047.79,North,Cancelled
ORD01043,2025-12-27,CUST0255,P0162,1,0.0,46811.03,27452.25,46811.03,19358.78,South,Completed
ORD02902,2025-12-27,CUST0052,P0127,2,0.0,37425.34,27064.21,74850.68,20722.26,West,Completed
ORD03098,2025-12-27,CUST0514,P0149,1,0.0,2427.19,1691.68,2427.19,735.51,East,Completed
ORD05744,2025-12-27,CUST0440,P0187,2,0.05,184.91,120.68,351.33,109.97,East,Completed
ORD07357,2025-12-27,CUST0309,P0019,2,0.1,27844.42,18931.51,50119.96,12256.94,South,Completed
ORD01550,2025-12-27,CUST0923,P0142,4,0.1,4782.08,3282.92,17215.49,4083.81,South,Completed
ORD02866,2025-12-27,CUST0615,P0156,2,0.05,44665.09,34536.09,84863.67,15791.49,West,Completed
ORD03129,2025-12-27,CUST0286,P0046,2,0.0,61902.8,37121.36,123805.6,49562.88,South,Completed
ORD02804,2025-12-27,CUST0792,P0165,4,0.15,728.57,514.38,2477.14,419.62,East,Completed
ORD01856,2025-12-28,CUST0758,P0159,3,0.0,54205.42,36083.24,162616.26,54366.54,West,Completed
ORD08200,2025-12-28,CUST0550,P0079,5,0.0,409.51,310.64,2047.55,494.35,South,Completed
ORD04711,2025-12-28,CUST0699,P0106,2,0.0,526.46,370.01,1052.92,312.9,North,Completed
ORD04249,2025-12-28,CUST0711,P0031,2,0.05,12553.48,9544.5,23851.61,4762.61,East,Completed
ORD00226,2025-12-28,CUST0756,P0077,1,0.15,50047.7,37709.36,42540.54,4831.18,North,Completed
ORD09037,2025-12-28,CUST0397,P0082,2,0.0,14583.87,9123.23,29167.74,10921.28,East,Completed
ORD00913,2025-12-28,CUST0688,P0104,5,0.1,22437.82,18159.1,100970.19,10174.69,West,Completed
ORD09926,2025-12-28,CUST0926,P0139,4,0.15,26827.4,18117.75,91213.16,18742.16,West,Completed
ORD00873,2025-12-28,CUST0557,P0013,1,0.05,8923.66,6594.73,8477.48,1882.75,West,Completed
ORD03248,2025-12-28,CUST0700,P0066,3,0.05,15521.48,11472.78,44236.22,9817.88,West,Completed
ORD08736,2025-12-28,CUST0002,P0009,1,0.05,724.93,490.11,688.68,198.57,West,Completed
ORD03191,2025-12-29,CUST0743,P0081,1,0.15,11112.68,6733.47,9445.78,2712.31,North,Completed
ORD04871,2025-12-29,CUST0472,P0046,1,0.1,61902.8,37121.36,55712.52,18591.16,North,Completed
ORD05330,2025-12-29,CUST0515,P0154,2,0.0,693.93,462.98,1387.86,461.9,West,Completed
ORD03142,2025-12-29,CUST0208,P0048,5,0.05,1114.29,876.19,5292.88,911.93,South,Completed
ORD04660,2025-12-29,CUST0600,P0130,4,0.15,58219.77,46803.43,197947.22,10733.5,East,Completed
ORD07988,2025-12-29,CUST0770,P0098,2,0.0,15055.62,11767.46,30111.24,6576.32,North,Cancelled
ORD08482,2025-12-29,CUST0088,P0044,1,0.15,59463.82,38619.72,50544.25,11924.53,West,Completed
ORD06978,2025-12-29,CUST0851,P0092,1,0.15,41737.72,32410.53,35477.06,3066.53,West,Completed
ORD09494,2025-12-29,CUST0108,P0070,1,0.05,56679.56,41863.05,53845.58,11982.53,South,Completed
ORD09288,2025-12-29,CUST0932,P0154,2,0.1,693.93,462.98,1249.07,323.11,East,Completed
ORD02947,2025-12-29,CUST0632,P0067,2,0.05,5933.02,4559.02,11272.74,2154.7,South,Completed
ORD06278,2025-12-29,CUST0785,P0176,1,0.0,9388.62,6512.18,9388.62,2876.44,East,Completed
ORD02149,2025-12-29,CUST0633,P0103,3,0.1,585.19,454.75,1580.01,215.76,West,Completed
ORD05507,2025-12-29,CUST0543,P0142,2,0.05,4782.08,3282.92,9085.95,2520.11,East,Completed
ORD02787,2025-12-29,CUST0676,P0171,1,0.15,39010.06,29472.11,33158.55,3686.44,South,Completed
ORD00941,2025-12-29,CUST0314,P0077,1,0.1,50047.7,37709.36,45042.93,7333.57,East,Completed
ORD01487,2025-12-30,CUST0162,P0186,3,0.15,36288.91,28203.52,92536.72,7926.16,West,Pending
ORD01699,2025-12-30,CUST0944,P0036,3,0.0,1008.83,797.09,3026.49,635.22,East,Completed
ORD08877,2025-12-30,CUST0653,P0168,3,0.05,1780.85,1042.33,5075.42,1948.43,West,Pending
ORD08408,2025-12-30,CUST0935,P0110,3,0.0,30098.59,20298.4,90295.77,29400.57,North,Completed
ORD04662,2025-12-30,CUST0541,P0159,1,0.05,54205.42,36083.24,51495.15,15411.91,South,Completed
ORD04885,2025-12-30,CUST0544,P0013,4,0.1,8923.66,6594.73,32125.18,5746.26,East,Completed
ORD07274,2025-12-30,CUST0419,P0167,1,0.1,7469.0,4701.25,6722.1,2020.85,North,Completed
ORD02433,2025-12-30,CUST0687,P0031,1,0.05,12553.48,9544.5,11925.81,2381.31,East,Completed
ORD03205,2025-12-30,CUST0356,P0056,1,0.15,312.97,191.98,266.02,74.04,West,Completed
ORD08713,2025-12-30,CUST0596,P0114,1,0.1,16683.02,10299.86,15014.72,4714.86,South,Cancelled
ORD09330,2025-12-30,CUST0705,P0113,1,0.05,26426.25,19479.69,25104.94,5625.25,West,Completed
ORD02674,2025-12-30,CUST0791,P0187,4,0.05,184.91,120.68,702.66,219.94,East,Completed
ORD03649,2025-12-30,CUST0088,P0050,4,0.0,8890.7,6907.47,35562.8,7932.92,West,Completed
ORD08542,2025-12-30,CUST0930,P0054,2,0.0,34828.61,21081.63,69657.22,27493.96,West,Pending
ORD00745,2025-12-31,CUST0093,P0162,1,0.2,46811.03,27452.25,37448.82,9996.57,East,Completed
ORD06307,2025-12-31,CUST0092,P0164,1,0.0,8324.94,6438.05,8324.94,1886.89,West,Completed
ORD09994,2025-12-31,CUST0450,P0094,2,0.1,77812.86,47690.34,140063.15,44682.47,South,Completed
ORD06766,2025-12-31,CUST0533,P0040,4,0.0,568.55,361.32,2274.2,828.92,East,Completed
ORD04770,2025-12-31,CUST0289,P0158,2,0.05,33125.35,22293.09,62938.16,18351.98,West,Completed
ORD00463,2025-12-31,CUST0306,P0071,1,0.05,35759.59,27998.22,33971.61,5973.39,East,Completed
ORD09907,2025-12-31,CUST0184,P0188,1,0.15,5272.37,3130.49,4481.51,1351.02,West,Completed
ORD03668,2025-12-31,CUST0084,P0189,4,0.0,38312.77,25713.12,153251.08,50398.6,West,Completed
ORD00091,2025-12-31,CUST0218,P0037,2,0.15,58358.81,45854.58,99209.98,7500.82,South,Completed
ORD00122,2025-12-31,CUST0182,P0128,2,0.15,7160.91,4568.96,12173.55,3035.63,North,Completed
ORD05002,2025-12-31,CUST0722,P0052,1,0.1,7440.54,4865.29,6696.49,1831.2,North,Completed
ORD05204,2025-12-31,CUST0188,P0048,1,0.05,1114.29,876.19,1058.58,182.39,East,Completed
ORD02550,2025-12-31,CUST0023,P0125,2,0.1,3155.85,2083.96,5680.53,1512.61,South,Completed
ORD00067,2025-12-31,CUST0929,P0157,3,0.1,1290.11,764.14,3483.3,1190.88,South,Completed
